index,source_en,predicted_hi,reference_hi,chrf_score,category,pred_len,ref_len,len_diff
0,a black box in your car?,अपनी कार में एक ब्लैक बॉक्स?,आपकी कार में ब्लैक बॉक्स?,69.25,Good,6,5,1
1,"as americas road planners struggle to find the cash to mend a crumbling highway system, many are beginning to see a solution in a little black box that fits neatly by the dashboard of your car.","जैसे एमरिका सड़क योजनार एक ढही सड़क व्यवस्था को सुधारने के लिए नकदी को खोजने का संघर्ष करते हैं, अनेक लोग एक छोटे से काले बॉक्स में एक समाधान देखने लगे हैं जो आपकी कार के पुल से ठीक बैठता है.","जबकि अमेरिका के सड़क योजनाकार, ध्वस्त होते हुए हाईवे सिस्टम को सुधारने के लिए धन की कमी से जूझ रहे हैं, वहीं बहुतसे लोग इसका समाधान छोटे से ब्लैक बॉक्स में देख रहे हैं, जो आपकी कार के डैशबोर्ड पर सफ़ाई से फिट हो जाता है।",35.97,Medium,41,46,5
2,"the devices, which track every mile a motorist drives and transmit that information to bureaucrats, are at the center of a controversial attempt in washington and state planning offices to overhaul the outdated system for funding americas major roads.","ये उपकरण, जो हर मील एक मोटर - चालक ड्राइव को ट्रैक करते हैं और ऐसी जानकारी देते हैं, जो बिस्चियों को जानकारी देने के लिए एक विवादपूर्ण प्रयास के केंद्र पर हैं और राज्य कार्यालयों से अधिक धन - दौलत कमाने के लिए भौतिक व्यवस्था का निर्माण करते हैं ।","यह डिवाइस, जो मोटरचालक द्वारा वाहन चलाए गए प्रत्येक मील को ट्रैक करती है तथा उस सूचना को अधिकारियों को संचारित करती है, आजकल अमेरिका की प्रमुख सड़कों का वित्तपोषण करने के लिए पुराने हो चुके सिस्टम का जीर्णोद्धार करने के लिए वाशिंगटन और राज्य नियोजन कार्यालय के लिए एक विवादास्पद प्रयास का मुद्दा बन चुका है।",31.01,Medium,51,57,6
3,the usually dull arena of highway planning has suddenly spawned intense debate and colorful alliances.,आम तौर पर सड़क योजना के ठंडे रंग के अखाड़े में अचानक बहस और रंग - बिरंगी ब्याहों की वजह से बहस छिड़ जाती है ।,आम तौर पर हाईवे नियोजन जैसा उबाऊ काम भी अचानक गहन बहस तथा जीवंत गठबंधनों का मुद्दा बन गया है।,22.66,Medium,26,20,6
4,"libertarians have joined environmental groups in lobbying to allow government to use the little boxes to keep track of the miles you drive, and possibly where you drive them then use the information to draw up a tax bill.","वी. का इस्तेमाल करते हैं ताकि आप अपने गाड़ी से मीलों दूर रहें, और संभवतः जहाँ आप उन्हें जाते हैं वहाँ जानकारी का प्रयोग करें ताकि वे कर के बिल खींच सकें ।","आपने द्वारा ड्राइव किए गए मील, तथा संभवतः ड्राइव किए गए स्थान का विवरण रखने और फिर इस सूचना का उपयोग टैक्स बिल तैयार करने के लिए सरकार को इन ब्लैक बॉक्स का उपयोग करने की अनुमति देने के पक्ष में समर्थन जुटाने के लिए लिबरेटेरियन पर्यावरणीय समूहों के साथ मिल गए हैं।",14.71,Bad,33,53,20
5,the tea party is aghast.,चाय पार्टी कम हो गई है.,चाय पार्टी भौचक्की है।,42.8,Medium,6,4,2
6,"the american civil liberties union is deeply concerned, too, raising a variety of privacy issues.",एक व्यक्‍ति को समाज की आज़ादी की बहुत फिक्र रहती है और वह अलग - अलग निजी विषयों पर अलग - अलग राय रखता है ।,अमेरिकी नागरिक स्वतंत्रता संघ भी विभिन्न प्रकार के गोपनीयता मुद्दे उठाते हुए बहुत चिंतित है।,14.28,Bad,26,15,11
7,"and while congress cant agree on whether to proceed, several states are not waiting.","और जबकि सम्मेलन आगे बढ़ने पर सहमत हो सकते हैं, अनेक राष्ट्र इंतज़ार नहीं कर रहे हैं ।","जबकि कांग्रेस इस बात पर सहमत नहीं हो सकी कि आगे की कार्यवाही करनी है या नहीं, बहुत से राज्य प्रतीक्षा नहीं कर रहे।",24.26,Medium,18,24,6
8,"they are exploring how, over the next decade, they can move to a system in which drivers pay per mile of road they roll over.","वे कल्पना कर रहे हैं कि अगले दशक में, वे एक ऐसी व्यवस्था में जा सकते हैं जिसमें ड्राइवर हर मील की दूरी पर गाड़ी चलाते हैं ।","वे यह खोज कर रहे हैं कि अगले दशक में वे किस तरह से ऐसी प्रणाली में जा सकते हैं, जिसमें चालक सड़क पर तय किए गए प्रत्येक मील के लिए भुगतान करे।",39.19,Medium,28,33,5
9,"thousands of motorists have already taken the black boxes, some of which have gps monitoring, for a test drive.","हज़ारों मोटर - चालकों ने पहले ही ब्लैक बक्से ले लिए हैं, जिनमें से कुछ के लिए gseps है, एक परीक्षण ड्राइव के लिए.","हजारों मोटरचालकों ने टेस्ट ड्राइव के लिए पहले ही ब्लैक बॉक्स ले लिया है, जिसमें से कुछ में जी.पी.एस. मॉनीटरिंग है।",45.79,Medium,24,21,3
10,this really is a must for our nation.,यह वास्तव में हमारी जाति के लिए एक होना चाहिए.,यह हमारे देश के लिए वास्तव में अनिवार्य वस्तु है।,31.75,Medium,10,10,0
11,"it is not a matter of something we might choose to do, said hasan ikhrata, executive director of the southern california assn. of governments, which is planning for the state to start tracking miles driven by every california motorist by 2025.","यह ऐसी बात नहीं है जिसे हम चाहें, उसने कहा है कि वह है मिक्लिया के एक अधिकारी, जो कि दक्षिणी कैर्निया के अधिकारी हैं ।","यह हमारे द्वारा चुने या नहीं चुने जाने का विषय नहीं है यह कहना है हसन इखराता का जो दक्षिण कैलीफोर्निया सरकार संघ के कार्यकारी निदेशक हैं, जो वर्ष तक कैलीफोर्निया में मोटरचालकों द्वारा तय किए गए प्रत्येक मील को ट्रैक करने की शुरुआत करने की योजना बना रहा है।",15.64,Bad,26,50,24
12,there is going to be a change in how we pay these taxes.,हम इन कर का भुगतान कैसे करने के लिए एक परिवर्तन होने जा रहा है.,हमारे द्वारा कर भुगतान किए जाने के तरीके में परिवर्तन होने जा रहा है।,47.23,Medium,15,14,1
13,the technology is there to do it.,प्रौद्योगिकी यह करने के लिए है.,ऐसा करने के लिए प्रौद्योगिकी है।,67.07,Good,6,6,0
14,"the push comes as the countrys highway trust fund, financed with taxes americans pay at the gas pump, is broke.","जब देश के लोग सड़क पर भरोसा रखने के लिए जमा होते हैं, तो गैस पंप पर कर अदा करने के लिए पैसे खर्च किए जाते हैं ।","ऐसा होने का मुख्य कारण यह है कि देश का हाईवे ट्रस्ट फ़ंड लगभग दिवालिया हो गया है, जिसका वित्तपोषण अमेरिकी नागरिकों द्वारा गैस पम्प पर किए जाने वाले करों के भुगतान से होता है।",16.25,Bad,28,35,7
15,americans dont buy as much gas as they used to.,अमिकन उतना गैस नहीं खरीदते जितना वे इस्तेमाल करते थे।,अमेरिकी लोग अब पहले जितनी गैस नहीं खरीदते।,42.52,Medium,10,8,2
16,cars get many more miles to the gallon.,कारों को गैलन के लिए कई और मील मिलता है.,अब एक गैलन गैस में कार पहले से अधिक मील चलती है।,17.99,Bad,10,12,2
17,"the federal tax itself, 18.4 cents per gallon, hasnt gone up in 20 years.","संघीय कर खुद, 18.4 सेंट प्रति गैलन, 20 साल में चला गया है.","फेडरल टैक्स में पिछले वर्षों में कोई बढ़ोतरी नहीं हुई, जो . सेंट प्रति गैलन है।",23.33,Medium,13,16,3
18,politicians are loath to raise the tax even one penny when gas prices are high.,"जब गैस के दाम बहुत ऊँचे होते हैं, तब भी कर को बढ़ाने के लिए नेताओं को रखा जाता है ।",गैस के उच्च मूल्य होने के कारण राजनेता टैक्स में एक पैसा भी वृद्धि करने से परहेज करते हैं।,18.98,Bad,21,19,2
19,"the gas tax is just not sustainable, said lee munnich, a transportation policy expert at the university of minnesota.","गैस कर सिर्फ बिजली नहीं है, बल्कि यह भी कहा जा सकता है कि लेन्‍ना की विश्‍वविद्यालय में एक यातायात नीति विशेषज्ञ है ।","मिनेसोटा विश्वविद्यालय में परिवहन नीति विशेषज्ञ ली मुनिख कहते हैं, गैस कर बिल्कुल संवहनीय नहीं है।",39.71,Medium,24,16,8
20,his state recently put tracking devices on 500 cars to test out a paybymile system.,हाल ही में उसकी राज्य ने 500 कारों पर ट्रैकिंग उपकरणों को एक भुगतान प्रणाली की जाँच करने के लिए रखा है।,उनके राज्य ने प्रतिमील भुगतान प्रणाली का परीक्षण करने के लिए हाल ही में कारों में ट्रैकिंग डिवाइस लगाई है।,47.16,Medium,22,20,2
21,"this works out as the most logical alternative over the long term, he said.","यह लंबे समय के ऊपर सबसे तर्कसंगत विकल्प के रूप में काम करता है, उन्होंने कहा.","वे कहते हैं, दीर्घकाल में यह सबसे अधिक तर्कपूर्ण विकल्प के रूप में काम करेगा।",39.89,Medium,16,15,1
22,wonks call it a mileagebased user fee.,खेल जीते इसे एक मील की दूरी पर उपयोक्ता कैश कहते हैं.,वॉन्क्स इसे माइलेजआधारित उपयोगकर्ता शुल्क कहते हैं।,23.9,Medium,12,7,5
23,"it is no surprise that the idea appeals to urban liberals, as the taxes could be rigged to change driving patterns in ways that could help reduce congestion and greenhouse gases, for example.","यह कोई आश्‍चर्य की बात नहीं कि यह विचार शहरी उदारियों को आकर्षक लगता है, क्योंकि करों को ऐसे तरीक़ों से बदलने के लिए सख़्त किया जा सकता है जो प्रदूषण और ग्रीनहाउस गैसों को कम करने में मदद कर सकते हैं ।","यह आश्चर्य की बात नहीं है कि यह विचार शहरी उदारवादियों को अच्छा लग रहा है, क्योंकि इससे, उदाहरण के लिए कार चलाने के तौरतरीके में परिवर्तन करने के लिए करों में बदलाव किया जा सकता है, जो जाम कम करने तथा ग्रीनहाउस गैस कम करने में सहायता कर सकता है।",44.73,Medium,43,51,8
24,california planners are looking to the system as they devise strategies to meet the goals laid out in the states ambitious global warming laws.,वे इस बात की कल्पना कर रहे हैं कि दुनिया - भर में होनेवाले बढ़ते तापमान के नियमों को पूरा करने के लिए क्या - क्या लक्ष्य रखे जा रहे हैं ।,कैलीफोर्निया के योजनाकार इस सिस्टम के लिए उत्सुक हैं जबकि वे राज्य के महात्वाकांक्षी ग्लोबल वार्मिंग कानूनों में निर्धारित लक्ष्य पूर्ण करने के लिए रणनीतियाँ विकसित कर रहे हैं।,24.56,Medium,32,29,3
25,"but rep. bill shuster rpa., chairman of the house transportation committee, has said he, too, sees it as the most viable longterm alternative.",उन्होंने कहा है कि घर की परिवहन समिति के अध्यक्ष ने भी कहा है कि यह सबसे लंबे समय तक व्यवहारात्मक विकल्प के रूप में देखा है।,"लेकिन गृह परिवहन समिति के अध्यक्ष, रिप. बिल शुस्टर आ.पी.ए. भी ब्लैक बॉक्स को सबसे व्यवहार्य दीर्घकालिक विकल्प मानते हैं।",35.64,Medium,27,20,7
26,the free marketeers at the reason foundation are also fond of having drivers pay per mile.,कारण से मुक्‍त बाज़ारी ड्राइवरों को प्रति मील का भुगतान करने के लिए भी ख़ुशी होती है ।,रीजन फ़ाउंडेशन में स्वतंत्र विक्रेता भी चालक द्वारा प्रति मील भुगतान के पक्ष में हैं।,25.7,Medium,18,15,3
27,"this is not just a tax going into a black hole, said adrian moore, vice president of policy at reason.","यह सिर्फ एक कर कील में जा रहा नहीं है, एक ब्लैक होल में कहा, एक Addririro, कारण में नीति के राष्ट्रपति ने कहा.","रीजन में पॉलिसी के उपाध्यक्ष, एड्रियन मूर ने कहा, यह मात्र ऐसा कर नहीं है जो अंधे कुएँ में जा रहा है।",25.33,Medium,24,22,2
28,people are paying more directly into what they are getting.,लोगों को वे क्या कर रहे हैं में सीधे रूप से भुगतान कर रहे हैं.,"लोग जो चीज प्राप्त कर रहे हैं, उसके लिए अधिक प्रत्यक्ष रूप से भुगतान कर रहे हैं।",42.56,Medium,15,17,2
29,"the movement is also bolstered by two former u.s. transportation secretaries, who in a 2011 report urged congress to move in the paypermile direction.","सन्‌ 2011 की एक रिपोर्ट में, अमरीका के एक अखबार में बताया गया था कि वहाँ के लोगों की गिनती तेज़ी से बढ़ रही है ।","इस अभियान को दो भूतपूर्व अमेरिकी परिवहन सचिवों ने भी समर्थन दिया है, जिन्होंने वर्ष में अपनी रिपोर्ट में कांग्रेस से प्रतिमील भुगतान की दिशा में आगे बढ़ने का अनुग्रह किया था।",17.97,Bad,26,32,6
30,"the u.s. senate approved a 90million pilot project last year that would have involved about 10,000 cars.","पिछले साल एक 90 लाख पायलटों परियोजना स्वीकार की जाती है कि लगभग 10,000 कारों में शामिल होता.","यू.एस. सीनेट ने पिछले वर्ष मिलियन डॉलर की परीक्षण परियोजना स्वीकृत की थी, जिसमें , कारें शामिल हो गई होतीं।",31.25,Medium,18,20,2
31,"but the house leadership killed the proposal, acting on concerns of rural lawmakers representing constituents whose daily lives often involve logging lots of miles to get to work or into town.","लेकिन घर - मालिक ने इस प्रस्ताव को मार डाला, और गाँव के कानून बनानेवाले लोगों की चिंता करते हुए उनके रोज़मर्रा की ज़िंदगी में अकसर बहुत - सी मीलों की दूरी पर काम करना या शहर जाना शामिल था ।","लेकिन ग्रामीण विधिनिर्माताओं की चिंताओं पर काम करते हुए, जो ऐसे व्यक्तियों का प्रतिनिधि कर रहे थे जिन्हें रोजाना काम पर जाने अथवा शहर में जाने के लिए बहुत अधिक मील चलना पड़ता है, सदन के नेतृत्व ने उस प्रस्ताव को वहीं पर समाप्त कर दिया।",27.97,Medium,41,46,5
32,several states and cities are nonetheless moving ahead on their own.,बहुत - से देश और शहर अपने ही बलबूते पर आगे बढ़ रहे हैं ।,फिर भी बहुत से राज्य और शहर खुदबखुद इस दिशा में आगे बढ़ रहे हैं।,35.06,Medium,15,15,0
33,"the most eager is oregon, which is enlisting 5,000 drivers in the countrys biggest experiment.","सबसे उत्सुक है यागॉन, जो देश में ५,००० ड्राइवरों को सबसे बड़ी प्रयोग में ले जा रहा है ।","इसमें सबसे अधिक इच्छुक ऑरेगोन है, जिसने देश के सबसे बड़े प्रयोग में , चालक सूचीबद्ध किए हैं।",26.68,Medium,19,18,1
34,those drivers will soon pay the mileage fees instead of gas taxes to the state.,उन चालकों को जल्द ही गैस कर देने के बजाय किलोमीटर का पैसा भरना पड़ेगा ।,ये चालक जल्द ही राज्य को गैस कर के बजाय माइलेज शुल्क का भुगतान करेंगे।,27.97,Medium,16,15,1
35,nevada has already completed a pilot.,नेवाडा पहले ही एक पायलट पूरा हो चुका है.,नेवाडा ने पहले ही प्रारंभिक परीक्षण पूर्ण कर लिया है।,25.67,Medium,9,10,1
36,new york city is looking into one.,नए योर्क शहर एक में देख रहा है.,न्यू यॉर्क शहर भी इस दिशा में आगे बढ़ रहा है।,24.37,Medium,8,11,3
37,illinois is trying it on a limited basis with trucks.,बीमार लोगों के लिए इसे ट्रकों के साथ एक सीमित आधार पर कोशिश कर रहा है ।,इलिनोइस सीमित आधार पर ट्रकों के साथ आज़माइश कर रहा है।,57.03,Good,17,11,6
38,"and the i95 coalition, which includes 17 state transportation departments along the eastern seaboard including maryland, pennsylvania, virginia and florida, is studying how they could go about implementing the change.",और इस अध्ययन से पता चलता है कि वे बदलाव करने के बारे में कैसे सोच सकते हैं ।,"तथा आई गठबंधन, जिसमें पूर्वी सीबोर्ड के साथ के राज्य परिवहन विभाग मेरीलैंड, पेनसिलवेनिया, वर्जीनिया तथा फ्लोरिडा समेत शामिल हैं, इस बात का अध्ययन कर रहे हैं कि वे इस परिवर्तन का किस तरह क्रियान्वयन कर सकते हैं।",12.43,Bad,19,38,19
39,the concept is not a universal hit.,धारणा एक विश्‍वव्यापी हिट नहीं है ।,इस विचार को सभी जगहों पर समर्थन नहीं मिला।,12.32,Bad,7,9,2
40,"in nevada, where about 50 volunteers cars were equipped with the devices not long ago, drivers were uneasy about the government being able to monitor their every move.","नवाडा में, जहाँ काफी समय पहले उपकरण नहीं थे, क़रीब ५० स्वयंसेवक कारों को परेशान कर रहे थे, ड्राइवर अपने हर कदम पर निगरानी रखने के लिए सरकार के बारे में चिंतित थे ।","नेवाडा में, जहाँ कुछ ही समय पहले स्वैच्छिक कार चालकों की कारों पर इस डिवाइस को लगाया गया था, चालक इस बात को सोच कर बहुत अधीर थे कि सरकार उनके प्रत्येक कदम को मॉनीटर कर सकती है।",27.1,Medium,34,38,4
41,"concerns about big brother and those sorts of things were a major problem, said alauddin khan, who directs strategic and performance management at the nevada department of transportation.",एक भाई के बारे में और उस तरह की चीज़ों के बारे में चिंता करना एक बड़ी समस्या थी ।,"नेवाडा परिवहन विभाग में रणनीतिक तथा कार्यनिष्पादन प्रबन्धन को निर्देशित करने वाले, अलाउद्दीन खान कहते हैं बिग ब्रदर तथा उसी प्रकार की अन्य चीजों के बारे में चिंता प्रमुख समस्या थी।",21.05,Medium,20,31,11
42,it was not something people wanted.,ऐसा कुछ नहीं था जो लोग चाहते थे ।,"यह ऐसी चीज नहीं है, जिसे लोग चाहते थे।",40.07,Medium,9,9,0
43,"as the trial got underway, the aclu of nevada warned on its website it would be fairly easy to turn these devices into fullfledged tracking devices.","परीक्षण के तहत, नेवा के एक हिस्से नेडा की वेबसाइट पर चेतावनी दी है कि इन उपकरणों को पूर्ण रूप से ट्रैकिंग उपकरणों में बदल देना आसान होगा.","परीक्षण के आगे बढ़ने के साथ ही, नेवाडा के ए.सी.एल.यू. ने अपनी वेबसाइट पर चेतावनी दी थीः इन डिवाइस को पूर्ण ट्रैकिंग डिवाइस में परिवर्तित करना काफी हद आसान होगा।",40.39,Medium,28,30,2
44,"there is no need to build an enormous, unwieldy technological infrastructure that will inevitably be expanded to keep records of individuals everyday comings and goings.","एक विशाल, अनियंत्रीय प्रौद्योगिकी का निर्माण करने की कोई ज़रूरत नहीं है जो निश्‍चित रूप से हर व्यक्‍ति के आने - जाने और जाने - जाने के रिकार्ड को बनाए रखने के लिए विस्तृत होगा ।","विशाल, अप्रबंधनीय प्रौद्योगिकी ढाँचासंरचना विकसित करने की कोई आवश्यकता नहीं है, जिसे प्रत्येक व्यक्ति के रोजाना आनेजाने का रिकॉर्ड रखने के लिए अवश्यंभावी रूप से फैलाना पड़े।",38.3,Medium,36,27,9
45,"nevada is among several states now scrambling to find affordable technology that would allow the state to keep track of how many miles a car is being driven, but not exactly where and at what time.","नवाडा अब बहुत - से देशों में है, जहाँ बहुत - से लोगों को आर्थिक रूप से मदद की ज़रूरत होती है और वे यह भी जान पाते हैं कि गाड़ी चलाते वक्‍त कितने किलोमीटर का सफर तय किया जा रहा है, मगर असल में नहीं कि कहाँ और किस वक्‍त पर ।","नेवाडा उन बहुत से राज्यों में से है, जो वहनीय प्रौद्योगिकी प्राप्त करने के लिए हरसंभव प्रयास कर रहा है, जिसकी सहायता से राज्य इस बात का विवरण प्राप्त कर सके कि कार कितने मील प्रतिदिन चल रही है, लेकिन यह नहीं कि वह कहां और किस समय चल रही है।",22.86,Medium,53,51,2
46,"if you can do that, khan said, the public gets more comfortable.","अगर आप ऐसा कर सकते हैं, तो हैन ने कहा, जनता को और अधिक आराम मिलता है ।","खान ने कहा कि यदि आप ऐसा कर सकते हैं, तो लोग अधिक सहज महसूस कर सकते हैं।",42.38,Medium,18,18,0
47,the hunt for that technology has led some state agencies to a small california startup called true mileage.,इस तकनीक का शिकार करने के लिए कुछ राज्य संघों ने सच्ची मीलों की शुरूआत की है ।,इस प्रौद्योगिकी की तलाश ने कुछ राज्य एजेन्सियों को ट्रू माइलेज नामक छोटे कैलीफोर्निया स्टार्टअप के पास पहुंचाया।,17.38,Bad,18,18,0
48,the firm was not originally in the business of helping states tax drivers.,पहले तो कर ड्राइवरों की मदद करने का काम शुरू नहीं हुआ था ।,यह फर्म मूल रूप से राज्य कर चालकों की सहायता करने के व्यवसाय में नहीं थी।,18.9,Bad,14,16,2
49,"it was seeking to break into an emerging market in auto insurance, in which drivers would pay based on their mileage.","यह ऑटो बीमा में एक निकासी बाज़ार में घुसना चाहता था, जिसमें ड्राइवर अपने मीलों पर आधारित भुगतान करते ।","यह ऑटो बीमा के उभरते हुए बाजार में प्रवेश करने का प्रयास कर रही थी, जिसमें चालकों को अपनी माइलेज के आधार पर भुगतान करना था।",33.11,Medium,20,26,6
50,"but the devices it is testing appeal to highway planners because they dont use gps and deliver a limited amount of information, uploaded periodically by modem.","लेकिन ये उपकरण सड़क योजनारों के लिए परीक्षण कर रहे हैं क्योंकि वे म्यूपी का इस्तेमाल नहीं करते और कुछ हद तक जानकारी नहीं देते, और समय - समय पर कार्य करते हैं ।","लेकिन यह जिस डिवाइस का परीक्षण कर रही है, वह हाईवे योजनाकारों को अच्छी लगी, क्योंकि उसमें जी.पी.एस. का उपयोग नहीं होता तथा बहुत सीमित सूचना प्रदान करती है, जो निश्चित समय अन्तराल पर मॉडम द्वारा अपलोड होती है।",24.17,Medium,34,39,5
51,"people will be more willing to do this if you do not track their speed and you do not track their location, said ryan morrison, chief executive of true mileage.","लोगों को यह करने के लिए अधिक तैयार हो जाएगा अगर आप उनकी गति ट्रैक नहीं करते हैं और आप उनके स्थान पर नहीं ट्रैक, ने कहा कि सच्ची मीलों की मुख्य अधिकारी, Mrrriren.","ट्रू माइलेज के मुख्य अधिशासी रेयान मॉरिसन ने कहा, यदि आप लोगों की गति और उनके स्थान को ट्रैक नहीं करते तो वे इस तरीके को अपनाने में अधिक इच्छुक होंगे।",36.09,Medium,34,31,3
52,there have been some big mistakes in some of these state pilot programs.,इनमें से कुछ राज्य पायलट प्रोग्रामों में कुछ बड़ी गलतियाँ हुई हैं ।,राज्य के इन प्रारंभिक कार्यक्रमों में कुछ बड़ी गलतियाँ हुई हैं।,59.18,Good,13,11,2
53,there are a lot less expensive and less intrusive ways to do this.,ऐसा करने के लिए बहुत कम महँगी और कम महँगी तरीके हैं ।,ऐसा करने के लिए बहुत कम खर्चीले तथा कम हस्तक्षेप करने वाले तरीके भी हैं।,39.94,Medium,13,15,2
54,"in oregon, planners are experimenting with giving drivers different choices.","यागॉन में, योजना बनानेवाले ड्राइवरों को अलग - अलग चुनाव करने के लिए प्रयोग कर रहे हैं ।","ऑरेगॉन में, योजनाकार चालकों को भिन्नभिन्न विकल्प देने का प्रयोग कर रहे हैं।",44.28,Medium,18,13,5
55,they can choose a device with or without gps.,वे बिना जीपी के उपकरण चुन सकते हैं.,वे जी.पी.एस. युक्त या बिना जी.पी.एस. की डिवाइस चुन सकते हैं।,28.92,Medium,8,11,3
56,"or they can choose not to have a device at all, opting instead to pay a flat fee based on the average number of miles driven by all state residents.","या फिर वे कोई उपकरण नहीं रख सकते, जो सभी देशों के लोगों द्वारा चलाए गए अधिकांश मीलों पर आधारित एक फ्लैट का भुगतान करने के बजाय निर्धारित करता है ।","या फिर से कोई भी डिवाइस न लेना चुन सकते हैं, बल्कि राज्य के निवासियों द्वारा तय किए जाने वाले औसत मीलों के आधार पर निर्धारित शुल्क देना चुन सकते हैं।",28.3,Medium,31,31,0
57,"other places are hoping to sell the concept to a wary public by having the devices do more, not less.",कुछ और जगहों पर इस धारणा को आम तौर पर बेचने की उम्मीद कर रहे हैं ।,अन्य स्थानों को आशा है कि डिवाइस में कम की बजाय और अधिक सुविधा प्रदान करके चिंतित नागरिकों को यह अवधारण बेची जा सकती है।,11.77,Bad,17,25,8
58,"in new york city, transportation officials are seeking to develop a taxing device that would also be equipped to pay parking meter fees, provide payasyoudrive insurance, and create a pool of realtime speed data from other drivers that motorists could use to avoid traffic.","नए शहर में, परिवहन अधिकारी एक कर देने वाले उपकरण को विकसित करने की कोशिश कर रहे हैं जो गाड़ी चलाने के लिए भी तैयार किया जाता है, आपके बीमा प्रदान करता है, और दूसरे ड्राइवरों से वास्तविक समय की गति डेटा तैयार करता है जो मोटर चालक यातायात से बचने के लिए प्रयोग कर सकते हैं ।","न्यू यॉर्क शहर में, परिवहन अधिकारी ऐसी टैक्सिंग डिवाइस विकसित करने का प्रयास कर रहे हैं, जिसमें पार्किंग मीटर शुल्क का भुगतान करने की सुविधा भी होगी, अपने ड्राइव के अनुसार भुगतान बीमा प्रदान करेगी, तथा अन्य चालकों से वास्तविक समय का गति डेटा का संग्रह निर्मित करेगी जिसका उपयोग मोटरचालक ट्रैफिक से बचने के लिए कर सकेंगे।",39.61,Medium,58,58,0
59,"motorists would be attracted to participate because of the value of the benefits it offers to them, says a city planning document.","एक शहर योजना दस्तावेज़ कहता है कि इससे उन्हें जो फायदे मिलते हैं, उनके कारण मोटर - चालक भाग लेने के लिए आकर्षित होंगे ।","शहर नियोजन दस्तावेज में उल्लेख किया गया है, मोटरचालक इससे प्राप्त होने वाले लाभों के कारण इसमें सहभागिता के लिए आकर्षित होंगे।",38.79,Medium,25,22,3
60,"some transportation planners, though, wonder if all the talk about paying by the mile is just a giant distraction.","लेकिन, कुछ परिवहन योजनाएँ यह आश्‍चर्य करती हैं कि क्या मीलों से भुगतान करने के बारे में सभी बात केवल एक विशाल ध्यानपूर्ण होती है ।","यद्यपि, कुछ परिवहन योजनाकारों को आश्चर्य होता है कि शायद मील के अनुसार भुगतान पर सारी चर्चा बड़ा विकर्षण है।",33.95,Medium,26,20,6
61,"at the metropolitan transportation commission in the san francisco bay area, officials say congress could very simply deal with the bankrupt highway trust fund by raising gas taxes.",वे कहते हैं कि यहाँ के अधिकारी गैस के करों का खर्च उठाने के द्वारा बस सड़क पर भरोसा रखने के लिए काफी कुछ कर सकते हैं ।,सैन फ्रैन्सिस्को खाड़ी क्षेत्र में मेट्रोपॉलिटन परिवहन आयोग ने कहा है कि कांग्रेस गैस टैक्स में वृद्धि करके दिवालिया हाईवे ट्रस्ट फ़ंड की समस्या से बहुत आसानी से निपट सकती है।,14.07,Bad,28,31,3
62,"an extra onetime or annual levy could be imposed on drivers of hybrids and others whose vehicles dont use much gas, so they pay their fair share.","एक अतिरिक्‍त समय या वार्षिक लाभों के चालकों और उन अन्य लोगों पर लगाया जा सकता है जिनके वाहन ज़्यादा गैस प्रयोग करते हैं, सो वे अपनी उचित हिस्सा अदा करते हैं ।","हाइब्रिड अथवा अन्य कारों के चालकों पर अतिरिक्त एकसमय का अथवा वार्षिक शुल्क भी लगाया जा सकता है, जिनके वाहन बहुत अधिक गैस का उपयोग नहीं करते हैं ताकि वे अपने उचित हिस्से का भुगतान करें।",41.94,Medium,33,36,3
63,"there is no need for radical surgery when all you need to do is take an aspirin, said randy rentschler, the commissions director of legislation and public affairs.","इस बात की कोई ज़रूरत नहीं कि आपको एक ऐथेंस लेनी चाहिए, जो कानून और जनता के मामलों की सिफारिश कर रहा है ।","आयोग के विधान और सार्वजनिक मामलों के निदेशक, रैन्डी रेंटशेलर ने कहा, जब एस्पिरिन से काम हो सकता है तो उसके लिए आमूलचूल सर्जरी की क्या जरूरत है।",18.93,Bad,24,28,4
64,"if we do this, hundreds of millions of drivers will be concerned about their privacy and a host of other things.","अगर हम ऐसा करें, तो लाखों ड्राइवर अपनी निजी और दूसरी चीज़ों के बारे में चिन्तित होंगे ।",यदि हम ऐसा करते हैं तो करोड़ों कार चालक अपनी गोपनीयता तथा अन्य बहुत सी चीजों के लिए चिंतित होंगे।,29.09,Medium,18,20,2
65,according to the police his death was due to drowning.,पुलिस के अनुसार उसकी मृत्यु डूबने के कारण हुई ।,"पुलिस के अनुसार, उसकी मौत डूबने से हुई है।",51.65,Good,10,9,1
66,"however, the police have taken the friend of the deceased into custody for hiding the deceaseds luggage at his house.","लेकिन, पुलिस ने मृत जनों के मित्र को अपने घर के सामान को छिपाने के लिए गिरफ्तार कर लिया है ।","अलबत्ता, उसके दोस्त को पुलिस ने दिवंगत के सामान को अपने पास छिपाने के आरोप में हिरासत में ले लिया है।",38.05,Medium,21,21,0
67,the police have filed the final investigation report with the court.,पुलिस ने अदालत के साथ अंतिम जांच रिपोर्ट की है.,पुलिस ने अदालत में मौत की जांच की अंतिम रिपोर्ट सौंप दी है।,46.47,Medium,10,13,3
68,it may be recalled that on august 26th the police recovered the body of jahid iqbal from the jhelum river in padshahi park.,यह याद किया जा सकता है कि फूल 26वें दिन पुलिस ने फ्यूम नदी के झोख़िम नदी से जा टकराने के शरीर को फिर से ठीक कर दिया ।,विदित हो कि अगस्त को पुलिस ने झेलम दरिया में पादशाही बाग के रहने वाले जाहिद इकबाल का शव बरामद किया था।,21.61,Medium,29,22,7
69,his family had accused his friends because his mobile and other luggage was missing.,उसके परिवार ने उसके दोस्तों पर आरोप लगाया था क्योंकि उसका मोबाइल और दूसरा सामान गायब था ।,उसके परिजनों ने उसके दोस्तों पर उसकी हत्या का आरोप लगाया था क्योंकि उसका मोबाईल व अन्य सामान लापता था।,57.44,Good,18,20,2
70,the police said in their report that the deceaseds phone and sim card were checked and his phone was being used by a woman named saura.,पुलिस ने अपनी रिपोर्ट में कहा कि मृत व्यक्‍ति के फोन और सिम कार्ड की जाँच की गयी थी और उसका फोन सारा नाम की एक स्त्री ने इस्तेमाल किया जा रहा था ।,रिपोर्ट में पुलिस ने बताया कि मृतक के फोन और सिम की जांच की गई और पाया गया कि उसका फोन सौरा में एक महिला द्वारा इस्तेमाल किया जा रहा है।,49.76,Medium,34,31,3
71,"after questioning the woman, she said that the phone had been given to her by a relative named ruhail gauhar.","उस औरत से पूछताछ करने के बाद, उसने कहा कि फोन उसे एक रिश्‍तेदार ने दिया है ।",महिला ने पूछताछ में बताया कि उसे यह फोन उसके एक रिश्तेदार रूहैल गौहर ने दिया है।,41.03,Medium,18,17,1
72,ruhail also lives in padshahi park and was a friend of the deceased.,फूल भी म्हाई पार्क में रहती है और मृत जनों का एक मित्र था.,रूहैल भी पादशाही बाग में रहता है और वह दिवंगत जाहिद का दोस्त था।,20.12,Medium,14,14,0
73,"on august 25th, after namaazejumma, ruhail had gone with jahid to bathe in the jhelum river.","25वीं सदी के बाद, नोमामामा नदी में स्नान करने के लिए मोआड के साथ फूहड चला गया था ।",रूहैल अगस्त को नमाजएजुम्मा के बाद जाहिद के साथ झेलम में नहाने गया था।,26.2,Medium,19,14,5
74,"jahid took off his clothes and left all his things on the banks, while ruhail went to the other bank to smoke a cigarette.",वह सिगरेट पीने के लिए दूसरे बैंक में गया ।,"जाहिद ने अपने कपड़े खोले और सारा सामान किनारे पर रखा, जबकि रुहैल सिगरेट पीने के लिए दूसरी ओर चल गया।",28.47,Medium,10,21,11
75,"when he returned jahid was not there, only his clothes were there.",जब वह जागाद को लौटा तो वहां न केवल उसके कपड़े थे।,"जब वह वापस आया तो जाहिद वहां नहीं था, उसके सिर्फ कपड़े ही थे।",25.21,Medium,12,14,2
76,"ruhail looked for jahid, but he could not find him.",वह उसे नहीं पा सका।,"रूहैल ने जाहिद को तलाश किया, लेकिन वह नहीं मिला।",9.44,Bad,5,10,5
77,"then he picked up his mobile phone, watch and other things and kept them for his own use.","फिर उसने अपना मोबाइल फोन उठाया, घड़ी और दूसरी चीज़ें रखी और अपने काम के लिए उन्हें रखा ।","इस पर उसने उसका मोबाइल फोन, घड़ी व अन्य सामान उठाया और अपने इस्तेमाल के लिए रख लिया।",38.61,Medium,19,18,1
78,he did not tell anyone that jahid has drowned.,उसने किसी से नहीं कहा कि वह डूब गया है ।,उसने किसी को नहीं बताया कि जाहिद डूब गया है।,46.65,Medium,11,10,1
79,the police told the court that jahid has drowned and the postmortem report confirmed this.,पुलिस ने अदालत को बताया कि जेसाद डूब गया है और डाकरी की रिपोर्ट ने इस बात की पुष्टि की है ।,पुलिस ने अदालत को बताया कि जाहिद की मौत डूबने से हुई है और पोस्टमार्टम में भी इसकी पुष्टि हुई है।,45.22,Medium,22,21,1
80,"however, ruhail was arrested under section 404 for hiding the facts and possessions of the deceased.","लेकिन, मृत जनों की वास्तविकताओं और सम्पत्ति को छिपाने के लिए फूल को भाग ४०४ में गिरफ्तार कर लिया गया ।","अलबत्ता, रूहैल को तथ्यों व मृतक के सामान को छिपाने के लिए धारा के तहत हिरासत में ले लिया गया है।",32.58,Medium,21,21,0
81,the maharaja of the dynastic capital has arranged some magnificent cuisine from the majestic palaces.,इस विशाल महल से एक शानदार छत बनायी गयी है ।,खानदानी राजधानी के महाराज ने आपके लिए राजसी महलों के शानदार व्यंजनों का प्रबंध किया है।,12.64,Bad,11,16,5
82,"these special dishes will be available in all the restaurants of the dynastic capital from november 1st to the 5th, in your city.","ये विशेष व्यंजन आपके शहर में, अनवरमबर 1st से 5वां तक के बीच उपलब्ध होंगे.",यह खास प्रबंध एक से लेकर पांच नवंबर तक आपके शहर के सभी खानदानी राजधानी रेस्तराओं में रहेगा।,16.64,Bad,15,18,3
83,one must enjoy the heritage of these enriched recipes from the dynastic capital this diwali with your family and friends.,एक व्यक्‍ति को अपने परिवार और मित्रों के साथ इस समृद्धी राजधानी से इन समृद्ध रेसिपिओं की विरासत का आनन्द लेना चाहिए ।,खानदानी राजधानी के इस बेहद समृद्ध व्यंजनों की विरासत का इस दीवाली पर अपने परिवार व मित्रों के साथ जरूर मजा लें।,44.87,Medium,23,22,1
84,"crispy pea rolls, surti plaza, barsa dola, hariwali patra, jodhpuri pakaros, dakor na gota nu chat and lilava kachori will be awaiting you in the special diwali thali.","Scutighuhuh, lowago, lowlio, Hrogogooo, lokaga paaaaa, Nka u चैट और Lapapapapapy आप का इंतज़ार किया जाएगा।","इस बार की स्पेशल दीवाली थाली में आपको मटर खस्ता रोल, सूरती प्लाजा, बारसा डोला, हरी वाली पात्रा, जोधपुरी पकोड़ा, डकोर ना गोटा नू चाट और लीलवा कचौरी आप का खास तौर पर इतजार कर रहे है।",5.64,Bad,16,37,21
85,"traditional recipes with vegetables such as surti udhiyu, jaisalmer panch kuta, pithaud ki sabji, jodhpuri gatta, sagaru ke kofte, rabodi hara pyaj, til wale aloo, makai mirch and jajaria are included.","इन सब के अलावा, कई देशों में, कई देशों में, कई देशों में, यहाँ तक कि बहुत - से देशों में भी कई देशों में लोगों की जानें चली जा रही हैं ।","सब्जियों में परंपरागत व्यंजन जैसे की सूरती उधियू, जैसलमेर पंच कुटा, पिथौड़ की सब्जी, जोधपुरी गट्टा, सागरी के कोफते, राबोदी हरा प्याज, तिल वाले आलू, मकई मिरच और जजरिया शामिल किए गए है।",10.5,Bad,33,33,0
86,"the best way to end a regal meal is with desserts like apple jalebi, tomato halwa, walnut halwa, dudh pak, date barfi, dryfruit halwa, makai jajaria and sutar saini kheer.","स्वादिष्ट भोजन का अंत करने का सबसे अच्छा तरीका है, सेलस्पी, लाल रंग का तेल, वावा, साघा, तारीखीफ, सूखे फल, मैमोआया और सगीलीनी के जैसे गंध के साथ।","मीठे में एैपल जलेबी, टमाटर हलवा, अखरोट हलवा, दूध पाक, खजूर बर्फी, ड्राईफू्रट हलवा, मकई जजारिया और सूतार सैनी खीर आपके इस राजसी भोजन को समाप्त करने का एक बेहतरीन ढग होगा।",19.67,Bad,28,32,4
87,presenting cats trendy footwear and clothing collection.,इस तरह वे अपने कपड़ों के बारे में अच्छी तरह सोच पाते हैं ।,कैट की ट्रैडी फुटवियर और परिधानों की सिलेक्शन पेश,9.22,Bad,14,9,5
88,chandigarh on the occasion of the festival of lights the internationally renowned brand cat presented a collection of trendy footwear and clothing.,"इस दौरान, दुनिया - भर के जाने - माने शहर के लोग एक - दूसरे से बिलकुल अलग नज़र आते थे ।",चंडीगढ़ः प्रकाश के पर्व पर अंतरराष्ट्रीय ख्याति प्राप्त ब्रांड कैट ने ट्रैडी फुटवियर और परिधानों की सिलेक्शन को पेश किया है।,7.82,Bad,22,21,1
89,"cat is a brand that has been offering strong, durable, beautiful and high quality products for the past one hundred years.","बिल्ली एक ब्रांड है जो पिछले सौ सालों से मज़बूत, टिकाऊ, सुंदर और उच्च गुणवत्ता के उत्पादनों को पेश किया गया है ।","कैट एक ऐसा ब्राड है जो पिछले सौ साल से मजबूत, टिकाऊ, सुंदर और बेहतरीन उत्पाद पेश कर रहा है।",52.73,Good,23,20,3
90,each of its products is made in the usa and represents the true cat lifestyle.,इसका हरेक उत्पादन वीता में किया जाता है और सच्ची बिल्ली के जीवन को चित्रित करता है ।,इसका हर उत्पाद यूएसए में पैदा हुआ है और सही मायने में कैट लाइफस्टाइल को पेश करता है।,27.95,Medium,18,18,0
91,it is the perfect gift for your relatives and loved ones.,यह आपके रिश्‍तेदारों और प्रिय जनों के लिए एक परिपूर्ण उपहार है ।,यह आपके सगे संबंधियों और प्रियजनों के लिए एक समूचा उपहार है।,57.29,Good,13,12,1
92,"this collection is ideal for the modern shopper who like this style of footwear, whether female or male.",यह संग्रह आधुनिक दुकान - चालकों के लिए एक आदर्श है जो स्त्री या पुरुष की तरह है ।,यह कलेक्शन स्टाइल पसंद करने वाले आधुनिक शॉपर्स के लिए है जो शानदार फुटवियर की रेज को पसंद करते है चाहे वह महिला हों या पुरुष।,21.67,Medium,19,26,7
93,"available in this style are midcuts and wheel boots along with slipons and sandals made of premium leather, suede and canvas.",इस शैली में उपलब्ध कराया जाता है और व्हील - चेयर और जूतों के साथ ही लमियम चमड़े के बने होते हैं ।,"इसके स्टाइल में मिटकट और चक्का बूट्स से लेकर प्रिमियम लेदर, सुवेड और कैनवस के स्लिपऑन और सैंडल उपलब्ध है।",17.26,Bad,23,20,3
94,to make this footwear collection even more impressive even a denim range is also available.,इस पैर के संग्रह को और भी प्रभावशाली बनाने के लिए भी उपलब्ध है ।,इसकी फुटवियर कलेक्शन को चार चाद लगाने के लिए डेनिम की रेज भी उपलब्ध है।,32.8,Medium,15,15,0
95,"it includes woven trousers, graphic tshirts, polo neck tshirts, shorts, skirts and jackets.","इसके अलावा, ये कपड़े बहुत छोटे होते हैं, छोटे - छोटे, कच्चे और जैकेट भी होते हैं ।","इसमें वूवन पैंट्स, ग्राफिक टीज, पोलो टी शर्टे, शर्टे, शॉट्स, स्कर्टे और जैकेटें इत्यादि शामिल है।",15.69,Bad,18,16,2
96,"cat, in a way, is the blend of durability and lifestyle.","एक तरह से, बिल्ली की बनावट और जीवन - शैली का मिश्रण है ।",कैट एक तरह से मजबूती और लाइफ स्टाइल का मिलन है।,26.56,Medium,14,11,3
97,luggage and travel gear is also available here.,सामान और यात्रा का सामान भी यहाँ उपलब्ध है.,यहा पर लगेज और ट्रैवल गियर भी उपलब्ध रहते है।,19.69,Bad,9,10,1
98,"mrf has been awarded the jd power award, for the tenth time in a row.","मैफ को जेडी शक्ति पुरस्कार दिया गया है, एक पंक्ति में दसवें समय के लिए.",एमआरएफ लगातार दसवीं बार जेडी पावर पुरस्कार से सम्मानित,24.84,Medium,15,9,6
99,"chandigarh indias largest tyre manufacturer and one of the top 15 global tyre companies, mrf has been awarded the jd power award for the tenth time in a row.","सबसे बड़ा निर्माता और शीर्ष वैश्विक कंपनियों में से एक, Merf को एक पंक्ति में दसवें समय के लिए पुरस्कार पुरस्कार पुरस्कार दिए गए हैं।",चंडीगढ़ः भारत की सबसे बड़ी टायर निर्माता कंपनी और शीर्ष वैश्विक टायर कंपनियों में से एक एमआरएफ को लगातार दसवीं बार जेडी पावर पुरस्कार से सम्मानित किया गया है।,39.4,Medium,25,29,4
100,this award is widely considered the equivalent of the oscars by peers in the automotive sector and it is the most recognized in the industry.,इस पुरस्कार को व्यापक रूप से ऑटोमा क्षेत्र में समकक्षों द्वारा समकक्षों के बराबर माना जाता है और यह उद्योग में सबसे पहचाना जाता है ।,यह पुरस्कार व्यापक रूप से मोटर वाहन क्षेत्र में साथियों द्वारा आस्कर के समकक्ष माना जाता है और उद्योग में सबसे ज्यादा मान्यता रखता है।,54.29,Good,26,25,1
101,very few companies have received this award for so many consecutive years.,बहुत कम कंपनियों को यह पुरस्कार इतने लगातार कई सालों से मिला है ।,बहुत कम कंपनियों को यह पुरस्कार इतने वर्षो तक लगातार मिला है।,74.49,Good,14,12,2
102,mrf has increased the size of the mrf zlo performance radials for high level vehicles.,ब्लफ ने उच्च स्तर की वाहनों के लिए मिफफलो प्रदर्शन के आकार को बढ़ा दिया है ।,एमआरएफ ने एमआरएफ जेएलओ नामक पफार्मेस रेडियल टायरों की सीमा में उच्च स्तर के वाहनों के लिए इजाफा किया है।,30.43,Medium,17,20,3
103,"low profile tyres in the range of 40,45 and 55 are now available for many vehicles including audi, bmw, mercedes and jaguar. more than 70 models of premium vehicles in the size 13 range, can now seen on indian roads.","40, 45 और 55 की सीमा में कम प्रोफ़ाइलों के लिए अब अनेक वाहनों के लिए उपलब्ध हैं जिनमें एडी, बीएमई, मैगडड, और गॉर भी शामिल हैं. आकार 13 सीमा में 70 से भी ज़्यादा मॉडल हैं, अब इन सड़कों पर देख सकते हैं.","ऑडी, बीएमडब्ल्यू, मर्सडीज और जगूआर से लेकर कई अन्य वाहनों के लिए , और श्रेणी के कम प्रोफाइल वाले टायर अब उपलब्ध है। आकार की सीमा में अब भारतीय सड़कों के से ज्यादा प्रीमियम वाहनों के मॉडल शामिल है।",35.73,Medium,44,39,5
104,"the dueguard company presented a water purifier to the naya nangal temple of lord valmiki, for safe drinking water.","उस वक्‍त की अगली कंपनी ने प्रभु के मंदिर में पानी साफ करने का इंतज़ाम किया, जहाँ से पीने का पानी भरा जा सकता था ।",नया नंगल के भगवान वाल्मीकि मंदिर में स्वच्छ पेयजल के लिए ड्यू गार्ड कंपनी की ओर से वाटर प्यूरीफायर भेंट किया गया है।,19.78,Bad,26,23,3
105,"after receiving the water purifier from the company representatives j.k. kaushik and khushbu kaushik, the temple president virendra adiya said that this social act was very commendable, because now all the worshippers coming to the temple could enjoy clean drinking water.","जब भीड़ के प्रतिनिधियों से पानी शुद्ध करने के बाद, कोशशिक और कुशशश कुशाई ने कहा कि यह सामाजिक कार्य बहुत ही प्रशंसात्मक था, क्योंकि अब सभी उपासक मंदिर में आते हैं जो लोग शुद्ध पीने के पानी का आनन्द ले सकते हैं ।","कंपनी के प्रतिनिधि जेके कौशिक व खुशबू कौशिक की ओर से मंदिर को भेंट किया गया वाटर प्यूरीफायर प्राप्त कर मंदिर अध्यक्ष वीरेंद्र आदिया ने कहा कि समाज सेवा का यह कार्य सराहनीय है, क्योंकि अब मंदिर में आने वाले भक्तजन स्वच्छ पेयजल का उपयोग कर सकेंगे।",27.41,Medium,44,47,3
106,"the 77 year old former italian prime minister, silvio berlusconi, known for his bunga bunga parties, has married a 28 year old girl in an extremely secretive manner.","77 साल का भूतपूर्व प्रधान मंत्री, सिलवीओ ब्लू ब्लू ब्लू अपनी ंगा पार्टी के लिए जाना जाता है ।",बुंगाबुंगा पार्टियों के लिए चर्चित इटली के पूर्व प्रधानमंत्री वर्षीय सिल्वियो बर्लुस्कोनी ने वर्षीय लड़की से बेहद खुफिया तरीके से शादी कर ली है।,26.5,Medium,19,24,5
107,"this was revealed by a family friend, marythell polanco.","इस बात को परिवार के एक मित्र ने प्रकट किया था, मार्कुलुलुल्क ।",यह खुलासा उनके पारिवारिक मित्र मार्थेल पोलांको ने किया है।,27.0,Medium,13,10,3
108,"according to her, the three times prime minister berlusconi has married former tv anchor francisca pascale in his private chapel.","उसके अनुसार, तीन बार प्रधान मंत्री स्वू ने अपने निजी गिरजे में भूतपूर्व लंगर फ्रेसॉस्क से शादी कर ली है।","उनके मुताबिक, तीन बार प्रधानमंत्री रह चुके बर्लुस्कोनी ने पूर्व टीवी एंकर फ्रांसिस्का पास्कल से अपने निजी चैपल में शादी कर ली है।",41.86,Medium,20,23,3
109,francisca met berlusconi when she was a teenage activist with the forza italia party.,"फ्रेसाका ने कहा कि जब वह एक किशोर थी, तो वह इसेलिया पार्टी के साथ एक किशोर कार्यकर्ता के साथ मिला.","फ्रांसिस्का की बलुस्कोनी से मुलाकात तब हुई थी, जब वह फोर्जा इटालिया पार्टी में टीनेज एक्टिविस्ट थीं।",23.26,Medium,21,17,4
110,"this is the same francisca, about whom it has been said that her relationship with berlusconi is a sham.","यह वही फ्रेसाका है, जिसके बारे में कहा गया है कि उसके रिश्‍ते में तिलूसी का रिश्‍ता है ।","यह वहीं फ्रांसिस्का हैं, जिनके रिश्ते के बारे कहा जा रहा था कि बलरुस्कोनी के साथ उनका रिश्ता महज दिखावा है।",29.32,Medium,19,21,2
111,berlusconis close friend and the bunga bunga girl marythell polanco revealed that she was also invited to this secret wedding.,इस गुप्त विवाह के लिए उसे भी आमंत्रित किया गया ।,बर्लुस्कोनी की नजदीकी दोस्त और बुंगाबुंगा गर्ल मार्थेल पोलांको ने खुलासा किया है कि उन्हें भी इस खुफिया विवाह में आमंत्रित किया गया था।,19.56,Bad,11,24,13
112,this ceremony took place three weeks ago.,यह समारोह तीन सप्ताह पहले हुआ था.,यह समारोह तीन हफ्ते पहले ही हुआ है।,48.27,Medium,7,8,1
113,"during the revelation on italian radio 2, when polanco was asked what would happen if those two were to get married, polanco replied that they are already married.","सन्‌ 1980 में, जब वे दोनों एक - दूसरे से शादी करने के लिए आए, तो उन्हें पता चला कि वे पहले से ही शादी कर चुके हैं ।","इटैलियन रेडियो पर हुए खुलासे में जब पोलांको से पूछा गया कि अगर यह दोनों शादी कर लें तो क्या होगा, इस पर पोलांको ने कहा है कि वे दोनों पहले से ही शादीशुदा हैं।",25.61,Medium,29,35,6
114,this was not a public ceremony.,यह एक सार्वजनिक समारोह नहीं था ।,यह कोई सार्वजनिक समारोह नहीं था।,82.66,Good,7,6,1
115,this wedding was held in the chapel at the former prime ministers home.,इस विवाह को भूतपूर्व प्रधान सेवकों के घर में गिरजे में आयोजित किया गया था ।,यह शादी पूर्व प्रधानमंत्री के घर में स्थित निजी चैपल में हुई थी।,31.49,Medium,16,13,3
116,"other than this, no one can say anything more.","इसके अलावा, कोई भी कुछ और कह सकता है.",इसके अलावा कोई कुछ नहीं बता सकता।,40.78,Medium,9,7,2
117,"however, she did not go to the wedding.","लेकिन, वह शादी के लिए नहीं गयी ।",हालांकि वह इस शादी में नहीं गई।,23.61,Medium,8,7,1
118,she had sent her best wishes to the newlyweds.,उसने शादी करने की अपनी इच्छा पूरी करने के लिए अपनी तरफ से पूरी कोशिश की थी ।,उन्होंने अपनी बधाई नवजोड़े को भेज दी है।,12.38,Bad,18,8,10
119,they got married about three weeks ago on october 8th or 9th.,अक्‍तूबर ८ को उन्होंने करीब तीन सप्ताह पहले शादी कर ली ।,दोनों ने करीब तीन हफ्ते पहले यानी या अक्टूबर को विवाह रचाया।,31.78,Medium,12,12,0
120,"he got engaged about 8 months ago to the 28 year old woman, francesca pascale, who is 50 years younger than him.","उसे करीब 8 महीने पहले 28 साल की एक औरत से बात करनी पड़ी, जो उस से 50 साल छोटी है ।",करीब महीने पहले अपने से साल छोटी वर्षीय महिला फ्रांसेस्का पास्कल से सगाई की थी।,27.35,Medium,22,15,7
121,"to avoid embarrassment, berlusconi claimed loneliness as the reason for his decision to marry.","शर्म से बचने के लिए, बेन्टी ने अपने विवाह करने के निर्णय के कारण अकेलेपन का दावा किया ।",किरकिरी से बचने के लिए बर्लुस्कोनी ने अपने इस फैसले के पीछे अकेलेपन को आधार बनाया था।,35.65,Medium,19,17,2
122,"between the hide and seek with the sun, rain continued in lowlying areas.","छिपने और धूप की तलाश करने के बीच, दीन क्षेत्रों में बारिश होती रही ।",निचले इलाकों में भी सूरज की आंखमिचौली के बीच रुकरुककर बारिश जारी रही।,23.21,Medium,15,13,2
123,this created a cold front in the valley.,यह घाटी में एक ठंड सामने बनाया.,इसके साथ ही पूरी वादी में शीतलहर शुरू हो गई है।,8.35,Bad,7,11,4
124,"the cold could be gauged by the fact that the minimum temperature at shrinagar was 4.8 degrees celsius, in gulmarg it was below 0 at 0.2 degrees and in leh it reached 1.8 degrees celsius.","यह इस बात से पता लगाया जा सकता है कि कूनसागर में कम तापमान ४.८ डिग्री सेल्सियस था, जो कि १.२ डिग्री से नीचे था और इसे १.१ डिग्री के बीच था.","ठंड का अंदाजा इसी बात से लगाया जा सकता है कि श्रीनगर में न्यूनतम तापमान . डिग्री सेल्सियस, गुलमर्ग में शून्य से नीचे . डिग्री और लेह में . डिग्री सेल्सियस पहुंच गया है।",39.66,Medium,32,34,2
125,leh was the coolest place in the whole state.,लीओ पूरे राज्य में सबसे शांत जगह थी.,पूरे राज्य में लेह सबसे ठंडा रहा।,46.62,Medium,8,7,1
126,"however, due to rain and snow the strategically important srinagar to leh national highway has been closed to traffic.","लेकिन बारिश और बर्फ की वजह से, देश - भक्‍ति के लिए ज़रूरी कदम उठाना बंद कर दिया गया है ।","वहीं, बारिश और हिमपात के चलते सामरिक दृष्टि से महत्वपूर्ण श्रीनगरलेह राष्ट्रीय राजमार्ग यातायात के लिए बंद हो गया है।",19.98,Bad,21,20,1
127,there is heavy snowfall in the jozilla pass.,जारिला में भारी हिमोआ हो जाता है ।,जोजिला दर्रे पर भारी हिमपात हुआ है।,31.11,Medium,8,7,1
128,this is the fourth snowfall of the season in the kashmir valley and the first heavy snowfall.,यह है किरमीर घाटी में मौसम का चौथा हिमोज और पहली भारी बर्फबारी।,कश्मीर के पहाड़ी इलाकों में इस मौसम का यह चौथा और पहला भारी हिमपात हुआ है।,26.03,Medium,13,16,3
129,"due to the western disturbance activity, since the early hours of thursday the higher hilly regions have experienced some snowfall and the low lying areas had rainfall, that continued until late into the evening.","पश्‍चिमी खलबली गतिविधि के कारण, जब से उच्च पहाड़ी क्षेत्रों के प्रारंभिक घंटे ऊपरी इलाकों को पार करने के समय से बर्फ गिरती है और नीचे के निचले क्षेत्रों में बारिश होती है, तब तक यह शाम तक जारी रहती है ।","पश्चिमी विक्षोभ की सक्रियता के कारण वीरवार तड़के ही वादी के उच्चपर्वतीय इलाकों में हिमपात व निचले इलाकों में बारिश का दौर शुरू हो गया, जो देर शाम तक जारी रहा।",33.53,Medium,42,31,11
130,normal life has also been affected by the cold.,सामान्य जीवन भी ठंड से प्रभावित हुआ है ।,ठंड से सामान्य जनजीवन भी प्रभावित होकर रह गया।,52.07,Good,9,9,0
131,people remained in their homes to avoid the cold.,लोग ठंड से बचने के लिए अपने घरों में रह रहे थे ।,शीतलहर से बचने के लिए लोग घरों में दुबके रहे।,46.85,Medium,13,10,3
132,"meanwhile, the electricity supply has also failed in this area.",इसका अर्थ है कि इस क्षेत्र में बिजली की आपूर्ति भी असफल हुई है ।,"इस बीच, कई इलाकों में बिजली आपूर्ति भी ठप रहा।",39.75,Medium,15,10,5
133,the day temperatures in shrinagar were four degrees below normal and were recorded at 13.7 degrees celsius.,सन्‌ 1337 डिग्री के बीच के तापमान को कम किया गया था और उसे 13 डिग्री के अंदर लिखा गया था ।,श्रीनगर का दिन का अधिकतम तापमान सामान्य से चार डिग्री नीचे . डिग्री सेल्सियस दर्ज किया गया।,28.07,Medium,22,17,5
134,"due to the rains along with strong winds in jammu in the early morning of thursday, the cold increased at night.",इस वजह से रात के वक्‍त बारिश का मौसम बढ़ता जा रहा है ।,वहीं जम्मू में भी वीरवार तड़के तेज हवा के साथ हुई बारिश के कारण रात के समय ठंड बढ़ गई है।,19.22,Bad,14,21,7
135,a minimum temperature of 16.6 and a maximum temperature of 27.0 degrees celsius were recorded in jammu.,सन्‌ 1666 का न्यूनतम तापमान और 27 डिग्री सेलीअस कोचू में रिकॉर्ड किया गया था ।,जम्मू में न्यूनतम तापमान . और अधिकतम . डिग्री सेल्सियस रिकॉर्ड किया गया।,54.39,Good,16,13,3
136,"according to the weather department, the influence of the western disturbances is declining and the weather will improve by friday.",मौसम विभाग के मुताबिक पश्‍चिम गड़बड़ी का असर कम होता जा रहा है और मौसम गरम होने लगता है ।,"मौसम विभाग के अनुसार, पश्चिमी विक्षोभ का प्रभाव घटने लगा है और शुक्रवार से मौसम में सुधार आएगा।",27.1,Medium,20,18,2
137,"according to the shrinagar weather departments director, sonam lots, the weather in the valley from november the first to the seventh is expected to be dry.","इसके अलावा, यह भी कहा जाता है कि इस घाटी का सबसे पहला मौसम है, ज़मीन से लेकर सात साल तक सूखा रहना ।",श्रीनगर स्थित मौसम विभाग के निदेशक सोनम लोट्स के अनुसार पहली नवंबर से एक सात नवंबर तक वादी में मौसम शुष्क रहने की संभावना है।,15.54,Bad,24,25,1
138,"asaram, jailed on sexual assault charges, was once again disappointed by the supreme court on friday.","एक बार फिर, फूमी दिन के सर्वोच्च न्यायालय ने उसे फिर से निराश कर दिया ।",यौन उत्पीड़न के आरोप में जेल में बंद आसाराम को शुक्रवार को एक बार फिर सुप्रीम कोर्ट से निराशा ही हाथ लगी।,20.34,Medium,16,22,6
139,"it was pleaded on behalf of asaram that the media coverage is presenting him as a kind of dracula drinking the blood of children, but the supreme court denied his request to ban the media coverage.",लेकिन सर्वोच्च न्यायालय ने मीडिया के विस्तार पर प्रतिबंध लगाने के लिए उसके निवेदन को अस्वीकार कर दिया ।,"आसाराम की ओर से दलील दी गई मीडिया कवरेज में उन्हें बच्चों का रक्त पीने वाले ड्रैकुला के रूप में पेश किया जा रहा है, लेकिन अदालत ने मीडिया कवरेज पर रोक लगाने की उनकी मांग खारिज कर दी।",19.83,Bad,19,39,20
140,chief judge p. satshivams panel refused to ban the media coverage about asaram and said that they had read every word reported by the media and had not found anything objectionable in it.,मुख्य न्यायाधीश पी. डशीशीश पैनल ने मीडिया पर प्रतिबंध लगाने से मना कर दिया और कहा कि वे मीडिया द्वारा रिपोर्ट किए गए हर शब्द को पढ़ चुके थे और उसमें कुछ अनुचित नहीं पाया था.,मुख्य न्यायाधीश पी. सतशिवम की पीठ ने आसाराम के बारे में मीडिया को खबर चलाने से रोकने का आदेश देने से इन्कार करते हुए कहा कि उन्होंने मीडिया में रिपोर्ट किए गये हर शब्द को देखा है और उन्हें उसमें दखल देने का कोई कारण नजर नहीं आता।,33.04,Medium,36,48,12
141,when they are receiving information from the police and other people how can we stop them?,जब पुलिस और दूसरे लोगों से जानकारी प्राप्त की जाती है तो हम उन्हें कैसे रोक सकते हैं?,जब पुलिस और अन्य लोगों से वे सूचनाएं हासिल कर रहे हैं तो हम उन्हें कैसे रोक सकते हैं।,53.29,Good,18,19,1
142,before that asarams lawyers accused the media of showing highly biased news.,इससे पहले कि असंभावी वकील ने मीडिया पर अत्यधिक पक्षपात की खबर देने का आरोप लगाया ।,इससे पहले आसाराम के वकील ने मीडिया पर आरोप लगाया कि वह उनके बारे में बढ़ाचढ़ा कर खबरें दिखा रहा है।,36.91,Medium,17,21,4
143,the country has so many newspapers and news channels.,इस देश में इतने सारे समाचार पत्र और समाचार चैनल हैं.,देश में इतने अखबार और चैनल हैं।,53.76,Good,11,7,4
144,"they cannot file cases against every one of them, but the panel was not influenced by this plea and refused to file a complaint, saying that they had other options too.","वे हर किसी के खिलाफ कुछ भी नहीं कर सकते, लेकिन पैनल में इस बिनती से प्रभावित नहीं हुआ और न ही यह शिकायत करने से इनकार कर दिया गया कि उनके पास भी दूसरे विकल्प थे ।","वे किसकिस के खिलाफ मामला दाखिल करें, लेकिन पीठ इन दलीलों से प्रभावित नहीं हुई और मामले में दखल देने से इन्कार करते हुए कहा कि उनके पास और भी विकल्प हैं।",40.38,Medium,38,32,6
145,the court has already previously denied asarams request to ban the media coverage.,अदालत ने पहले ही मीडिया कवरिंग के लिए निवेदन अस्वीकार कर दिया है.,इससे पहले भी एक बार कोर्ट मीडिया कवरेज पर रोक लगाने की आसाराम की मांग ठुकरा चुका है।,22.81,Medium,13,18,5
146,the officers of the department claim that this is the biggest case of tds theft to date.,विभाग के अफसर दावा करते हैं कि यह तिथि तक चोरी का सबसे बड़ा मामला है ।,विभाग के अधिकारियों का दावा है कि यह अब तक की सबसे बड़ी टीडीएस चोरी का मामला है।,42.85,Medium,17,18,1
147,"the director of the mall group made payments to all the financial institutions after deducting the tds, but did not deposit it in the government treasury.","इसके बजाय, उन्होंने सरकार के भंडार में उसे जमा नहीं किया ।","मॉल के ग्रुप संचालक ने टीडीएस काटकर संबंधित वित्तीय संस्थानों को भुगतान तो किया, लेकिन सरकारी खजाने में इसका भुगतान नहीं किया।",17.0,Bad,12,22,10
148,in this way he kept the accumulated tds amount.,इस तरह उसने जमा सामान रखा ।,ऐसा करके टीडीएस का रुपया खुद के पास जमा करता रहा।,10.94,Bad,7,11,4
149,"the mumbai income tax team, along with the team from the jaipur income tax department, raided this group on october 17th.",उस दल ने अक्‍तूबर १७ को इस समूह पर धावा बोला ।,इस ग्रुप पर अक्टूबर को मुंबई से आई अन्वेषण टीम ने जयपुर अन्वेषण टीम के साथ मिलकर कार्रवाई की थी।,8.55,Bad,12,20,8
150,during the investigation of this group it was revealed that this businessman had deducted the tds but had not paid it in.,इस समूह की जाँच के दौरान यह प्रकट किया गया कि इस व्यापारी ने टी.,इसी कड़ी की जांच में पता चला था कि इस व्यापारी ने टीडीएस तो काटा है लेकिन जमा नहीं कराया।,31.42,Medium,15,20,5
151,this is why the tds team initiated an income tax survey of this group.,यही कारण है कि टीड टीम ने इस समूह के एक आय कर का सर्वेक्षण शुरू किया।,इसी कारण से टीडीएस की टीम ने गुरुवार को इस ग्रुप पर आयकर सर्वे की कार्रवाई शुरू की थी।,25.33,Medium,17,19,2
152,"about 15 days before, raids and a survey was carried out on the malls group of directors, before there was any risk of the accounts being sealed.","इसके करीब 15 दिन पहले, भाइयों पर हमला किया गया और एक सर्वे में निर्देशकों के समूह पर छापा मारा गया ।",खाते सील होने का खतरा करीब दिन पूर्व इस मॉल संचालक के ग्रुप पर छापे और सर्वे की कार्रवाई हुई थी।,21.09,Medium,22,21,1
153,"angry with these actions, the businessman clearly told the officers of the income tax department that he is not ready to pay the tds amount due to the income tax department right now.",इन कामों से उस व्यापारी ने साफ - साफ बता दिया था कि वह पैसे के रख - रखाव विभाग के अधिकारियों को नहीं दे रहा है ।,इस कार्रवाई से नाराज इस व्यापारी ने आयकर विभाग के अधिकारियों को साफ कह दिया है कि वे अभी आयकर विभाग को टीडीएस का रुपया चुकाने को तैयार नहीं हैं।,33.88,Medium,28,30,2
154,the income tax department is continuing to target him and take action.,पैसा कमाने का काम उसे लक्ष्य रखने और कार्य करने के लिए जारी रहता है ।,आयकर विभाग उन्हें लगातार टारगेट करके कार्रवाइयां कर रहा है।,18.59,Bad,16,10,6
155,in this case the officers have explained that if payment is not made the accounts will be frozen and a recovery procedure will be initiated.,इस मामले में अधिकारियों ने समझाया है कि यदि भुगतान नहीं किया जाता है तो लेखा जमा किया जाएगा और एक चंगाई प्रक्रिया शुरू की जाएगी ।,इस मामले में जांच कर रहे अधिकारियों ने स्पष्ट किया है कि भुगतान नहीं होने की स्थिति में खाते सील करके रिकवरी की कार्रवाई की जाएगी।,41.36,Medium,27,26,1
156,as diwali is approaching the demand for desserts has increased.,"जैसे - जैसे बच्चे बड़े होते जा रहे हैं, उनकी माँग बढ़ती जा रही है ।",दीपावली को देखते हुए मिठाई की मांग बढ़ जाती है।,18.74,Bad,16,10,6
157,"because of this, the sale of substandard and counterfeit milk solids has increased.","इसके कारण, अधिक नक़ली और नक़ली दूध की बिक्री बढ़ती जा रही है ।",इसे देखते हुए घटिया व नकली मावे की बिक्री बढ़ जाती है।,31.7,Medium,14,12,2
158,"to make the desserts glossy, colourful and sweet, chemicals that are harmful for the health are being used,.",ये रसायन उन रसायनों को इस्तेमाल किए जाते हैं जो स्वास्थ्य के लिए हानिकारक हैं ।,"मिठाई को और चमकदार, रंगीन व मीठा बनाने के लिए रसायनों का उपयोग किया जाता है, जो स्वास्थ्य के लिए खतरनाक है।",33.37,Medium,16,22,6
159,the food and drug administration department has launched a campaign against fake milk solids and chemical based desserts.,भोजन और नशीले पदार्थों के प्रशासन विभाग ने नकली दूध के ठोस और रासायनिक आधारों के विरुद्ध एक अभियान चलाया है ।,अन्न व औषधि प्रशासन विभाग ने नकली मावा व रसायनयुक्त मिठाई के खिलाफ अभियान छेड़ दिया है।,37.4,Medium,22,17,5
160,the department has seized rs.70 thousand worth of milk solids brought in from madhya pradesh and rs 5 thousand worth chum chum from the quetta colony.,इस विभाग ने सा. यु. पू.,विभाग ने मध्यप्रदेश से आया हजार का मावा व क्वेटा कालोनी से हजार का चमचम जब्त किया।,9.74,Bad,6,17,11
161,with the increase in demand of desserts in the market the demand for fake milk solids from madhya pradesh has also increased.,"बाज़ार में मुर्गी के दूध की माँग बढ़ रही है, जिससे पागलीश से नकली दूध की माँग भी बढ़ गयी है ।",बाजार में मिठाई की मांग बढऩे के साथ ही मध्यप्रदेश से घटिया मावे की मांग भी बढ़ गई है।,27.1,Medium,22,19,3
162,the department received a tip off that substandard milk solids were being brought from madhya pradesh to nagpur and stored in soil.,इस विभाग को एक बख्शिश मिली कि सबसे ज़्यादा दूध ठोस पदार्थ को मिट्टी में जमा करने और जमा करने के लिए पागल मिट्टी में रखा जा रहा है ।,गंदगी में रखे घटिया मावे को मध्यप्रदेश से नागपुर लाने की सूचना विभाग को मिली।,26.05,Medium,30,15,15
163,the milk solids were brought from the transport garage to nagpur.,दूध की ठोस ज़रूरत को लाँध के लिए परिवहन से लाया जाता था ।,ट्रांसपोर्ट गैरेज से मावे की खेप नागपुर मंगाई जा रही है।,9.16,Bad,14,11,3
164,the milk solids seized by the department were reported to be worth rs.70 thousand.,"कहा जाता है कि विभाग ने दूध के लिए जो ठोस ठोस ठोस सामान पकड़ लिया था, उसकी कीमत 100 हज़ार है ।","विभाग ने इस मावे को कब्जे में लिया, जिसकी कीमत हजार रु बताई गई।",27.65,Medium,23,14,9
165,no one has claimed the milk solids due to the risk of legal action.,कोई भी व्यक्‍ति ने कोई भी दूध को कानूनी कार्यवाही के ख़तरे के कारण ठोस नहीं घोषित किया है ।,कार्रवाई के डर ने किसी ने भी मावे पर हक नहीं जताया।,19.99,Bad,20,12,8
166,the department has destroyed the same as it was considered unclaimed unknown.,विभाग ने ऐसे नष्ट कर दिया है जैसे यह अज्ञात माना जाता है.,विभाग ने अनक्लेम अघोषित संपत्ति मानकर इसे नष्ट कर दिया।,36.47,Medium,13,10,3
167,the department raided jitendra caterers in the quetta colony and seized chum chum worth around rs.5 thousand.,इस विभाग ने इनकीले की बस्ती में बहुत - से भाई - बहनों पर हमला किया और उन्हें चममम के चारों ओर ले लिया ।,विभाग ने क्वेटा कालोनी स्थित जीतेंद्र कैटरर्स पर छापा मारकर लगभग हजार के चमचम बरामद किए।,18.39,Bad,25,16,9
168,a chemical named sodium hydrosulphate is used to make the chum chum shiny and more lasting.,इस प्रक्रिया में एक रसायन का प्रयोग होता है जो क्लोरीन क्लोरीन को ज़्यादा स्थायी और स्थायी बनाने के लिए किया जाता है ।,चमचम चमकने व ज्यादा दिन तक टिके रहने के लिए सोडियम हाइड्रोसल्फाइट नामक रसायन का इस्तेमाल किया गया था।,25.93,Medium,24,19,5
169,a sample has been sent to the laboratory.,एक नमूना प्रयोगशाला में भेजा गया है.,इसका नमूना प्रयोगशाला भेजा जाएगा।,54.8,Good,7,5,2
170,"the jointcommissioner of the department, s.s. deshmukh, said that the campaign to seize chemical based desserts and substandard or counterfeit milk solids will continue.",द न्यू यॉर्क टाइम्स्‌ (अंग्रेज़ी) ने कहा कि रसायनिक आधारभूत और अधिक नक़ली दूध या नक़ली दूध को लेने का अभियान जारी रहेगा ।,विभाग के सहआयुक्त एस. एस. देशमुख ने कहा कि रसायनयुक्त मिठाई व घटिया एवं नकली मावे की धरपकड़ का अभियान जारी रहेगा।,34.48,Medium,24,22,2
171,the department also said that in the next few days this campaign would intensify.,विभाग ने यह भी कहा कि अगले कुछ दिनों में यह अभियान और भी बढ़ जाएगा ।,अगले कुछ दिनों में यह अभियान और तेज करने की जानकारी विभाग की ओर से दी गई है।,49.28,Medium,17,18,1
172,the consumption of these desserts can cause poisoning.,इस बीमारी का इलाज करने से शरीर में ज़हर घोल सकता है ।,इन मिठाइयों के सेवन से विषबाधा भी हो सकती है।,15.93,Bad,13,10,3
173,the department has asked tradesmen to use good milk and milk solids when making desserts.,इस विभाग ने दूध और दूध को अच्छी तरह दूध और ठोस चीज़ों का इस्तेमाल करने की माँग की है ।,"विभाग ने मिठाई व्यवसायियों को अच्छे दूध, मावे से मिठाई बनाने को कहा।",24.69,Medium,21,13,8
174,an appeal has been made on behalf of the department to the public to beware of fake desserts.,एक अपील विभाग के लिए आम जनता के लिए की गयी है ताकि नक़ली रोगाणुओं से सावधान रहें ।,नकली मिठाई व मावे से सावधान रहने की अपील विभाग की ओर से लोगों को की गई है।,36.71,Medium,19,18,1
175,42 selected senior leaders of the state bjp unit gave him a grand reception at the airport.,राज्य के ४२ चुने हुए वृद्ध नेताओं ने हवाई अड्डे पर उसे एक शानदार स्वागत दिया ।,प्रदेश भाजपा के चुनिन्दा वरिष्ठ नेताओं ने हवाईअड्डा पर उनकी जोरदार अगवानी की।,33.2,Medium,17,13,4
176,it is noteworthy that modi was here on a consolation tour in bihar organised by the bjp.,इस बात पर गौर करने लायक बात है ।,उल्लेखनीय है कि मोदी भाजपा द्वारा आयोजित सांत्वना यात्रा के लिए बिहार के दौरे पर आए हैं।,7.51,Bad,9,17,8
177,the consolation tour was an exercise organised by the bjp to console the families of the victims of the patna bomb blasts.,"कुछ ही समय बाद, हम एक - दूसरे के साथ बाइबल अध्ययन करने लगे ।",सांत्वना यात्रा का आयोजन पटना में हुए विस्फोटों में मारे गए लोगों के परिजनों को भाजपा की ओर से मरहम लगाने की कवायद है।,8.04,Bad,15,24,9
178,it is noteworthy that a total of 7 bomb blasts occurred one after the other during narendra modis hunkaar rally on october 27th.,यह गौर करने लायक बात है कि अक्‍तूबर २७ को निम्राफॉडर पर कुल मिलाकर 7 बम विस्फोट हुए ।,उल्लेखनीय है कि पटना में अक्टूबर को नरेन्द्र मोदी की हुंकार रैली के दौरान एक के बाद एक कुल सात धमाके हुए थे।,16.11,Bad,19,23,4
179,"indian mujahideen terrorists involved in the bombings had intended to cause a stampede during the rally, so that more people would die and to spread panic in the state.",युद्ध के दौरान हुई बम - विस्फोटों में शामिल आतंकवादी इस इरादे से मारे गए थे कि कहीं ज़्यादा लोग मारे जाएँ और देश में दहशत फैला दें ।,"विस्फोटों में संलिप्त रहे इंडियन मुजाहिदीन के आतंकियों की मंशा रैली के दौरान भगदड़ मचाने की थी, ताकि अधिकाधिक लोग हताहत हों और प्रदेश में दहशत का माहौल बने।",29.3,Medium,29,29,0
180,the terrorists intentions were thwarted but six people died in the blasts.,आतंकवादी उद्देश्‍य असफल हुए लेकिन छः लोग विस्फोटों में मारे गए ।,"आतंकियों की वह मंशा तो कामयाब नहीं हुई, लेकिन विस्फोटों में छह लोगों की जान चली गई।",27.16,Medium,12,17,5
181,they all have been declared to be martyrs by the bjp.,वे सभी को bjp द्वारा शहीद होने के लिए घोषित किया गया है.,उन सभी को भाजपा ने शहीद घोषित किया है।,40.67,Medium,13,9,4
182,an urn tour was organized from their village by the party leaders on thursday.,उस वक्‍त पार्टी के नेताओं ने अपने गाँव से एक खबर भेजी थी ।,उनके गांव से अस्थिकलश लेकर पार्टी के नेता गुरुवार से यात्रा पर निकले हैं।,26.17,Medium,14,14,0
183,their remains were buried in the ganges in patna on november 5th.,उनके अवशेष को पमबर 5 वीं पर दलना में दफन कर दिया गया था.,पांच नवम्बर को उन सभी की अस्थियां पटना में गंगा में एक साथ प्रवाहित की जाएंगी।,13.99,Bad,14,16,2
184,the consolation tour was a part of this tour.,इस यात्रा का एक भाग था ।,इसी यात्रा के अंश रूप में सांत्वना यात्रा का आयोजन है।,17.99,Bad,7,11,4
185,the main player in this was narendra modi.,इस में मुख्य खिलाड़ी Nargi था.,इसके मुख्य किरदार नरेन्द्र मोदी हैं।,13.85,Bad,6,6,0
186,he will be going to the villages of the people killed in the bomb blasts to meet the families.,वह उन लोगों के गाँवों में जा रहा होगा जो बम विस्फोटों में मारे गए थे परिवारों से मिलने के लिए.,वे शनिवार सुबह सात बजे से विस्फोटों में मारे गए लोगों के गांव जाकर उनके परिजनों से मिलेंगे।,46.67,Medium,21,18,3
187,during this meeting and visit he will be donating cheques worth five lakh rupees to each family of the deceased.,इस सभा में और भेंट के दौरान वह मृत परिवार के हर परिवार के लिए पाँच लाख रुपये मूल्य देगा ।,इस भेंटमुलाकात के दौरान वे मृतकों के परिजनों को पांचपांच रुपये का चेक भी प्रदान करेंगे।,24.65,Medium,21,16,5
188,this financial aid has been already announced by the bjp.,इस वित्तीय सहायता पहले ही bjp द्वारा घोषित किया गया है.,इस आर्थिक मदद की घोषणा भाजपा ने पहले से ही कर रखी है।,14.95,Bad,11,13,2
189,"when the exciting indian team plays at the m. chinnaswamy stadium after their spectacular win in the last match for the seventh and last oneday against australia, they will be aiming to win this match and win the series.","जब एम पर रोमांचक टीम खेलती है, तो ज्‍नावा स्टेडियम के आखिरी मैच के बाद, सातवें और आखिरी दिन के लिए, वे इस प्रतियोगिता को जीतने और श्रृंखला जीतने का लक्ष्य रखा जाएगा ।",पिछले मैच में मिली धमाकेदार जीत से उत्साहित भारतीय टीम शनिवार को जब एम चिन्नास्वामी स्टेडियम में ऑस्ट्रेलिया के खिलाफ सातवें और अंतिम वनडे में उतरेगी तो उसका लक्ष्य जीत के साथ सीरीज पर कब्जा करना होगा।,25.39,Medium,34,37,3
190,"after rains washed out the last two oneday matches, they had to win the nagpur oneday for india to remain in the series, and its batsmen played an amazing game and had a record win, levelling the series at 22.","पिछले एक दिन बारिश के बाद, जब बारिश हुई तो उन्हें एक दिन में एनीशिया में रहने के लिए एक दिन जीत हासिल करनी थी, और उसके बगुल्स ने एक अद्भुत खेल खेला और एक रिकॉर्ड, नंबर 22 पर श्रृंखला थी.","बारिश की वजह से लगातार दो वनडे मैच धुल जाने के बाद सीरीज में बने रहने के लिए भारत को किसी भी हाल में नागपुर वनडे जीतना था और उसके बल्लेबाजों ने धमाकेदार प्रदर्शन करते हुए उसे रिकॉर्ड जीत दिलाई, जिससे टीम ने सीरीज में से बराबरी की।",23.31,Medium,41,48,7
191,in this series team india has achieved the target of 350 or more runs twice and once again the responsibility to save the team lies with the batsmen.,इस श्रृंखला टीम में 350 या उससे अधिक बार चला जाता है और टीम को बचाने की ज़िम्मेदारी फिर से हासिल कर लिया है।,सीरीज में टीम इंडिया दो बार रन से अधिक के लक्ष्य को दो बार हासिल कर चुकी है और एक बार फिर टीम की नैया पार लगाने की जिम्मेदारी बल्लेबाजों पर ही होगी।,29.67,Medium,24,33,9
192,indian batting is at its peak now and even the bigger targets seem small to them.,और यह भी कि ये बड़े - बड़े लक्ष्य उनके लिए बहुत कम लगते हैं ।,भारतीय बल्लेबाजी इस समय चरम पर है और बड़े से बडा लक्ष्य भी उसके सामने बौना साबित हो रहा है।,16.42,Bad,16,20,4
193,"rohit sharma, shikhar dhawan, virat kohile and mahendra singh dhoni are in great form, but the team also has high expectations of yuvraj singh, suresh raina and ravindra jadeja.","झोघा, शोहरा कुतावान, शंखनी और शिघा पाप महान रूप में हैं, लेकिन टीम में भी yugaghah पाप की उच्च आशा है, यकीन है कि बारिश और राघांग।","रोहित शर्मा, शिखर धवन, विराट कोहली और महेंद्र सिंह धौनी जबरदस्त फॉर्म में हैं, लेकिन युवराज सिंह, सुरेश रैना और रवींद्र जडेजा से भी टीम को खासी उम्मीदें रहेंगी।",18.89,Bad,27,29,2
194,"as far as opening is concerned, the opening pair of rohit and shikhar is making the job easier for the other batsmen, with their strong partnership.","जहाँ तक खोलने के बारे में बात है, वेशाई और शोहर का पहला जोड़ा काम कर रहा है, उनकी मजबूत साझेदारी के साथ।",जहां तक ओपनिंग का सवाल है तो रोहित और शिखर के रूप में टीम को ऐसी सलामी जोड़ी मिली है जो ठोस साझेदारी से बाकी बल्लेबाजों का काम आसान कर रही है।,22.85,Medium,23,32,9
195,they gave virat the opportunity to bat without any pressure in jaipur and nagpur with their remarkable opening partnership.,उन्होंने अपने अनोखे खोलने वाले साझेदारी के साथ किसी भी दबाव और किसी भी दबाव के बिना बल्ला मारने का अवसर दिया ।,जयपुर और नागपुर में उन्होंने ओपनिंग में शानदार साझेदारी करते हुए विराट को बिना किसी दबाव के खेलने का मौका दिया था।,32.39,Medium,23,22,1
196,"given the great performance by virat up until now at no.3, he is being seen as the future sachin tendulkar.","3 में, उसे भविष्य में श्‍वेतों के रूप में देखा जा रहा है.",तीसरे नंबर पर कोहली ने अब तक जो विराट प्रदर्शन किया है उससे उन्हें भविष्य का सचिन तेंदुलकर माना जा रहा है।,17.63,Bad,13,22,9
197,"actually, a lot of cricket greats have said that he is better than sachin.","वास्तव में, बहुत से क्रिकेटों ने कहा है कि वह cachon से बेहतर है।",बल्कि कई क्रिकेट पंडितों ने तो उन्हें सचिन से भी बेहतर करार दे दिया है।,24.01,Medium,14,15,1
198,"virat, who is completing 25 years next week, has scored 17 oneday centuries out of which 16 have lead to an indian victory.","वह कहता है: “जब मैं 25 साल का था, तब मुझे पता चला कि मेरी ज़िंदगी का मकसद क्या है ।",अगले सप्ताह साल के होने जा रहे विराट वनडे शतक लगा चुके हैं जिनमें से भारत ने में जीत दर्ज की है।,13.85,Bad,21,22,1
199,while chasing a target his average is above 80 and he has emerged as a excellent finisher.,जबकि एक लक्ष्य का पीछा करना उसकी औसत 80 से ऊपर है और वह एक बढ़िया अंतक के रूप में उभरा है.,लक्ष्य का पीछा करते हुए उनका औसत . से ऊपर है और वह बेहतरीन फिनिशिर के रूप में उभरे हैं।,48.36,Medium,22,20,2
200,"the top three batmen of india are in great form, but too much reliance on these three can also be damaging for the team.",इन तीनों पर बहुत ज़्यादा भरोसा किया जा सकता है और टीम के लिए भी नुकसान हो सकता है ।,"भारत के शीर्ष तीन बल्लेबाज तो जोरदार फॉर्म में हैं, लेकिन इन तीनों पर अत्यधिक निर्भरता टीम के लिए नुकसानदेह भी हो सकती है।",27.06,Medium,20,24,4
201,raina and yuvraj were very bog flops in the last match.,बारिश और yuvajjuje अंतिम मैच में बहुत ही boows थे.,रैना और युवराज पिछले मैच में बुरी तरह फ्लॉप रहे थे।,17.23,Bad,10,11,1
202,yuvraj could not even open his account in the two matches of the series.,Yuvvaj श्रृंखला के दोनों जोड़ में अपने खाते को भी नहीं खोल सका.,युवराज तो सीरीज में दो मैचों में खाता भी नहीं खोल पाए हैं।,24.5,Medium,13,13,0
203,"because of this, a good innings at the bengaluru oneday would be a lifeline for him.","इस कारण, उसके लिए एक दिन की सैर एक जीवन - अवधि होगी ।",ऐसे में उनके लिए बेंगलूर वनडे में अच्छी पारी लाइफलाइन का काम कर सकती है।,13.01,Bad,14,15,1
204,"as far as australia team is concerned, their batsmen especially captain george bailey, has impressed everyone with his performances.","जहाँ तक अकादमिया टीम की बात है, उनके बिस्कुटों ने खास तौर पर कप्तान गॉज़ुली को अपने प्रदर्शनों से प्रभावित किया है ।",जहां तक ऑस्ट्रेलिया का सवाल है तो उसके बल्लेबाजों खासकर कप्तान जॉर्ज बेली ने अपने प्रदर्शन से सबको प्रभावित किया है।,39.4,Medium,23,21,2
205,there has been demand to include him in the home ashes test team against england.,"वहाँ उसे घर की राख की परीक्षा में शामिल होने की माँग की गई है, जो ईंगलैंड के खिलाफ है ।",उन्हें इंग्लैंड के खिलाफ घरेलू एशेज सीरीज के लिए टेस्ट टीम में लिए जाने की भी मांग उठ रही है।,24.78,Medium,21,20,1
206,australia has good batsmen up to number nine.,Austtomy नौ नंबर करने के लिए अच्छा बल्ले है.,ऑस्ट्रेलिया के पास नौवें नंबर तक अच्छे बल्लेबाज हैं।,21.29,Medium,9,9,0
207,"besides of bailey, shane watson, glenn maxwell, adam voges and james faulkner have batted well in the series.","जमासी के अलावा, शोन वेन मैक्सवेल, Advigage और जाम लोफ्लनर ने श्रृंखला में अच्छी तरह से उपयोग किया है.","बेली के अलावा शेन वॉटसन, ग्लेन मैक्सवेल, एडम वोग्स और जेम्स फॉकनर ने सीरीज में अच्छी बल्लेबाजी की है।",33.18,Medium,19,19,0
208,although phil hugh and eron finch havent been able to make an impression at the opening.,हालाँकि फिलिप्पे और एरॉन फ्यूट खुले में एक प्रभाव बनाने में समर्थ हुए हैं ।,हालांकि ओपनिंग में फिल ह्यूंज और एरोन फिंच कोई प्रभाव नहीं छोड़ पाए हैं।,25.41,Medium,15,14,1
209,"however, the absence of bowler michael johnson could make things difficult.","फिर भी, कटोरे का कटोरा जोन है उसकी कमी की वजह से हालात बहुत मुश्‍किल हो सकते हैं ।",गेंदबाजी में मिशेल जॉनसन की कमी ऑस्ट्रेलिया को भारी पड़ सकती है।,17.07,Bad,19,12,7
210,"johnson, who had been performing well until now in the series, has been sent home to prepare for the ashes series.","सोनसन, जो अब तक अच्छी तरह से काम कर रहा था, राख श्रृंखला के लिए तैयारी करने के लिए घर भेज दिया गया है ।",सीरीज में अब तक शानदार प्रदर्शन करने वाले जॉनसन को एशेज सीरीज की तैयारियों के लिए स्वदेश भेज दिया गया है।,30.14,Medium,25,21,4
211,"bjp national executive member and chief spokesperson, dr jitendra singh, said pakistan is now working on a new strategy to infiltration of terrorist groups under the guise of peace.",वे कहते हैं कि भारत में शांति की वजह से आतंकवादी दलों का नामो - निशान मिटा दिया गया है ।,भाजपा राष्ट्रीय कार्यकारिणी के सदस्य व मुख्य प्रवक्ता डॉ. जितेंद्र सिंह ने कहा कि पाकिस्तान इस दिखावटी शांति की आड़ में आतंकवादियों की घुसपैठ करवाने की किसी नई नीति काम कर रहा है।,16.78,Bad,21,33,12
212,"citing reports from intelligence agencies, singh said in a statement issued on thursday that pakistan is leaving no stone unturned in trying to infiltrate 2,000 terrorists trained in their training camps.",वे कहते हैं: “यह एक ऐसी बात है जो लोगों के मन में घर कर जाती है । ”,खुफिया एजेंसियों की रिपोर्टो का हवाला देते हुए सिंह ने वीरवार को यहां जारी बयान में कहा कि पाकिस्तान अपने ट्रेनिंग कैंपों में तैयार के करीब आतंकवादियों की घुसपैठ करवाने के लिए एड़ी चोटी का जोर लगा रहा है।,8.21,Bad,19,39,20
213,that is why they will never allow peace to prevail on the border.,इसलिए वे कभी भी सीमा पर शांति प्रबल होने की अनुमति नहीं देंगे ।,इसके लिए वह सीमा पर कभी भी शांति नहीं होने देगा।,42.28,Medium,14,11,3
214,"after the separatists intentions of provoking the people in kashmir and spreading widespread unrest failed, pakistan has become more unruly.","इस तरह, वे एक - दूसरे से नफरत करने लगे हैं ।",कश्मीर में लोगों को भड़का कर बड़े पैमाने पर हालात खराब करने के अलगाववादियों के मंसूबे नाकाम होने के बाद पाकिस्तान और भी बिफरा हुआ है।,7.02,Bad,12,26,14
215,"citing the pakistan tour of the separatist the bjp leader said that the isi chief, lt. gen zaheerulislam, lashkar, hizb chiefs hafeez sayeed and saiyad sallahuddin have predicted a rise in terrorism in 2014.","secpppipats के pargirirp नेता की यात्रा की ओर इशारा करते हुए कहा कि यह प्रधान है, हां. Wagaphers, scherkakas, argigigigen कहते हैं और adigigigigigigigin ने 2014 में आतंकवाद की भविष्यवाणी की है 2014 में एक वृद्धि की है.","गत वर्ष अलगाववादियों के पाकिस्तानी दौरे का हवाला देते हुए भाजपा नेता कहा कि आइएसआइ चीफ लेफ्टिनेंट जनरल जहीर उल इस्लाम, लश्कर, हिज्ब के सरगना हफीज सईद व सईद सलाहुदीन ने विश्वास दिलाया था कि में आतंकवाद को हवा दी जाएगी।",15.94,Bad,38,41,3
216,pakistan is seriously trying to complete this promise.,पेस्किस्टन इस वादे को पूरा करने की गंभीरता से कोशिश कर रहा है.,पाकिस्तान इस वायदे को गंभीरता से पूरा करने में जुटा हुआ है।,41.37,Medium,13,12,1
217,"the killing of soldiers on the border and suicide bombings in samba, hiranagar are part of the same strategy.",सीमा पर सैनिकों की हत्या और साम्बा में आत्महत्या बमों की हत्या एक ही रणनीति का हिस्सा हैं ।,"सीमा पर सैनिकों की हत्या, सांबा, हीरानगर में आत्मघाती हमले इसी रणनीति का हिस्सा हैं।",60.65,Good,19,15,4
218,"while stating that under these circumstances demand for the suspension of the special rights of the army would be dangerous, he said that saying such things before things cool down in the state is also not in the public interest.","यह कहते हुए कि इन परिस्थितियों में सेना के ख़ास अधिकारों के प्रमाण की माँग खतरनाक होगी, उसने कहा कि राज्य में शांत बातों से पहले ऐसी बातें कह देना भी सार्वजनिक दिलचस्पी में नहीं है ।",ऐसे हालात में राज्य में सेना के विशेषाधिकारों को खत्म करने की मांग को घातक करार देते हुए भाजपा नेता ने कहा कि राज्य में स्थायी शांति होने तक ऐसे बातें करना भी जनविरोधी हैं।,35.23,Medium,37,35,2
219,this would abet the antinational elements.,यह मूलतत्त्ववादी तत्वों को अवशोषित करेगा.,इनसे देशविरोधी तत्वों को शह मिलती है।,28.58,Medium,6,7,1
220,he stressed that the leaders should stop making statements that reduce the morale of the army and security forces.,उसने ज़ोर दिया कि नेताओं को ऐसी बातें करना बंद कर देना चाहिए जो सेना और सुरक्षा शक्‍तियों के नैतिक स्तर को कम करती हैं ।,"उन्होंने जोर दिया कि नेताओं के सेना, सुरक्षाबलों का मनोबल गिराने वाले बयानों पर रोक लगाई जानी चाहिए।",34.39,Medium,26,18,8
221,snowden ready to cooperate with germany over us surveillance,हिमित हम पर निगरानी के साथ clancate के साथ सहयोग देने के लिए तैयार,अमेरिकी चौकसी पर जर्मनी के साथ सहयोग करने के लिए स्नो डेन तैयार,37.98,Medium,14,13,1
222,"edward snowden, the us intelligence whistleblower, has declared that he is willing to travel to berlin to give evidence to the german parliament if the us national security agency and its director keith alexander fail to provide answers about its activities.","और अगर हम राष्ट्रीय सुरक्षा संगठन और इसके निर्देशक, ग्कल्रिएर अपने कार्यों के बारे में जवाब देने के लिए असफल रहे हैं, तो हम बुद्धिमान सीटीर ने कहा है कि वह हवाई जहाज़ के लिए यात्रा करने के लिए तैयार है।","एडवर्ड स्नो डेन, अमेरिकी खुफिया मुखबिर, ने घोषित कर दिया है कि जर्मन में संसद को प्रमाण देने के लिए बर्लिन की यात्रा करने के लिए तैयार है यदि अमेरिका के राष्ट्रीय सुरक्षा एजेंसी और उसके निदेशक किथ अलेक्जेंडर अपनी गतिविधियों के बारे में जवाब देने में विफल रहते हैं.",39.17,Medium,41,50,9
223,"german mp hanschristian ströbele on thursday met mr snowden in russia, where he has been granted asylum, to discuss him testifying in germany.",एक और बात पर गौर करने से पता चलता है कि एक व्यक्‍ति को अपने शरीर की रक्षा करने के लिए क्या करना चाहिए ।,"जर्मन एम.पी. हंस क्रिश्चियन स्ट्रॉ बेले, ने रूस में श्री स्नो डेन सेगुरुवार को मुलाकात की, जहां उसे जर्मनी में गवाही के बारे में बात करने के लिए, शरण दे दी गई है.",14.44,Bad,25,33,8
224,"a letter from mr snowden, presented to the media in berlin on friday by the mp, said though the outcome of my efforts has been demonstrably positive, my government continues to treat dissent as defection, and seeks to criminalise political speech with felony charges that provide no defence.","एमर्डन से एक पत्र ने कहा कि हालांकि मेरी कोशिशों का परिणाम सहज रूप से सकारात्मक रहा है, मेरी सरकार अब भी दोष की भावना का सामना करना जारी रखती है, और राजनीतिक भाषण देने की कोशिश करती है कि कोई बचाव प्रदान नहीं करता।","सांसद ने शुक्रवार को बर्लिन में मीडिया के समक्ष श्री स्नो डेन के द्वारा प्रस्तुत एक पत्र,में कहाः हालांकि मेरे प्रयासों के परिणाम प्रमाणपूर्वक सकारात्मक है, मेरी सरकार दल बदल के रूप में असहमति को मानते हैं, और कोई बचाव नहीं प्रदान करते हैं जो गुंडागर्दी के आरोपों के साथ राजनीतिक भाषण का अपराधीकरण करने का प्रयास है.",30.11,Medium,45,58,13
225,"however, speaking the truth is not a crime.",लेकिन सच बोलना अपराध नहीं है ।,"हालांकि, सच बोलना एक अपराध नहीं रहा है.",42.7,Medium,7,8,1
226,"in the letter, mr snowden said he believed the support of the international community could persuade the us government to abandon criminal charges against him.",इस खत में मैसर्डन ने कहा कि वह अंतर्राष्ट्रीय समुदाय के सहयोग पर विश्‍वास करता है कि सरकार हमें उसके खिलाफ आपराधिक आरोप छोड़ने के लिए कायल कर सकती है ।,"पत्र में, श्री स्नो डेन ने कहा कि उनका मानना है किवह अंतरराष्ट्रीय समुदाय का समर्थन उनके खिलाफ आपराधिक आरोपों का परित्याग करने के लिए अमेरिकी सरकार को राजी सकता है.",45.28,Medium,31,31,0
227,the charges filed by the us justice department include espionage and theft of government property.,हमारे न्याय विभाग द्वारा किए गए आरोपों में सरकार की संपत्ति की जाँच - पड़ताल और चोरी शामिल है ।,अमेरिकी न्याय विभाग की ओर से दायर आरोप गुप्तचर और सरकार की संपत्ति में से चोरी शामिल है.,48.75,Medium,20,18,2
228,"hanspeter friedrich, german interior minister, told zeit online if mr snowden is ready to speak to german officials, we will find ways to make this possible.","जब हम एक - दूसरे से बात करते हैं, तो हम उन्हें बता रहे होते हैं कि यह कैसे हो सकता है ।","हंस पीटर फ्रेडरिक, जर्मन आंतरिक मामलों के मंत्री,ने ऑनलाइन को बतायाः श्री स्नो डेन जर्मन अधिकारियों से बात करने के लिए तैयार रहा है, तो हमको इसे संभव बनाने के लिए तरीके खोजने होंगे.",12.64,Bad,23,34,11
229,relations between the us and germany have come under strain following claims that the nsa bugged chancellor angelas merkels phone.,हमारे और पैदा करनेवाले के बीच सम्बन्धों के कारण यह दावा किया गया है कि निका बगास स्टिकर म्यूस फोन के अधीन है ।,अमेरिका और जर्मनी के बीच संबंध दबाव के तहत आ गए हैं क्योंकि दावा किया है कि ने चांसलर एंजेला मार्केल का फोन बग किया है.,28.25,Medium,24,26,2
230,"thomas oppermann, the mp who heads the parliamentary panel that oversees intelligence, said that if there were an opportunity to hear mr snowden as a witness without bringing him into danger and completely ruining relations with the us, it should be taken.","उन्होंने कहा कि अगर उन्हें खतरे में डाल दिया जाए और हमारे साथ पूरी तरह से नष्ट कर दिया जाए, तो इन्हें ले लिया जाना चाहिए।","थॉमस ऑपरमान, सांसद जो संसदीय समिति के अध्यक्ष हैं , खुफिया जानकारी देखरेख करते हैं. कहा कि अगर गवाह के रूप में श्री स्नो डेन कोसुनने का अवसर होता अमेरिका के साथ संबंधों को पूरी तरह से बर्बाद कर के और खतरे में उनको लाने के बिना,तब भी इसे लिया जाना चाहिए.",23.34,Medium,26,52,26
231,"mr ströbele, an mp for germanys green party, published a picture of himself with mr snowden on his twitter feed.",यह एक ऐसी तस्वीर थी जिसमें एक पेड़ के पेट में बर्फ होती थी ।,"श्रीस्ट्रॉ बेले,जर्मनी की ग्रीन पार्टी के एक सांसद, ने ट्विटर फीड पर श्री स्नो डेन के साथ खुद की एक तस्वीर प्रकाशित की .",11.04,Bad,15,24,9
232,he was accompanied on his visit to russia by two german journalists.,उसके साथ दो पत्रकारों ने उसका स्वागत किया ।,उन्होंने कहा कि दो जर्मन पत्रकारों के साथ रूस के लिए अपनी यात्रा पर थे.,25.77,Medium,9,15,6
233,"mr ströbele said that, according to the former nsa contractors lawyer, mr snowden would not be able to return to russia if he left.",एम. जी. बी.,"श्रीस्ट्रॉ बेलेने कहा कि, पूर्व के ठेकेदार वकील के अनुसार, अगर उन्होंने रूस छोड़ दिया तो स्नो डेन रूस वापस जाने में सक्षम नहीं हैं.",1.14,Bad,3,25,22
234,"if mr snowden testified in germany he would need assurances that he would be safe there, the mp said.","अगर राजा हिमन ने किसी भी प्रकार की गवाही दी तो उसे आश्‍वासन की ज़रूरत होगी कि वह वहाँ सुरक्षित होगा, एस्म्प ने कहा ।","अगर स्नो डेन नेजर्मनी में गवाही दी तो वह वहाँ सुरक्षित होगा जो आश्वासनों की आवश्यकता होगी, सांसद ने कहा.",41.52,Medium,25,20,5
235,mr snowden said in his letter that he had faced a severe and sustained campaign of persecution that forced him from his home.,उसने अपनी चिट्ठी में कहा कि उसे ज़ुल्मों का सामना करना पड़ा था ।,श्री स्नो डेन ने उनके पत्र में कहा कि उनकोभयंकर और सतत अभियान का सामना करना पड़ा था उसके लिए उनको घर छोड़ने को बाध्य होना पड़ा.,27.33,Medium,14,27,13
236,however he said that he was heartened by the worldwide response to my act of political expression.,फिर भी उसने कहा कि वह दुनिया भर में राजनीतिक अभिव्यक्‍तियों के मेरे कार्य की ओर प्रतिक्रिया से प्रभावित हुआ ।,हालांकि उन्होंने कहा कि वेविश्व व्यापक प्रतिक्रियाएं द्वारा सुखी और अभिभूत हैराजनीतिक अभिव्यक्ति के अपने कार्य के प्रति.,40.32,Medium,21,18,3
237,citizens around the world as well as high officials including in the united states have judged the revelation of an unaccountable system of pervasive surveillance to be a public service.,संसार - भर के नागरिकों ने और साथ ही संयुक्‍त राज्य के उच्च अधिकारियों ने सार्वजनिक सेवा होने के लिए व्यापक निगरानी के प्रकट होने का न्याय किया है ।,संयुक्त राज्य अमेरिका समेत विश्व नागरिकों साथ ही उच्च अधिकारियोंने एक सार्वजनिक सेवा की व्यापक निगरानी के एक ग़ैरजिम्मेदार प्रणाली के रहस्योद्घाटन को आंका है.,46.15,Medium,30,25,5
238,the letter extends an offer to cooperate with german authorities when the difficulties of this humanitarian situation have been resolved.,"इस खत में बताया गया है कि जब इस तरह की मुश्‍किलें हल हो जाती हैं, तो किसानों को सहयोग देने के लिए एक खत दिया जाता है ।",पत्र जर्मन अधिकारियों के साथ सहयोग करने के लिए एक प्रस्ताव विस्तार करता है जब मानवीय स्थिति के समस्याओं का समाधान हो गया है .,22.18,Medium,29,25,4
239,frontier airlines to charge for carryon baggage,लेटन सामान के लिए आरोप लगाने के लिए कवर हवाई - जहाज़, एयरलाइंस कैरी ऑन बैगेज का शुल्क लगाएंगे,10.66,Bad,12,7,5
240,frontier airlines plans to charge up to 100 for passengers to store carryon luggage on board their flight.,विमान विमानों ने अपनी उड़ान में 100 से ज़्यादा यात्रियों के लिए सामान जमा करने की योजना बनायी ।, एयरलाइंस में अपने विमान बोर्ड पर यात्रियों के लिए सामान कैरी ऑन स्टोर करने के लिए चार्ज करने की योजना है.,39.69,Medium,19,21,2
241,"frontier airlines plans to start charging up to 100 for a carryon bag and 2 for coffee or soda, although its announcement on wednesday did say that passengers will get to keep the whole can.","इसके अलावा, यह भी कहा गया है कि यात्रियों को पूरा - पूरा ध्यान रखने के लिए मदद की ज़रूरत होगी ।"," एयरलाइंस में एक कैरी ऑन बैग के लिए के लिए चार्ज शुरू करने की योजना है और यह, कॉफी या सोडा के लिए का शुल्क लगाएंगे, हालांकि बुधवार को इसकी घोषणा ने बताया कि यात्री संपूर्ण डिब्बा रख सकते हैं.",14.96,Bad,22,40,18
242,"the new carryon fee is for bags in the overhead bin, so small bags under the seat will still be free.","फिर भी, सीट के नीचे छोटे - छोटे सामान अब भी मुफ्त होंगे ।","नए कैरी ऑन शुल्क ओवरहेड बिन में बैग के लिए है, इसलिए, सीट के नीचे छोटे बैग फिर भी निः शुल्क किया जाएगा.",22.76,Medium,14,23,9
243,"frontier said it will charge 25 if the fee is paid in advance, 100 if travelers wait to pay until theyre at the gate.","कहा जाता है कि यह 25 आरोप लगाया जाएगा अगर ऋण पहले से ही भुगतान किया जाता है, 100 यदि यात्री गेट पर वेटर का भुगतान करने के लिए इंतज़ार करते हैं."," ने कहा कि चार्ज करेंगे अगर एडवांस में भुगतान किया जाता है , इंतजार करना होगा अगर यात्री भुगतान करने के लिए प्रतीक्षा करें जब तक कि वे गेट पर हैं.",42.18,Medium,32,31,1
244,frontier spokeswoman kate omalley said the 100 fee is to get travelers to take care of the charge in advance.,फ्रन्टी ने कहा कि 100 ऋण यात्रियों को पहले से ही इस आरोप की देखभाल करने के लिए जाना है।, प्रवक्ता केट ओ मैली ने कहा कि फीस यात्रियों के एडवांस में चार्ज की देखभाल करने के लिए हासिल करना है.,42.53,Medium,20,21,1
245,"we dont want to charge that, she said.","हम कि आरोप नहीं करना चाहते हैं, उसने कहा.","हम वह चार्ज नहीं करना चाहते, उन्होंने कहा.",48.01,Medium,9,8,1
246,airlines began charging for the first and second checked bags in 2008.,"सन्‌ 2008 में, हवाई जहाज़ ने पहली और दूसरी जाँच की ।",एयरलाइंस ने में प्रथम और द्वितीय जाँच बैग के लिए चार्ज शुरू कर दिया.,12.26,Bad,12,14,2
247,"passengers trying to avoid those fees have been stuffing as much as they can into carryon baggage stashed in overhead bins, meaning those bins often run out of space.","यात्रियों को उन ऋणों से बचने की कोशिश करनी पड़ी है जितनी कि वे सरोके में सामान ले जा सकते हैं, इसका अर्थ है कि वे अकसर अंतरिक्ष से बाहर निकल जाते हैं ।","जो जो यात्री शुल्क से बचने की कोशिश कर रहे हैं भराई कर रहे हैं जितना वे कर सकते हैं कैरी ऑन बैगेज में जो ओवरहेड डिब्बे में स्टैश है , इसका मतलब है इस डिब्बे में अक्सर कम जगह है.",28.45,Medium,34,41,7
248,fees are one way to get passengers to bring less on board.,ऋण एक तरीका है कि यात्रियों को बोर्ड पर कम लाने के लिए ले जाएँ.,शुल्क बोर्ड पर यात्रियों के लिए कम लाने के लिए एक तरीका है.,61.75,Good,15,13,2
249,omalley said the new charge is not really about raising money.,इस नए आरोप को पूरा करने के लिए पैसे खर्च करने की ज़रूरत नहीं है ।,ओ मैली ने कहा कि यह नए चार्ज पैसा जुटाने के बारे में वास्तव में नहीं है.,18.88,Bad,16,17,1
250,its about frontiers most loyal customers making it very clear that finding overhead bin space has become increasingly difficult.,इसके आस - पास के ज़्यादातर वफादार ग्राहकों के बारे में यह साफ - साफ बताया गया है कि सिर की खाली जगह पाना और भी मुश्‍किल हो गया है ।,यह के बारे में सबसे अधिक वफादार ग्राहकों के लिए है कि ओवरहेड बिन की जगह ढूँढना तेजी से कठिन बन गया है.,36.39,Medium,31,23,8
251,passengers who buy their tickets on the airlines website wont have to pay.,हवाई जहाज़ की वेबसाइट पर उनके टिकट खरीदनेवाले यात्रियों को भुगतान करना पड़ता है.,एयरलाइन के अपने वेबसाइट में टिकट खरीदने वाले यात्रियों को यह नहीं देना पड़ता.,54.16,Good,14,14,0
252,"that means one passenger in line at a frontier gate might get to bring a bag on for free, while the next person in line might owe 100 for a similar bag.","इसका अर्थ है कि एक यात्री सामनेवाले फाटक पर एक बैग ले जा सकता है, जबकि अगले व्यक्‍ति को एक समान बैग के लिए शायद १०० देना पड़े ।","इसका मतलब है यही कारण है कि लाइन में अगले व्यक्ति को एक समान बैग के लिए डॉलर देना हो सकता है, जबकि एक फ्रंटियर गेट पर लाइन में एक यात्री, एक बैग मुफ़्त प्राप्त कर सकते हैं.",38.64,Medium,29,38,9
253,omalley said frontiers website and checkin procedures are being changed to make sure passengers know about the fee before they get to the gate.,इस तरह वे फाटक तक पहुँचने से पहले ही अपने बिल के बारे में पता लगा लेते हैं ।,ओ मैली ने कहा कि की वेबसाइट और चेक इन के प्रक्रियाओं को बदल दिया जा रहा है गेट को पाने से पहले यात्रियों को फीस के बारे में पता है यह सुनिश्चित करने के लिए.,20.43,Medium,19,36,17
254,"frontiers new carryon fee wont start until summer, though a date hasnt been set.","पहली बार, गर्मियों के शुरू होने तक, हालाँकि एक तारीख तय की गयी है ।"," का नया कैरी ऑन फीस, गर्मियों तक शुरू नहीं होगा यद्यपि एक तिथि निर्धारित नहीं किया गया है.",23.38,Medium,15,18,3
255,"passengers often grumble about baggage charges and other fees, but airlines love them.","यात्रियों को अकसर सामान के आरोपों और अन्य ऋणों के बारे में धक्का लगता है, लेकिन हवाई जहाज़ उनसे प्रेम करते हैं ।","यात्री अक्सर बैगेज शुल्क और अन्य शुल्क के बारे में असंतोष प्रकट करते हैं, लेकिन विमान सेवा उन्हें पसंद करते हैं.",32.7,Medium,23,21,2
256,"they argue that luggage costs money to handle, and passengers who want the service should pay for it.","वे तर्क करते हैं कि सामान के ख़र्च से निपटने के लिए पैसा खर्च होता है, और जो यात्री सेवा चाहते हैं उन्हें इसके लिए भुगतान करना चाहिए ।","वे तर्क देते हैं कि बैगेज को संभालने के लिए पैसा खर्च होता है, और जो यात्री सेवा चाहते हैं उन को इसके लिए भुगतान करना चाहिए.",74.36,Good,29,27,2
257,many on wall street view the addition of baggage fees as a sign that airlines are charging enough money to cover the cost of air travel after years of losses.,कई लोगों को लगता है कि सड़कों पर माल - दौलत का इस्तेमाल करना इतना ज़रूरी है कि बरसों तक हवाई सफर करने के खर्च को कम करने के लिए हवाई सफर के लिए काफी पैसा लगा दिया जाता है ।,वॉल स्ट्रीट पर बैगेज की फीस एक संकेत के रूप में कई देख रहे हैं कि कई एयरलाइन घाटे के वर्षों के बाद हवाई यात्रा की लागत को कवर करने के लिए पर्याप्त पैसे चार्ज कर रहे हैं.,22.11,Medium,41,38,3
258,"most havent touched carryon bag fees, though.",लेकिन ज़्यादातर लोगों ने लेटन बैग का किराया हाथ से छू लिया है ।,अधिकांश ने यद्यपि कैरी ऑन बैग शुल्क छुआ तक नहीं हैं.,13.51,Bad,14,11,3
259,"spirit airlines inc. started the first carryon fee three years ago, and fellow discounter allegiant air later followed.","तीन साल पहले, एक बार लेटन के पास एक छोटा - सा पैसा था, और उसके बाद के सारे हवाई जहाज़ भी चले गए ।"," . ने कैरी ऑन शुल्क तीन वर्ष पहले पहली बार शुरू किया, और साथी डिस्काउंटर एयर ने बाद में.",16.63,Bad,25,19,6
260,"the only other airline with such a fee is hungarys wizz air, said airline consultant jay sorensen, who closely tracks addon fees.",इस तरह के खर्च के साथ ही एक और हवाई जहाज़ टूट जाता है ।,"ऐसे एक शुल्क के साथ ही अन्य एयरलाइन हंगेरी की है, जो एयरलाइन सलाहकार जे सोरेनसेन ने कहा,और जो ऐड ऑन फीस ट्रैक करताहै.",12.55,Bad,15,24,9
261,he estimated in a december 2011 report that spirits carryon fee brings in 50 million a year.,सन्‌ 2011 में उसने अनुमान लगाया कि भूत - विद्या की वजह से एक साल में 50 लाख लोगों की मौत हो जाती है ।,उन्होंने कहा कि के कैरी ऑन शुल्क मिलियन एक वर्ष में लाता है जो दिसम्बर की रिपोर्ट में अनुमान लगाया गया.,23.77,Medium,25,21,4
262,"sorensen, a former executive with midwest airlines, flew spirit recently and wondered what hed find at the gate as passengers encountered spirits unusual carryon bag fee.",हवाई - जहाज़ के लिए हवाई जहाज़ का इस्तेमाल करना बहुत मुश्‍किल हो गया था ।,"सोरेनसेन, मिडवेस्ट एयरलाइंस के एक पूर्व अधिकारी ने हाल ही में में उड़ान भरी और यात्रियों को गेट पर कैरी ऑन असामान्य बैग फीस सामना करना पड़ा है पर आश्चर्य जताया.",8.68,Bad,16,31,15
263,"the boarding process was the smoothest i had seen in my airline career, he said.",उसने कहा कि बोर्डिंग प्रक्रिया मेरे हवाई जहाज़ के पेशे में देखी गयी सबसे बढ़िया थी ।,"बोर्डिंग प्रक्रिया को जो मैं ने अपने एयरलाइन कैरियर में देखा था सहज था, उन्होंने कहा.",35.89,Medium,17,16,1
264,i was expecting to see gnashing of teeth and a fight breaking out at the gate.,मैं यह उम्मीद कर रहा था कि दांत पीसें और फाटक पर एक लड़ाई छिड़ जाएगी.,मुझे दांत पीसना और एक लड़ाई गेट पर बाहर देखने के लिए उम्मीद थी.,34.19,Medium,16,14,2
265,"the plane was full, he said, and it boarded licketysplit.","विमान पूरी तरह भर गया था, वह कहा था, और यह उड़ता हुआ चला गया.",विमान भरा था और उन्होंने कहा कि यह चढ़ा.,20.94,Medium,15,9,6
266,"frontier is also following spirits 2 charge for coffee, tea, soda, or juice.","इसके अलावा, भूत - प्रेत 2 पर कॉफी, चाय, सोडा, या रस के लिए आरोप लगाया जाता है ।"," भी कॉफी, चाय, सोडा, या जूस के लिए के शुल्क का अनुसरण कर रहा है.",41.75,Medium,19,15,4
267,"frontier said passengers who get soda or juice can keep the whole can, and it will give coffee refills for free.","इसके अलावा, यह कॉफी मुफ्त में भर सकती है ।"," नेकहा कि जो यात्री सोडा, या जूस ले लेगा वे संपूर्ण डिब्बा रख सकते हैं, और यह मुफ्त कॉफी केवल एक बार के लिए दे देंगे.",11.66,Bad,10,26,16
268,it will still give away water.,वह (क़यामत) उनकी निगाह में बहुत दूर है,यह फिर भी पानी दूर दे देंगे.,11.36,Bad,8,7,1
269,us airways briefly tried charging for beverages in 2008 but backed down seven months later after passengers complained and no other major airline followed.,"सन्‌ 2008 में हम हवाई - जहाज़ ने शराब पीने की बहुत कोशिश की, मगर सात महीने बाद जब यात्रियों ने शिकायत की और कोई और बड़ी हवाई जहाज़ नहीं आया, तो हमने फौरन सात महीने तक वहाँ से निकल जाने की कोशिश की ।"," एयरवेज संक्षेप में में पेय पदार्थों के लिए चार्ज करने की कोशिश की, लेकिन यात्रियों के शिकायत के बाद सात महीनों बाद में वे पीछे हट गए और कोई भी अन्य मुख्य एयरलाइन वहाँ होने के बाद का पालन किया.",28.12,Medium,45,40,5
270,frontiers move to charge the carryon fee if passengers dont buy direct from the airline is its latest effort to steer customers toward its own website.,"अगर यात्रियों को हवाई जहाज़ से सीधे नहीं खरीदा जाता, तो वे अपनी वेबसाइट की तरफ यात्रियों की मदद करने की पूरी कोशिश करते हैं ।", के यात्री अगर एयरलाइन से सीधे खरीद नहीं करते हैं तो कैरी ऑन पर शुल्क चार्ज करने के लिए के यह कदम अपने स्वयं के वेबसाइट के प्रति ग्राहकों को संचालित करने के अपने ताजा प्रयास है.,26.0,Medium,26,37,11
271,airlines pay online travel sellers such as orbitz 10 to 25 for each ticket sold.,हवाई जहाज़ हर टिकट के लिए 10 से 25 रुपए इंटरनेट पर ऑनलाइन यात्रा बेचता है ।,एयरलाइंस ऑनलाइन ट्रैवल विक्रेता को भुगतान करता है इस तरह के से प्रत्येक बिक चुके टिकट के लिए.,23.62,Medium,17,18,1
272,that has given all airlines an incentive to steer passengers to buy directly from them instead of going through an online travel agency.,इस वजह से हवाई जहाज़ के सभी यात्रियों को यह बढ़ावा दिया गया है कि वे इंटरनेट पर जाने के बजाय उनसे सीधे - सीधे खरीद लें ।,यही कारण है कि सारे एयरलाइंस एक ऑनलाइन ट्रैवल एजेंसी के माध्यम से जाने के बजाय उन लोगों से सीधे खरीदने के लिए यात्रियों को संचालित करने के लिए एक प्रोत्साहन दिया गया है.,31.98,Medium,28,34,6
273,"frontier has gone the furthest in this area, though.","हालांकि, इस क्षेत्र में सीमा से बाहर चला गया है."," हालांकि, इस क्षेत्र में आगे चला गया है.",77.79,Good,10,8,2
274,in september it began giving half as many frequent flier miles to customers who bought through an online travel agency.,यह एक ऑनलाइन यात्रा विभाग के माध्यम से खरीदा गया है जो ग्राहकों के लिए आधा किलोमीटर की दूरी पर है ।,सितंबर में कई अक्सर उड़ान मील की दूरी पर आधे से देने लगा उन ग्राहकों के लिए जो इन व्यक्तियों से एक ऑनलाइन ट्रैवल एजेंसी से खरीदा था,32.46,Medium,22,28,6
275,on wednesday it slashed the mileage award to 25 percent of the miles of the trip.,Wdons के दिन यह यात्रा की 25 प्रतिशत मील की मीलों से मील की मील की मीलों की मीलों की मीलों को कुचला.,बुधवार को इसने ट्रिप मील के प्रतिशत तक माइलेज अवार्ड घटा दिया.,18.98,Bad,23,12,11
276,"so, a 1,000 mile frontier trip purchased from an online travel agency would earn 250 miles.","तो, एक ऑनलाइन यात्रा विभाग से प्राप्त १,००० मील की दूरी पर यात्रा करने से २,००० मील की कमाई होगी ।","तो, एक ऑनलाइन ट्रैवल एजेंसी से खरीदी गई एक मील ट्रिप मील की दूरी अर्जित करेगा.",32.62,Medium,21,16,5
277,it also allows passengers to choose their seat in advance only if they buy directly from the frontier website.,"इसके अलावा, यात्रियों को अपना सीट पहले से ही चुनने की इजाज़त होती है, तभी वे सीधे सामने की वेबसाइट से खरीद लेते हैं ।",यह भी है कि वे वेबसाइट से सीधे ही खरीदने पर एकमात्र यात्रियों के लिए अग्रिम में अपनी सीट चुनने की अनुमति देता है.,35.17,Medium,25,24,1
278,"frontier has a loyal base of customers in its home city of denver, but its business is shrinking and losing money.",लेकिन इसका व्यापार बढ़ता जा रहा है और पैसा कम कर रहा है ।," के डेनवर में अपने घर के शहर में ग्राहकों के एक वफादार बेस है, मगर इसका व्यापार कम होता जा रहा है और यह पैसा खो रहा है.",28.85,Medium,14,28,14
279,"revenue dropped 9 percent and its flying capacity shrank almost 13 percent in the first quarter, according to financial results released wednesday by corporate parent republic airways holdings inc.",राजस्व ने 9 प्रतिशत खो दिया और उसकी उड़ान की क्षमता लगभग 13 प्रतिशत थी ।,"राजस्व में प्रतिशत की गिरावट और इसकी उड़ान क्षमता पहली तिमाही में लगभग फीसदी कम हो गया है, कॉरपोरेट पैरेंट रिपब्लिक एयरवेज होल्डिंग्स इंक के द्वारा बुधवार जारी वित्तीय परिणामों के अनुसार.",17.33,Bad,16,32,16
280,republic has been trying to fix frontiers finances as part of selling the airline.,"हर साल, अमरीका में करीब 30,000 डॉलर खर्च किए जा रहे हैं ।",रिपब्लिक एयरलाइन की बिक्री के भाग के रूप में के वित्त तय करने की कोशिश कर रहे हैं.,14.72,Bad,13,18,5
281,"nsa blames internal error, not hackers, for website crash","वेबसाइट क्रैश के लिए naa आंतरिक त्रुटि, हैकर्स नहीं,",एन.एस.ए. ने वेबसाइट क्रैश होने के लिए हैकर्स के बजाय आंतरिक त्रुटि पर आरोप लगाया,42.54,Medium,9,15,6
282,"the shadowy national security agency said late friday that it was a glitch that brought down its public website for a few hours, not hackers as some claimed online.",कुछ लोगों ने इंटरनेट का दावा किया है ।,"रहस्यपूर्ण राष्ट्रीय सुरक्षा एजेन्सी ने शुक्रवार को कहा कि कुछ तकनीकी कमी के कारण हमारी वेबसाइट कुछ घंटों के लिए बंद हो गई थी, न कि हैकर्स के कारण जैसा कि कुछ लोगों ने ऑनलाइन दावा किया था।",12.66,Bad,9,38,29
283,"nsa.gov was not accessible for several hours tonight because of an internal error that occurred during a scheduled update, the spy agency said in an emailed statement.","Na.gov कई घंटों के लिए उपलब्ध नहीं था एक आंतरिक त्रुटि के कारण जो एक निश्चित अद्यतन के दौरान हुई थी, जासूस विभाग ने एक ईमेल कथन में कहा.","खुफिया एजेन्सी ने ईमेल भेजे गए वक्तव्य में कहा, आज रात्रि को . कई घंटों तक पहुंच में नहीं थी, जो पूर्वनिर्धारित अपडेट के दौरान होने वाली आंतरिक त्रुटि के कारण हुआ था।",33.81,Medium,29,33,4
284,the issue will be resolved this evening.,इस शाम का मसला सुलझा दिया जाएगा ।,आज शाम इस समस्या का समाधान हो जाएगा।,26.24,Medium,8,8,0
285,claims that the outage was caused by a distributed denial of service ddos attack are not true.,यह दावा किया गया है कि सेवा डी कार्य - कार्य के आक्रमण को वितरित करने का कारण यह है कि यह सही नहीं है ।,"यह दावा सत्य नहीं है कि यह बाधा, सेवा के वितरित इनकार डी.डी.ओ.एस. हमले के कारण आई थी।",31.8,Medium,26,18,8
286,"earlier this evening online server trackers noted the nsas website had been down for at least six hours, and the site continues to be inaccessible for some users.","इस शाम के ऑनलाइन सर्वर ट्रैकर ने कहा कि कम से कम छः घंटे के लिए Nass वेबसाइट नीचे है, और साइट कुछ उपयोक्ताों के लिए बंद हो रहा है.","शाम को ऑनलाइन सर्वर ट्रैकर्स ने पाया था कि एन.एस.ए. की वेबसाइट कम से कम छह घंटों के लिए बंद थी, तथा कुछ उपयोगकर्ताओं के लिए साइट अभी भी पहुंच में नहीं है।",41.8,Medium,30,33,3
287,"earlier an nsa spokesperson told abc news the agencys internal, sensitive network was not at all compromised.","इससे पहले एनाका ने एक खबर दी थी जिसमें अंदरूनी जानकारी दी गयी थी, संवेदनशील नेटवर्क पूरी तरह से समझौता नहीं कर पाया था ।","एन.एस.ए. के प्रवक्ता ने ए.बी.सी. न्यूज से कहा कि एजेन्सी के आंतरिक, संवेदनशील नेटवर्क के साथ बिलकुल भी समझौता नहीं हुआ था।",32.55,Medium,25,22,3
288,"no classified information is in danger, the spokesperson said.","कोई वर्गीकृत जानकारी ख़तरे में नहीं है, प्रवक्‍ता ने कहा ।",प्रवक्ता ने कहा कि कोई भी वर्गीकृत सूचना खतरे में नहीं है।,55.21,Good,11,12,1
289,at least one hacktivist group online claimed that they were responsible for bringing down the nsa site with a ddos attack.,कम - से - कम एक हैकिस्ट समूह ऑनलाइन दावा करता है कि वे निका स्थल को नीचे लाने के लिए जिम्मेदार थे...,कम से कम एक हैक्टिविस्ट समूह ने ऑनलाइन दावा किया है कि वे डी.डी.ओ.एस. हमले द्वारा एन.एस.ए. की वेबसाइट बाधित करने के लिए जिम्मेदार हैं।,40.16,Medium,23,25,2
290,ddos attacks are designed to flood a target website with traffic until the servers are overloaded and the site collapses.,जब तक सर्वर हिल नहीं जाते और साइट हिलते रहते हैं तब तक इसके लिए एक लक्ष्य वेबसाइट को जलप्रलय से बचाने के लिए बनाया जाता है ।,"डी.डी.ओ.एस. हमला इस तरह से डिजाइन किया जाता है कि लक्ष्य वेबसाइट पर इतनी अधिक मात्रा में तब तक ट्रैफिक भेजा जाता है, जब तक कि सर्वर ओवरलोड होने के कारण साइट बंद न हो जाए।",27.91,Medium,28,36,8
291,the cyber tactic is a relatively unsophisticated one and the attacks are not meant to penetrate the internal network of the target system.,इस तरह का धोखा एक ऐसी चाल है जिसे आम तौर पर गलत समझा जाता है और इन हमलों का मतलब यह नहीं कि ये लक्ष्य के अंदरूनी संजाल में प्रवेश कर सकें ।,यह साइबर रणनीति अपेक्षाकृत अपरिष्कृत है तथा हमलों का उद्देश्य लक्ष्य सिस्टम के आंतरिक नेटवर्क को भेदना नहीं होता।,21.28,Medium,34,19,15
292,"the formerly super secretive nsa, once nicknamed no such agency, has found itself in very public light, and amid vicious criticism, in past months following a stream of revelations about is vast foreign and domestic surveillance programs collectively the product of secret nsa files stolen from the agency and leaked by disenchanted former nsa contractor edward snowden.","पिछले कुछ महीनों में, बहुत से विदेशी और घरेलू निगरानी कार्यक्रमों की धारा के बाद, गुप्त निकाओं के उत्पादों के रूप में उपयोग किया गया है और गुप्त एनीका के माध्यम से चोरी कर दिया गया है.","भूतपूर्व अत्यधिक रहस्यपूर्ण एन.एस.ए., जिसे कभी ऐसी कोई एजेन्सी नहीं का नाम दिया गया था, पिछले महीनों में बहुत अधिक मात्रा में विदेशी और घरेलू जासूसी कार्यक्रमों की घटनाओं के सामने आने से आम लोगों के बीच में चर्चा तथा कटु आलोचना का विषय बन गई है जो सामूहिक रूप से विरक्त हुए भूतपूर्व एन.एस.ए. अनुबंधकर्ता एडवर्ड स्नोडेन द्वारा गुप्त एन.एस.ए. फाइलों को एजेन्सी से चुराए जाने तथा रहस्योद्धाटन के पश्चात हुआ।",21.96,Medium,37,72,35
293,such growing controversy surrounding the agency prompted early speculation that tonights incident was the result of a targeted cyber operation.,इस तरह के वाद - विवाद ने शुरू - शुरू में अटकलें लगा दी कि आज रात के वक्‍त की घटना का खास असर हुआ है ।,"एजेन्सी के बारे में इस प्रकार बढ़ते विवाद के कारण, आज रात्रि की घटना के पश्चात ऐसी अटकलें लगाई गईं कि, यह घटना लक्षित साइबर ऑपरेशन का परिणाम थी।",21.76,Medium,27,29,2
294,a wonderful performance was given at the show ek aur dronacharya showing the resemblance between the dwaapar yug and today.,इस शो में एक शानदार प्रदर्शन दिखाया गया जो Dagaka के बीच और आज के बीच समानता दिखा रहा है।,द्वापर युग और आज की परिस्थितियों में सामंजस्य दिखाते एक और द्रोणाचार्य कथानक के अनुरूप सुंदर अभिव्यक्ति प्रस्तुत की गई।,13.92,Bad,20,20,0
295,"it showed how, in todays world, a teacher can be forced to follow the wrong path in compromising circumstances.","यह दिखाता है कि आज के संसार में, एक शिक्षक को समझौतािक परिस्थितियों में ग़लत मार्ग पर चलने के लिए मजबूर किया जा सकता है ।",दिखाया गया कि आज के परिपेक्ष्य में किन बेड़ियों में बंधकर एक गुरु गलत रास्ते पर चलने को बाध्य किया जाता है।,33.46,Medium,26,22,4
296,"the play was inaugurated in the st. joseph inter college auditorium jointly by chief guest mla prabhdayal valmiki, cantonment board vicepresident shipra rastogi, nresh kansal and shakti singh.",इस नाटक का उद्‌घाटन इस बात में किया गया था कि कॉलेज का उद्‌घाटन किया गया था ।,"नाटक का शुभारंभ सेंट जोसेफ इंटर कालेज के सभागार में मुख्य अतिथि विधायक प्रभुदयाल वाल्मीकि, छावनी परिषद की उपाध्यक्ष शिप्रा रस्तोगी, नरेश कंसल और शक्ति सिंह ने संयुक्त रूप से किया।",10.99,Bad,18,31,13
297,the play showed the similarities between the conditions in dronacharya in the dwaapaar age and followed a professor called arvind in the present day.,"इस खेल ने डेना के युग की परिस्थितियों के बीच जो समानताएँ दिखायीं, वे आज के ज़माने के एक प्रोफेसर के पीछे - पीछे हो लेती हैं ।",नाटक में द्वापर युग के द्रोणाचार्य और वर्तमान में एक प्रोफेसर अरविंद की परिस्थितियों की साम्यता को दर्शाया गया था।,29.65,Medium,28,20,8
298,"the play directed by anil sharma, bharat bhushan sharma, anil sharma, vinod bechain, hemant goel, seema samar, vanshidhar chaturvedi, abid sammy, shiva ghazala, amit, ramesh, arjun etc. did full justice to the characters and was a spectacular show.","ये नाटक, जड़्खा, जंद्रा, अमेषा, हानेडोन, हेबाड, हेबांग, हशीशीबा, हशीशीवा, हागावा, मेवावा, हेवा, हेवावावावा, हेन, हेवावावावा, हेन, हेन, हेन, हेनवा, हेन, हेनवा, हेन, हेनवा, हेनवा, हेनवा, हेन, येनवा, येनवा, येन, ये सब के साथ ही काम करते थे। और उन्होंने न्याय का काम किया था। यह बहुत ही शानदार काम था।","अनिल शर्मा निर्देशित नाटक में भारत भूषण शर्मा, अनिल शर्मा, विनोद बेचैन, हेमंत गोयल, सीमा समर, वंशीधर चतुर्वेदी, आबिद सैमी, शिवा गजाला, अमित, रमेश, अर्जुन आदि ने किरदारों के साथ पूरा न्याय करते हुए शानदार प्रस्तुति दी।",15.77,Bad,51,37,14
299,"the theatre lighting was handled by a young artist, jitendra c. raj, and the set was designed by hemant kumar.","एक युवा कलाकार ने एक छोटे कलाकार, सनेथ्रा के साथ व्यवहार किया, और उसने व्लोमार द्वारा सेट किया गया ।",नाटक में प्रकाश व्यवस्था युवा रंगकर्मी जितेंद्र सी. राज और सेट का डिजायन हेमंत कुमार ने की थी।,19.65,Bad,20,18,2
300,"after this function on behalf of apta, many awards were presented to various literary and cultural personalities.","इस समारोह के बाद, अनेक साहित्यिक और सांस्कृतिक व्यक्‍तियों को अनेक पुरस्कार दिए गए ।","इसके उपरांत समारोह में अप्टा की ओर से साहित्यिक, सांस्कृतिक योगदान करने वाले विभूतियों को विविध अवार्ड प्रदान किया गया।",30.48,Medium,15,20,5
301,"the head of the urdu department of charan singh university, dr. aslam jamshedpuri, senior journalist shambhunath shukla and theatre designer jitendra c. raj were awarded on this occasion.","इस अवसर पर सुविभिक पापा विश्‍वविद्यालय के उपभोग विभाग के प्रमुख, डॉ.","इसमें चरण सिंह विवि के उर्दू विभागाध्यक्ष डा. असलम जमशेदपुरी, वरिष्ठ पत्रकार शंभूनाथ शुक्ला और रंगकर्मी जितेंद्र सी. राज को दिया गया।",11.94,Bad,12,22,10
302,"among the officials of the executive committee, secretary surendra sharma, rakesh kaushik, abid rizvi etc., contributed to the success of the program.","अधिकारी समिति के अधिकारियों के बीच, सचिव आन्‍नी अलमा, रशशश कुशिक, वर्वीवी आदि ने कार्यक्रम की सफलता में योगदान दिया ।","आयोजन सफल बनाने में कार्यकारिणी के पदाधिकारियों में सचिव सुरेंद्र शर्मा, राकेश कौशिक, आबिद रिजवी आदि का योगदान रहा।",32.02,Medium,21,19,2
303,"bombardier profit dips as plane deliveries, orders fall","विमान बचाव के रूप में बम - विस्फोटों का लाभ उठाता है, आदेश गिर जाते हैं","विमान की डिलीवरी के रूप में के मुनाफे में गिरावट, आदेशों में गिरावट",26.92,Medium,16,13,3
304,"canadian plane and train maker bombardier inc reported a 15 percent fall in net profit on thursday, pressured by fewer aircraft orders and deliveries in the third quarter and contract issues in its train unit.",हवाई जहाज़ और ट्रेनी विमान - चालकों ने रिपोर्ट किया कि सन्‌ 15 प्रतिशत विमानों ने कम - से - कम तीन चौथाई विमानों के आदेशों पर दबाव डाला और अपनी ट्रेन में दिए गए सुझावों पर दबाव डाला ।,"कनाडा के हवाई जहाज और ट्रेन मेकर ने गुरुवार को शुद्ध लाभ में प्रतिशत की गिरावट की सूचना दी, अपनी रेलगाड़ी यूनिट में तीसरी तिमाही में और अनुबंध मुद्दों पर उससे कम विमान आदेश और प्रसव द्वारा दबावके रूप में.",26.41,Medium,40,40,0
305,montrealbased bombardier also did not release any flight test data for its brandnew cseries aircraft or offer an update on whether the plane will meet its ambitious schedule of going into commercial service by next september.,"इसके अलावा, हवाई जहाज़ के लिए कोई भी उड़ान जाँच डेटा भी नहीं छोड़ा गया ।",मॉन्ट्रियल आधारित ने भी अपने ब्रांड नए विमान के लिए किसी भी उड़ान परीक्षण डेटा को रिलीज या विमान अगले सितंबर से वाणिज्यिक सेवा में जाने की अपनी महत्वाकांक्षी कार्यक्रम को पूरा होगा मुद्दों पर एक अद्यतन पेश नहीं किया.,11.08,Bad,16,40,24
306,"after the test planes inaugural flight about a month and a half ago, it has only flown three more times, raising questions over whether the testing phase is on track.","जाँच करने के बाद एक महीने और आधे साल पहले, यह केवल तीन बार बहती है, और यह इस बात पर प्रश्‍न उठाता है कि परीक्षण चरण ट्रैक पर है या नहीं ।","परीक्षण विमान की पहली उड़ान के बाद एक और आधा महीने पहले लगभग, यह सिर्फ तीन बार उड़ाया गया है, सवाल उठा है कि परीक्षण चरण ट्रैक पर है या नहीं है.",44.13,Medium,33,32,1
307,results fell short of forecasts and sent shares sliding more than 8 percent on the toronto stock exchange.,"नतीजा, अनुमान कम हो गया और 8 प्रतिशत से भी ज़्यादा लोगों को जमा कर भेजा गया कि वे धन - दौलत के बदले 8 प्रतिशत से भी ज़्यादा सामान जमा कर लें ।",परिणाम पूर्वानुमान से कम गिर गया और शेयर टोरंटो स्टॉक एक्सचेंज में प्रतिशत से अधिक स्लाइडिंग के लिए भेजा है.,23.21,Medium,34,20,14
308,"cameron doerksen, an analyst with national bank financial, lowered his rating to sector perform from outperform on thursday with the view that the stock has limited upside over the next one or two quarters.",इस बात को लेकर उसने अपना रेटिंग हटा दी कि यह शेयर अगले या दो जगहों पर सीमित है ।,"कैमरून डोरसेन, नेशनल बैंक फाइनेंशियल के साथ एक विश्लेषक शेयर ने गुरुवार को मात से क्षेत्र प्रदर्शन के लिए अपनी रेटिंग घटा दी थी स्टॉक अगले एक से या दो तिमाहियों के दौरान ऊपर है सीमित है.",16.91,Bad,20,37,17
309,"while the weaker aircraft deliveries were mostly anticipated, we are clearly disappointed by the margin performance in transportation, doerksen said in a client note.","हालाँकि कमज़ोर विमानों के बचाव के लिए ज़्यादातर इंतज़ार किया जाता था, लेकिन परिवहन में हाशिया प्रदर्शन द्वारा हम स्पष्ट रूप से निराश हो जाते हैं, बर्न्डन ने एक ग्राहक नोट में कहा ।","कमजोर विमान डिलीवरी ज्यादातर प्रत्याशित रहे थे, हम स्पष्ट रूप से परिवहन में मार्जिन प्रदर्शन से निराश हैं, डोरसेन ने एक क्लाइंट नोट में कहा.",46.49,Medium,34,25,9
310,we believe that bombardier will receive new orders for the cseries as the flight test program progresses.,हम विश्‍वास करते हैं कि बमवर्षक के लिए नए आदेश प्राप्त करेंगे जब उड़ान परीक्षण कार्यक्रम शुरू होगा ।,हमें उड़ान के परीक्षण कार्यक्रम की प्रगति के रूप में के लिए नया आदेश प्राप्त होगा.,49.16,Medium,19,16,3
311,"however, if no new orders are announced in the coming months, we suspect that the market will become more skeptical of the program.","लेकिन, अगर आनेवाले महीनों में कोई नया आदेश घोषित नहीं किया जाता, तो हमें शक होता है कि बाजार कार्यक्रम के बारे में ज़्यादा संदेही बन जाएगा ।","हालांकि, अगर कोई भी नए आदेश आने वाले महीनों में घोषणा नहीं कर रहे हैं, संदेह है कि बाजार कार्यक्रम का सशंकित हो जाएगा.",49.08,Medium,28,24,4
312,bombardier hopes the cseries aircraft family can catapult it into the low end of a market now dominated by boeing and airbus.,"इसके अलावा, यह भी कहा जाता है कि इस तरह के बड़े - बड़े विमानों की संख्या बहुत कम होती है ।", को उम्मीद है विमान परिवार अब बोइंग और एयरबस के वर्चस्व वाले बाजार के कम अंत में इसे कटपुलट कर सकते हैं.,15.21,Bad,22,22,0
313,the first test plane was unveiled in march and took flight for the first time in september after months of delays.,पहले जाँच विमान मार्च में प्रारंभ किया गया और देरी के महीनों के बाद पहली बार के लिए उड़ान भरी ।,पहला परीक्षण विमान मार्च में अनावरण किया और देरी के महीने के बाद सितंबर में पहली बार के लिए उड़ान किया गया था.,55.82,Good,21,23,2
314,but firm orders for the cseries are moderate so far at 177 as potential buyers wait for flight test results to validate the companys claims about the new jetliners fuel efficiency and cost savings potential.,"लेकिन विमानों के लिए सख़्त आदेश इतने कम होते हैं जितना कि संभव लाभ प्राप्त करनेवाले विमान विमानों की जाँच करने के इंतज़ार में लगे होते हैं, वे नए जेट ईंधन का ईंधन और बचत करने की क्षमता के बारे में वैध दावा करते हैं ।",संभावित क्रेता नए जेटलाइनर ईंधन दक्षता और संभावित लागत बचत के बारे में कंपनी के दावों को मान्य करने के लिए उड़ान के परीक्षण के परिणाम के लिए इंतजार करते हैं लेकिन जैसा कि के लिए पक्का आर्डर तक के मध्यमहैं.,29.47,Medium,46,41,5
315,there are currently 403 total orders and commitments with 15 customers and operators.,वर्तमान में ४०३ कुल आदेश हैं और १५ ग्राहक और ऑपरेटर के साथ प्रतिज्ञा करते हैं ।, ग्राहकों के और के ऑपरेटरों के साथ सम्पूर्ण आर्डर और प्रतिबद्धता उपलब्ध है.,27.32,Medium,17,13,4
316,chief executive officer pierre beaudoin was confident bombardier would meet its 300 firm order target by the time the first jet is put into commercial use.,"जब तक पहला जेट व्यापार के प्रयोग में डाला जाता है, तब तक उसके 300 सख़्त आदेशों का लक्ष्य पूरा नहीं किया जाता ।",मुख्य कार्यकारी अधिकारी पियरे बौडोइन को विश्वास था पहले जेट वाणिज्यिक उपयोग में लाने के समय से अपने फर्म आर्डर लक्ष्य को पूरा करेगा.,18.8,Bad,24,24,0
317,executives also reassured analysts and media on thursday the program was progressing according to schedule.,इस कार्यक्रम को पूरा करने के लिए भाई - बहनों ने एक - दूसरे का हौसला बढ़ाया ।,अधिकारियोंने विश्लेषकों और गुरुवार को मीडिया को आश्वस्त किया कि कार्यक्रम अनुसूची के अनुसार चल रहा था.,17.21,Bad,18,17,1
318,"the test plane didnt stay on the ground longer than anticipated, beaudoin said in a conference call, adding that ground tests and software updates were scheduled during the planes downtime.",एक सम्मेलन में भाई आउडोन ने कहा कि विमान की जाँच करते वक्‍त ज़मीन और सॉफ्टवेयर की जाँच की जा रही थी ।,"परीक्षण विमान पूर्वानुमानित तुलना में लंबे समय तक भूमि पर रह था, बौडोइन ने एक कॉन्फ्रेंस कॉल में कहा, इसे भी जोड़कर भूमि परीक्षण और सॉफ्टवेयर अपडेट विमान के अन्तराल के दौरान निर्धारित किया गया .",16.34,Bad,23,36,13
319,every manufacturer schedules it in a different way.,हर निर्माता इसे अलग तरीके से निर्धारित करता है.,हर निर्माता एक अलग तरीके से शेड्यूल बनाते हैं.,46.03,Medium,9,9,0
320,we had decided to do a first flight and to do an update period and thats what we have done.,हमने फैसला किया था कि हम पहली बार हवाई सफर करेंगे और एक अद्यतन अवधि करेंगे और हमने वही किया जो हमने किया था ।,हमने एक पहली उड़ान करने के लिए और एक अद्यतन अवधि करने का फैसला किया था है और कहा कि हमने क्या किया है.,44.64,Medium,25,24,1
321,that will happen all through the flight program.,कि तुम भी तुला में सीमा का उल्लंघन न करो,यही कारण है कि उड़ान कार्यक्रम के माध्यम से सब हो जाएगा.,8.73,Bad,10,12,2
322,"the second of five test planes is expected to take flight in the coming weeks, with the remainder following shortly after, the company said.","पाँच परीक्षण चालकों का दूसरा कहना है कि आनेवाले हफ्तों में उड़ान भरने की अपेक्षा की जाती है, और उसके बाद शेष हिस्से के साथ, कंपनी ने कहा ।","पांच परीक्षण विमानों के दूसरे शेष भाग कुछ ही समय बाद निम्नलिखित के साथ, आने वाले सप्ताहों में उड़ान भरने की उम्मीद है, कंपनी ने कहा",43.63,Medium,29,26,3
323,"still, analysts are skeptical the first customer can begin operating a cseries plane 12 months after its maiden flight.","फिर भी, विश्‍वास करनेवाले संदेह करते हैं कि पहला ग्राहक अपनी लड़की की उड़ान के 12 महीने बाद हवाई जहाज़ पर उड़ान भरने शुरू कर सकता है ।","फिर भी, विश्लेषकों का मानना है संदेह कर रहे हैं ग्राहक पहले महीनों में अपनी पहली उड़ान के बाद एक विमान परिचालन शुरू कर सकते हैं .",40.44,Medium,28,27,1
324,bombardier said it was evaluating the entryintoservice eis schedule and will provide an update in the next few months.,और अगले कुछ महीनों में इसे एक अद्यतन प्रदान किया जाएगा ।, ने कहा है कि यह प्रवेश में सेवा अनुसूची का मूल्यांकन किया गया और अगले कुछ महीनों में एक अद्यतन प्रदान करेगा.,40.8,Medium,12,22,10
325,"this slow pace of flight testing although in line with bombardiers internal schedule apparently reinforces our view that entryintoservice will be pushed to q115, said doerksen.","हालाँकि आंतरिक सारणीओं के अनुरूप होने के बाद भी उड़ान परीक्षण की यह धीमी गति हमारे दृष्टिकोण को मज़बूत करती है कि प्रवेश करने के लिए ११५ को प्रेरित किया जाएगा, पर वैसा ही कहा जाता है ।","उड़ान परीक्षण की यह धीमी गति हालांकि के आंतरिक अनुसूची के साथ लाइन में हमारे विचार को पुष्ट करताहै किप्रवेश में सेवा को में धकेल दिया जाएगा , डोरसेन ने कहा .",44.51,Medium,38,32,6
326,"for the third quarter ended september 30, bombardiers net profit fell to 147 million, or 8 cents per share, from 172 million, or 9 cents per share a year earlier.","तीसरे चौथाई के लिए ३०,००० बमवर्षक जाल के लाभ से २० लाख, या ८ सेंटों तक, जो कि १७.२ करोड़ से, या हर साल एक साल पहले हिस्सा लेते हैं, ३० लाख तक पहुँच गए ।"," सितंबर को समाप्त तीसरी तिमाही के लिए, के शुद्ध लाभ एक साल पहले मिलियन, या प्रति शेयर सेंट, मिलियन, या प्रति शेयर सेंट तक गिर गया.",21.16,Medium,36,26,10
327,adjusted earnings per share were unchanged at 9 cents.,प्रति भाग लेने के लाभ 9 सेंट्स में अप्रयोग किए गए ।,प्रति शेयर समायोजित आय सेंट पर अपरिवर्तित रहे.,17.39,Bad,12,8,4
328,revenue dipped marginally to 4.1 billion from 4.2 billion.,4 अरब से 4.1 अरब तक राजस्वास्तित.,राजस्व . बिलियन डॉलर से . बिलियन मामूली डूबा.,15.3,Bad,7,9,2
329,"analysts had expected earnings of 10 cents per share and revenue of 4.56 billion, according to thomson reuters ibes.",अनुमान लगाया गया था कि हर 4 सेंटों में से हर एक हिस्से और राज - घर में 10 सेंटों की कमाई होती थी ।,"विश्लेषकों थॉमसन रॉयटर्स के अनुसार, प्रति शेयर सेंट और . बिलियन के राजस्व की आय मिलने की उम्मीद थी.",14.09,Bad,25,19,6
330,"the worlds fourthlargest planemaker said it delivered 45 aircraft during the quarter, down from 57 a year earlier.","जीव - विज्ञानी ने कहा कि इस विमान ने 57 साल पहले, 57 से 45 विमानों को बचा लिया था ।","दुनिया की चौथी सबसे बड़ी विमान निर्माता ने कहा कि एक वर्ष पहले से नीचे, तिमाही के दौरान विमान सुपुर्द किया गया",20.99,Medium,21,22,1
331,"net orders fell to 26 aircraft, from 83.",83 से 26 विमान तक जाल के आदेश टूट गए ।,शुद्ध आदेश से विमान तक गिर गया.,29.1,Medium,11,7,4
332,"the backlog in the aerospace division was 32.9 billion as of september 30, unchanged from december 31.","मतिनो स्पेस विभाजन में वापसी 329 अरब थी, जैसे कि डेमबरबर 30 में हुआ था ।","एयरोस्पेस डिवीजन में बैकलॉग सितम्बर पर . बिलियन था, दिसंबर से कोई बदलाव नहीं.",19.18,Bad,16,14,2
333,"in aerospace, results were in line with our guidance, but the low order intake and overall market conditions were a disappointment, beaudoin said.",लेकिन कम - से - कम जगह जाकर बाज़ार की हालत बहुत खराब हो गयी और वहाँ की हालत बहुत खराब हो गयी ।,"एयरोस्पेस, परिणाम हमारे मार्गदर्शन के साथ लाइन में थे, लेकिन निम्न क्रम के सेवन और कुल मिलाकर बाजार की स्थिति एक निराशा रहे थे, बौडोइन ने कहा .",12.72,Bad,24,28,4
334,aerospace revenue fell 13 percent to 2 billion.,13 प्रतिशत 2 अरब तक राजस्वीकार गिर गया ।,एयरोस्पेस राजस्व में अरब डॉलर में प्रतिशत की गिरावट.,27.42,Medium,9,9,0
335,"bombardier, the worlds largest trainmaker, said revenue in that division rose nearly 11 percent to 2.1 billion.",उस विभाजन में विश्‍व - भर का सबसे बड़ा ट्रेन बनानेवाले ने कहा कि उस विभाजन में लगभग ११ प्रतिशत २.१ अरब हो गए ।," ने कहा कि दुनिया की सबसे बड़ी ट्रेन निर्माता, डिवीजन में राजस्व में . बिलियन के लिए लगभग प्रतिशत की वृद्धि हुई थी.",28.51,Medium,25,23,2
336,"the order backlog in the transportation unit was 32.6 billion as of september 30, up marginally from december 31.",परिवहन इकाई में वापस आने का आदेश ३२.६ अरब था जैसे कि scrameber ३० से अधिक दूरी पर।,"परिवहन इकाई में आदेश बैकलॉग रहे थे . बिलियन के लगभग सितंबर के, ऊपर मामूली दिसंबर से.",25.07,Medium,18,17,1
337,the transportation divisions margins were affected by execution issues in a few large contracts.,जहाज़ के अलग - अलग हिस्सों पर कुछ बड़े - बड़े अपराधों का असर हुआ ।,परिवहन प्रभाग के मार्जिन में कुछ बड़े अनुबंध में भी निष्पादन के मुद्दों से प्रभावित हुए थे.,14.95,Bad,16,17,1
338,executives said new guidance would be provided in the fourth quarter.,सरकारी अधिकारियों ने कहा कि चौथे चौथाई में नए मार्गदर्शन का प्रबन्ध किया जाएगा ।,कार्यकारी अधिकारियों ने कहा कि नए मार्गदर्शन चौथी तिमाही में प्रदान किए जाएंगे.,53.24,Good,15,13,2
339,"shares of bombardier, which also announced that google inc chief financial officer patrick pichette would join the board, were down 8.5 percent at c4.83 in mid afternoon trading on thursday.","इसके अलावा, यह भी घोषणा की गयी कि सी. सी. सी."," के शेयरों में , जिसमें के मुख्य वित्तीय अधिकारी पैट्रिक पिचेट बोर्ड की शामिल होने घोषणा की, गुरुवार को मध्य दोपहर के कारोबार में भी . पर नीचे . के प्रतिशत थे.",8.67,Bad,11,32,21
340,"brazils embraer sa, the worlds thirdlargest commercial planemaker and bombardiers closest rival, reported a 10 percent fall in quarterly profit on thursday.",यह अनुमान लगाया गया है कि हर दिन 10 प्रतिशत लोगों की मौत हो जाती है ।,"ब्राजील के एमब्रेयर एसए, दुनिया के तीसरे सबसे बड़े व्यावसायिक विमान निर्माता और के निकटतम प्रतिद्वंद्वी, गुरुवार को तिमाही लाभ में प्रतिशत की गिरावट की सूचना दी.",9.77,Bad,17,27,10
341,new research has revealed that we work with complete honesty and dedication in the morning hours.,नए शोध ने प्रकट किया है कि हम सुबह के घंटों में ईमानदारी और समर्पण के साथ काम करते हैं ।,नई रिसर्च से यह पता चला है कि हम सुबह के समय पूरी ईमानदारी और समर्पण के साथ काम करते हैं।,62.18,Good,21,21,0
342,thoughts of lying to anyone and theft or cheating someone do not enter our heads.,किसी को झूठ बोलने और चोरी करने के विचार या नकल करने के विचार हमारे सिर पर नहीं आते ।,किसी से झूठ नहीं बोलते और चोरी करने या धोखा देने जैसा ख्याल मन में नहीं आता।,32.2,Medium,20,17,3
343,"but as the evening comes, our minds change and we set aside our principles and we go against the accepted norms.","लेकिन जैसे ही शाम आती है, हमारे मन बदल जाते हैं और हम अपने सिद्धांतों को अलग रखते हैं और हम स्वीकृतों के खिलाफ जाते हैं.",लेकिन शाम होते ही हमारा मन बदल जाता हैं और हम आदर्श को एक तरफ रख नियम के खिलाफ चलने लगते है।,36.51,Medium,26,22,4
344,"in research carried out by harvard university and the david axle school of business, utah, researchers have revealed some interesting facts.",इस अध्ययन से पता चला है कि हर्वर विश्‍वविद्यालय ने किस तरह का व्यापार स्कूल शुरू किया है और इस बारे में खोजकर्ताओं ने कुछ दिलचस्प तथ्य बताए हैं ।,हार्वर्ड यूनिवर्सिटी और यूटॉ के डेविड एक्लस स्कूल ऑफ बिजनेस के इस रिसर्च में शोधकर्ताओं ने कई रोचक तथ्य दिए हैं।,26.99,Medium,30,21,9
345,"according to researchers, while we dont have work pressure in the morning we attach importance to moral values, but as the evening sets in, due to fatigue or extra pressure our honesty declines.","लेकिन जैसे - जैसे शाम बढ़ती है, वैसे - वैसे हमारी ईमानदारी कम होने लगती है या फिर हमारी ईमानदारी कम होने लगती है ।","रिसर्चर्स के मुताबिक, सुबह काम का तनाव न होते हुए हम नैतिक मूल्यों को तरजीह देते हैं, लेकिन शाम होते ही थकान या अधिक प्रेशर की वजह से ईमानदारी घट जाती है।",19.48,Bad,25,32,7
346,to test this researchers did two experiments.,इस खोजकर्ताओं की जाँच करने के लिए दो परीक्षण किए गए ।,इसके लिए रिसर्चर्स ने दो प्रयोग किए।,23.18,Medium,12,7,5
347,they asked some subjects to count the number of dots on a computer screen.,उन्होंने कुछ विषयों से पूछा कि कंप्यूटर स्क्रीन पर बिन्दुओं की संख्या गिनें.,उन्होंने कुछ लोगों से कंप्यूटर स्क्रीन पर बिंदुओं की संख्या बताने को कहा।,62.82,Good,13,13,0
348,"for example, subjects had to say if the dots were more on the right or lefthand side.","उदाहरण के लिए, लोगों को यह कहना पड़ा कि यदि बिन्दु दाएँ या बाएँ हाथ की ओर होते तो ज़्यादा होती ।","मसलन, लोगों को यह बताना था कि बिंदु बाईं तरफ अधिक है या दाईं तरफ।",27.55,Medium,22,15,7
349,participants were then told that if they give the wrong answer rather than the correct answer they would be given money.,"फिर उन्हें बताया गया कि अगर वे सही जवाब न दें, तो उन्हें पैसे दिए जाएँगे ।",हिस्सा लेने वालों को कहा गया कि अगर वे सही जवाब के बजाए गलत जवाब देंगे तो उन्हें पैसे दिए जाएंगे।,48.56,Medium,17,21,4
350,this experiment shows that those who took part in the experiment in the morning between 8 and 12 did not make any mistakes and they gave the correct answers.,"यह परीक्षण दिखाता है कि जो लोग सुबह 8 से 12 के बीच प्रयोग करते थे, उन्होंने कोई ग़लती नहीं की और उन्होंने सही जवाब दिया ।",इस एक्सपेरिमेंट में देखा गया कि सुबह से के बीच जिन लोगों पर प्रयोग किया गया उन्होंने कोई गलती नहीं की और सही जवाब दिया।,44.9,Medium,27,25,2
351,"at the same time, those who took part in the experiment between 12 noon and 6pm set aside their morals and intentionally gave wrong answers.","साथ ही, जिन लोगों ने 12 घंटे और 6 बजे का परीक्षण किया, उन्होंने अपने नैतिक स्तरों को छोड़ दिया और जानबूझकर गलत जवाब दिए ।",वहीं दोपहर से शाम बजे के बीच लोगों पर प्रयोग करते समय पाया गया कि उन्होंने अपने उसूलों को ताक पर रखकर जानबूझकर गलत जवाब दिए।,39.53,Medium,26,26,0
352,"researchers have succeeded in proving that in the morning the greed for money does not affect our honesty, but in the evening we chose to ignore morality.","यह साबित करने में खोजकर्ता कामयाब हुए हैं कि सुबह - सुबह पैसे का लालच हमारी ईमानदारी पर असर नहीं करता, लेकिन शाम को हमने नैतिकता को नज़रअंदाज़ करने का चुनाव किया ।","इससे रिसर्चर्स यह साबित करने में कामयाब हो गए कि सुबह पैसों के लालच से हमारी ईमानदारी पर कोई फर्क नहीं पड़ता, लेकिन शाम होते ही हम नैतिकता को तवज्जो देना बंद कर देते हैं।",46.56,Medium,33,35,2
353,the research is published in the current issue of psychological science.,मनोवैज्ञानिक विज्ञान के मौजूदा अंक में शोध प्रकाशित किया गया है ।,यह रिसर्च साइकोलॉजिकल साइंस के ताजा अंक में प्रकाशित हुई है।,27.74,Medium,12,11,1
354,"after the robbery, the robbers left waving pistols.","डाकुओं के बाद, डाकुओं ने भीड़ - भाड़ियों को छोड़ दिया ।",लूटपाट के बाद बदमाश तमंचे लहराते हुए फरार हो गए।,10.64,Bad,12,10,2
355,relatives admitted the wounded to the hospital in a critical condition.,रिश्‍तेदारों ने एक गंभीर स्थिति में घायल व्यक्‍ति को स्वीकार किया ।,परिजनों ने घायल को गंभीर अवस्था में अस्पताल में भर्ती कराया है।,23.06,Medium,12,12,0
356,"sunder so sohanveer, a resident of madhi village, had recently retired from the post of junior engineer from the electrical department.","लेकिन, कुछ ही समय बाद, वे एक - दूसरे की मदद करने के लिए तैयार हो गए ।",मढ़ी गांव निवासी सुंदर पुत्र सोहनवीर अभी हाल ही में विद्युत विभाग से अवर अभियंता के पद से सेवानिवृत्त हुए हैं।,8.3,Bad,18,21,3
357,on wednesday he was returning home on his bicycle after withdrawing 44 thousand rupees from the bhola branch of the syndicate bank.,"उस दिन वे अपनी साइकिल पर अपनी साइकिल पर गए 44 हज़ार रुपए, बवेला बैंक से ले जाने के बाद ।",बुधवार को वह सिंडिकेट बैंक की भोला स्थित शाखा से हजार रुपये निकालकर साइकिल से घर लौट रहे थे।,18.77,Bad,21,19,2
358,"on the bhola to marhi road, two men riding a bike came from behind and robbed sundar and took the 44 thousand in cash.",एक आदमी साइकिल के पीछे से सवार हो रहा था और उसने वहाँ के 44 हज़ार लोगों को नकदी में ले लिया ।,भोलामढ़ी मार्ग पर पीछे से आए बाइक सवार दो बदमाशों ने सुंदर से हजार की नकदी लूट ली।,21.91,Medium,23,18,5
359,"when sunder protested they shot him in the stomach, wounding him.","जब वे उसे पेट में गोली मार दी, उसे चोट लगी.","सुंदर ने विरोध किया तो बदमाशों ने उनके पेट में गोली मार दी ,जिससे वह घायल हो गए।",30.35,Medium,11,18,7
360,"upon hearing the news, family members and villagers rushed him to the hospital in meerut in a serious condition.","यह खबर सुनने पर, परिवार के लोग और गाँव के लोग उसे अस्पताल ले गए ।",जानकारी पर पहुंचे परिजनों और ग्रामीणों ने उन्हें गंभीर हालत में मेरठ के अस्पताल में भर्ती कराया।,16.92,Bad,16,17,1
361,no report was filed until the news was reported.,जब तक समाचार रिपोर्ट न हो तब तक कोई रिपोर्ट उपलब्ध नहीं हुई.,समाचार लिखे जाने तक मामले में कोई रिपोर्ट दर्ज नहीं हो सकी थी।,32.69,Medium,13,13,0
362,"note that three days ago jasveer, a resident of ammanulapur, was shot and injured while returning home from the same bank by two robbers.","ध्यान दीजिए कि तीन दिन पहले, अममानाध नाम के निवासी, दो डाकुओं ने एक ही बैंक से घर लौटने के दौरान गोली मार दी और घायल हो गए ।",बता दें कि तीन दिन पूर्व भी इसी बैंक से घर लौटते समय अम्मानुलापुर निवासी जसवीर को बाइक सवार दो बदमाशों ने गोली मारकर घायल कर दिया था।,33.69,Medium,29,28,1
363,the police could not reveal any information about many more similar recent cases besides these.,"इसके अलावा, पुलिस ने हाल ही के कई मामलों के बारे में और भी कुछ जानकारी नहीं दी ।",पुलिस इनके अलावा हाल ही में हुए कई और मामलों का खुलासा भी नहीं कर पाई है।,36.8,Medium,19,17,2
364,so sumer singh yadav claimed that the details of the incident would be revealed soon.,"इतना ही नहीं, पाप करनेवाले ने दावा किया कि इस घटना की जानकारी जल्द ही प्रकट हो जाएगी ।","इधर, एसओ सुमेर सिंह यादव ने दावा किया कि घटनाओं का जल्द खुलासा कर दिया जाएगा।",29.44,Medium,19,16,3
365,when the hotel employees protested the fight began.,जब होटल के कर्मचारी लड़ाई का विरोध करने लगे.,होटल कर्मियों ने विरोध किया तो मारपीट शुरू कर दी।,24.6,Medium,9,10,1
366,"r.k. singh, the hotel owners younger brother came to mediate, the mps drunken son started a scuffle with him.","एक होटल के मालिक ने, जो एक छोटे भाई है, मीडिया के लिए आया था, मप्पू के बेटे ने उसके साथ एक चूंदी शुरू कर दी।",बीच बचाव करने आए होटल मालिक के छोटे भाई आरके सिंह के साथ नशे में धुत सांसद के बेटे ने हाथापाई शुरू कर दी।,34.71,Medium,26,24,2
367,"in the meantime, a lot of people gathered there.","इस बीच, बहुत सारे लोग वहाँ इकट्ठा हुए ।",इसी बीच वहां और कई लोग आ गए।,19.31,Bad,9,8,1
368,when an attempt was made to grab the assaulting youth he fired the revolver.,"जब युवा पर हमला करने के लिए एक प्रयास किया गया, तो उसने रोंगटे खड़े कर दिए ।",मारपीट कर रहे युवक को पकड़ने की कोशिश की तो उसने रिवाल्वर से फायरिंग कर दी।,22.35,Medium,18,16,2
369,the shooting triggered panic in the area.,शूटिंग क्षेत्र में आतंक पैदा हो गया.,फायरिंग से इलाके में सनसनी फैल गई।,11.91,Bad,7,7,0
370,after this the hotel employees caught him and informed the police.,इसके बाद होटल के कर्मचारियों ने उसे पकड़ लिया और पुलिस को सूचना दी ।,इस पर होटल कर्मियों ने उसे धर दबोचा और खबर देकर पुलिस को बुला लिया।,41.0,Medium,15,15,0
371,"the hotel owner, munna singh, on reaching the police station filed a report against anand pandey, son of mp gorakhnath pandey, a resident of barecha pahadpur at the koirana station in the bhadohi district.","होटल के मालिक ने, पुलिस स्टेशन तक पहुँचने के लिए पुलिस स्टेशन में एक रिपोर्ट दी ।",थाने पर पहुंचे होटल मालिक मुन्ना सिंह ने भदोही जिले के कोइराना थाने के बेरवा पहाड़पुर निवासी सांसद गोरखनाथ पांडेय के बेटे आनंद पांडेय के खिलाफ रिपोर्ट दर्ज कर कराई।,15.42,Bad,17,30,13
372,upon which the police arrested anand and seized his revolver.,उस पर पुलिस ने एक औरत को गिरफ्तार कर लिया और उसे अपनी गर्दन पर पकड़ लिया ।,जिस पर पुलिस ने उसे आनंद को गिरफ्तार करते हुए रिवाल्वर जब्त कर ली।,41.06,Medium,18,14,4
373,"according to handiya inspector ashok saraswat, munna singh, a resident of pratapgarh in khabhor, runs a hotel called raag durbar on the national highway.","हॉया मंत्री के अनुसार, जो किरपी में है, एक होटल को राष्ट्रीय सड़क पर द वार्मबार कहा जाता है ।",हंडिया इंस्पेक्टर अशोक सारस्वत के मुताबिक प्रतापगढ़ के खभोर निवासी मुन्ना सिंह नेशनल हाईवे पर राग दरबार नामक होटल चलाता है।,18.83,Bad,20,21,1
374,at around 8pm anand pandey arrived at the hotel and ordered food.,करीब 8 साल की एक औरत ने होटल में आकर खाना खाने का हुक्म दिया ।,रात करीब आठ बजे आनंद पांडेय होटल पहुंचा और खाने का आर्डर दिया।,26.24,Medium,16,13,3
375,"when the service was delayed, he started shouting abuse, assaulting the staff and shooting.","जब इस सेवा में देर हो रही थी, तो वह बुरा - भला कहने लगा ।","खाना बनने में देरी हुई तो उसने गालीगलौज, मारपीट और फायरिंग शुरू कर दी।",15.36,Bad,16,14,2
376,anand was drunk and he also threatened to kill the hotel employees.,वह नशे में था और उसने होटल के कर्मचारियों को मारने का भी धमकी दी ।,आनंद शराब के नशे में था और होटल कर्मियों को जान से मारने की धमकी भी दी।,46.26,Medium,16,17,1
377,the inspector said that the hotel is near bhiti village and adjacent to bhadoi district.,प्रधान मंत्री ने कहा कि होटल बोहीरी गाँव के पास है और पास के क्षेत्र के पास है ।,इंस्पेक्टर का कहना है कि होटल भीटी गांव के समीप है और भदोही जिले से सटा हुआ है।,22.62,Medium,19,18,1
378,cocaineaddict lawyer who tipped off mr big about police investigation is jailed,पुलिस की जाँच के बारे में बड़ी तेज़ी से पता लगाया गया है कि कोंसिल के वकील को गोली मार दी गई है,श्री बिग को पुलिस जांच के बारे में गुप्त सूचना देने वाले कोकेन के आदी वकील को कारावास,29.08,Medium,23,18,5
379,"basharat ditta, 42, would feed information to crime lord neil scarbrough","सन Dait Dado, 42, अपराधी स्वामी नेथब्रोश को जानकारी प्रदान की", वर्षीय बशरत डिट्टा कुख्यात अपराधी नील स्कारबोरो को सूचना दिया करता था,16.14,Bad,11,12,1
380,the solicitor feared his secret drug addiction would be exposed,एक व्यक्‍ति को अपनी गुप्त नशीली दवाओं की लत से डर लगता था,अधिवक्ता को लगता था कि उसकी गोपनीय नशीली दवा की लत के बारे में लोगों को पता लग सकता है,25.03,Medium,13,20,7
381,was given a threeyear prison sentence at liverpool crown court,कलेजे के मुकुट की अदालत में तीन साल की सज़ा सुनायी गयी,उसे लिवरपूल क्राउन कोर्ट ने तीन वर्ष जेल की सजा दी थी,15.26,Bad,12,12,0
382,"a top defence lawyer who told a drugs mr big about a major police investigation, because he feared his secret drug addiction would be exposed, has been jailed for three years.","एक उच्च रक्षा वकील ने एक बड़े पुलिस जाँच के बारे में कहा, क्योंकि वह अपनी गुप्त नशीली दवाओं की लत से डरता था, तीन साल से जेल में डाला गया है ।","बचाव पक्ष के शीर्ष वकील को, जिसने श्री बिग को मुख्य पुलिस जांच के बारे में बताया, क्योंकि उसे डर था उसकी नशीली दवा की उसकी गुप्त लत के बारे में लोगों को पता चल जाएगा, तीन वर्ष का कारावास हुआ है।",30.79,Medium,33,42,9
383,"basharat ditta, 42, would feed sensitive intelligence to crime lord neil scarbrough about inquiries into his drug trafficking activities after he became compromised by his cocaine habit.",इस वजह से वह अपनी लत पर काबू पाने के लिए ड्रग्स के नशे में चूर हो गया ।," वर्षीय बराशत डिट्टा अपनी कोकेन की लत के चलते समझौता करने के पश्चात, कुख्यात अपराधी नील स्कारबोरो को उसकी नशीली दवा तस्करी क्रियाकलापों की जांच के बारे में संवेदनशील गोपनीय सूचनाएं प्रदान करता था।",9.67,Bad,19,34,15
384,"the solicitor, who was nicknamed bash and hailed by criminals as a top brief, was arrested at his home in 2011 following a police surveillance operation into scarborough, who he had represented in a previous narcotics trial.","सन्‌ 2011 में एक पुलिस निगरानी के ऑपरेशन के बाद, जिसे उसने एक पिछली बार जेल में पेश किया था, पुलिस की निगरानी में अपने घर पर गिरफ्तार कर लिया गया ।","इस अधिवक्ता को, जिसे बैश का उपनाम दिया गया था, तथा जिसकी अपराधियों द्वारा टॉप ब्रीफ के रूप में प्रशंसा की गई थी, स्कारबोरो में पुलिस निगरानी संचालन के पश्चात वर्ष में उसके घर से गिरफ्तार किया गया था, जिसका उसने पिछले नारकोटिक्स ट्रायल में प्रतिनिधित्व किया था।",23.76,Medium,32,48,16
385,"officers spotted sarborough, 32, dropping off three bags of cocaine at the lawyers home in blackburn, lancashire, while he was out at a law society dinner with colleagues.","जब अधिकारियों ने देखा कि उनके साथ काम करनेवाले समाज के लिए खाना खाने का इंतज़ाम किया गया है, तो 32, कोकीन के वकील कोकीन के तीन सामान छोड़ देते हैं ।","अधिकारियों ने वर्षीय स्कारबोरो को ब्लैकबर्न, लंकाशायर, में वकील के घर में कोकेन के तीन बैग रखते हुए देखा था, जबकि वह अपने सहकर्मियों के साथ लॉ सोसायटी डिनर के लिए बाहर गया हुआ था।",26.17,Medium,32,35,3
386,"inquiries revealed ditta was a regular user of the class a drug after tests found traces of cocaine in his hair, on his wallet and on his credit cards.","उसके बालों में कोकीन, उसके बटुआ और उसके क्रेडिट कार्ड पर जाँच करने के बाद उस वर्ग का एक नियमित उपयोक्ता था ।","डिट्टा के बालों, उसके बटुए, तथा उसके क्रेडिट कार्ड में कोकेन के कण मिलने के पश्चात जांच में पता चला कि डिट्टा ए श्रेणी की नशीली दवाओं का नियमित उपयोगकर्ता था।",37.65,Medium,23,31,8
387,over an eight month period between january and august 2011 he sought to illicitly obtain information on the arrests of two men on behalf of scarborough as well as one of his associates.,"सन्‌ 2011 के दौरान, साकूरी और फूजीट के बीच एक आठ महीने से ज़्यादा समय तक उसने दो आदमियों को गिरफ्तार करने की कोशिश की, साथ ही उसके साथियों में से एक को गिरफ्तार करने की कोशिश की ।","जनवरी से अगस्त के बीच आठ महीने की अवधि के दौरान, उसने स्कारबोरो तथा उसके सहयोगी की ओर से दो लोगों की गिरफ्तारी के बारे में अवैध रूप से सूचना प्राप्त करने का प्रयास किया।",29.88,Medium,39,35,4
388,"all four suspects were being watched by police at the time as part of a major investigation into a heroin and cocaine racket operating across lancashire, cumbria, merseyside, berkshire and west yorkshire.",उस वक्‍त पुलिस ने उन चारों पर शक किया कि वे पुलिस की नज़रों में देख रहे थे ।,"लंकाशायर, कुम्ब्रिया, मर्सेसाइड, बर्कशायर तथा वेस्ट यॉर्कशायर में संचालन कर रहे हीरोईन तथा कोकेन गिरोह की मुख्य जांच के हिस्से के रूप में उस समय पुलिस द्वारा सभी चार संदिग्धों की निगरानी की जा रही थी।",10.14,Bad,19,36,17
389,"they and 32 other men were later jailed after police seized heroin and cocaine worth 1.5million along with more than 200,000 in cash during a series of raids.",इसके बाद उन्हें और 32 दूसरे भाइयों को गिरफ्तार कर लिया गया ।,"उसमें अन्य व्यक्ति थे, जिन्हें पुलिस द्वारा कई छापों के दौरान . मिलियन पाउंड कीमत की हीरोईन और कोकेन, और , पाउंड से अधिक नकद जब्त किए जाने के पश्चात जेल भेजा गया था।",10.18,Bad,13,34,21
390,"ditta, 42, fed information to criminals because of fears his cocaine addiction would be exposed","42 साल की मार - पीट की वजह से उसे अपराधियों के सामने जानकारी दी जाती थी, क्योंकि उसकी लत का खतरा उस पर हावी हो जाता ।"," वर्षीय डिट्टा अपराधियों को सूचना प्रदान किया करता था, क्योंकि उसे डर था कि उसकी कोकेन की लत के बारे में लोगों को पता न चल जाए।",28.5,Medium,28,27,1
391,"today at liverpool crown court ditta, who works at law firm forbes solicitors, based in blackburn, was facing disgrace after being found guilty of two counts of perverting the course of justice following a three week trial at liverpool crown court.","आज कलेजे के मुकुट के पास, जो अश्‍वेत लोगों के लिए सख़्ती से कार्य करता है, अश्‍वेतों के लिए सख़्ती से कार्य करने के बाद, दो मामलों में न्याय के मार्ग को तोड़ने के दोषी पाया जा रहा था ।","ब्लैकबनर्ड में स्थिति क़ानून फर्म फ़ोर्ब्स सॉलिसिटर्स में कार्यरत डिट्टा, लिवरपूल क्राउन कोर्ट में तीन सप्ताह तक चले ट्रायल के पश्चात न्याय के मार्ग को बाधित करने के दो मामलों में दोषी पाए जाने के पश्चात आज लिवरपूल क्राउन कोर्ट में अपयश का सामना कर रहा था।",26.42,Medium,40,47,7
392,he admitted cocaine possession at an earlier hearing.,उसने कोकीन कोस को पहले एक कान में स्वीकार किया ।,उसने पहले की सुनवाई में कोकेन रखने के बारे में स्वीकार किया था।,38.25,Medium,11,13,2
393,the lawyers downfall came after police investigating scarborough discovered he had been in regular phone contact with ditta in february 2011.,पुलिस की जाँच करने के बाद वकील को पता चला कि वह सन्‌ 2011 में सिबॉरी के साथ नियमित तौर पर फोन से संपर्क कर रहा था ।,वकील का बुरा समय उस समय आरम्भ हो गया जब स्कारबोरो की जांच करते समय पुलिस को पता चला कि वह फरवरी से डिट्टा के साथ नियमित रूप से फोन पर सम्पर्क में था।,32.92,Medium,28,34,6
394,two detectives trailed the suspect and spotted him arriving at dittas house in and was seen to place the drugs which had a purity of 60 per cent under the lawyers bins in a black golf glove.,दो जासूसों ने उस पर शक किया और उसे वहाँ Dadsssses घर में आते देखा और देखा गया कि जो दवाओं में ६० प्रतिशत की शुद्धता थी उसे एक काले गोल्फ इंजन में बंद कर दिया गया था.,दो जासूसों ने संदिग्ध का पीछा किया तथा उसे डिट्टा के घर में आते हुए तथा ब्लैक गोल्फ ग्लॉव में वकील की बिन के नीचे प्रतिशत से अधिक शुद्धता वाली नशीली दवा रखते हुए देखा।,30.38,Medium,38,35,3
395,"soon after the drop off, scarborough was in regular phone contact with ditta who had been out at the dinner at the blackburn rovers football stadium, ewood park.","कुछ ही समय बाद, बार्बरो नाम के कसबे में एक आदमी से फोन पर फोन पर बात करने के लिए कहा गया ।","नशीली दवा रखे जाने के पश्चात स्कारबोरो डिट्टा के साथ नियमित रूप से फोन पर सम्पर्क में था, जो ब्लैकर्न रोवर्स फुटबॉल स्टेडियम, ईवुड पार्क में डिनर के लिए बाहर गया था।",15.98,Bad,23,32,9
396,the lawyer returned home to discover the drugs and there were nine communications between them.,वह वकील ड्रग्स का पता लगाने के लिए घर लौटा और उन दोनों के बीच नौ संदेश थे ।,वकील को घर पहुंचने पर पता चला कि वहां नशीली दवा रखी थी तथा उनके बीच में नौ बार संवाद हुआ था।,17.01,Bad,19,22,3
397,"the court heard ditta was a regular user of cocaine after tests found traces of the class a drug in his hair, wallet and on his credit cards",अदालत ने सुना कि कोकीन कोकीन का एक नियमित उपयोगकर्ता था ।,"न्यायालय में सुनवाई हुई कि डिट्टा के बालों, बटुए और क्रेडिट कार्ड्स पर ए श्रेणी की नशीली दवा के सुराग पाए जाने पर परीक्षण में उसे कोकेन का नियमित उपयोगकर्ता पाय गया था।",19.2,Bad,12,33,21
398,ditta was arrested later but denied using cocaine and and said he had been speaking to the suspected dealer because he was his client and argued their discussions were subject to legal privilege.,"बाद में कोकीन कोकीन का इस्तेमाल करने से इनकार कर दिया गया, और कहा कि वह संदेही डीलर से बात कर रहा था क्योंकि वह उसका ग्राहक था और उनकी चर्चा क़ानूनी विशेषाधिकार के अधीन थी ।","डिट्टा को बाद में गिरफ्तार किया गया, लेकिन उसे कोकेन का उपयोग करने की बात से मना कर दिया तथा कहा कि वह संदिग्ध डीलर से बात कर रहा था, क्योंकि वह उसका क्लाइंट था तथा कहा कि उनकी चर्चा विधिक विशेषाधिकार का विषय थीं।",43.86,Medium,37,45,8
399,during his arrest ditta picked up his wallet and tried to remove several credit cards but they were all seized and a hair sample was taken fom him.,"जब उसे गिरफ्तार किया गया तो उसने अपना बटुआ उठाया और अनेक क्रेडिट कार्ड हटाने की कोशिश की, लेकिन सभी को पकड़ लिया गया और एक बाल नमूना उसे ले लिया गया ।","अपनी गिरफ्तारी के दौरान डिट्टा ने अपना बटुआ निकालकर बहुत से क्रेडिट कार्ड हटाने का प्रयास किया, लेकिन उन्हें जब्त कर लिया गया था, तथा उसके बालों का नमूना लिया गया था।",41.07,Medium,33,32,1
400,in a police interview he said he ran an office at his home address as well as work place and clients would call at his house on legal business.,"एक पुलिस इंटरव्यू में उसने कहा कि वह अपने घर के पते पर एक ऑफिस में गया है, साथ ही काम करने की जगह और ग्राहक कानूनी कारोबार के लिए अपने घर पर फोन करेंगे ।","पुलिस साक्षात्कार में उसने कहा कि वह अपने कार्यस्थल के साथसाथ अपने घर से भी कार्यालय चलाता था, तथा उसके क्लाइंट विधिक मामलों के लिए उसके घर पर फोन करते थे।",34.98,Medium,36,31,5
401,"but the court heard he would call major players in the drugs supply chain, some of whom he had previously represented, after key arrests to tell them what detectives knew about them.","लेकिन अदालत ने सुना कि वह नशीले पदार्थों की आपूर्ति के बड़े खिलाड़ियों को फोन करेगा, जिनमें से कुछ ने पहले ही प्रतिनिधित्व किया था, कुंजी गिरफ्तारी के बाद उन्हें बताने के बाद कि उनके बारे में क्या पता है.","गिरफ्तार हुए मुख्य व्यक्तियों द्वारा यह बताने के पश्चात कि जासूस उनके बारे में क्या जानते थे, न्यायालय सुनवाई में कहा गया कि डिट्टा नशीली दवा आपूर्ति शृंखला के प्रमुख लोगों को फोन किया करता था, जिसमें से कुछ लोगों का केस उसने पहले प्रस्तुत किया था।",33.93,Medium,40,47,7
402,"prosecuting, anne whyte said if anyone should know not to the break the law, it is a criminal solicitor.","अगर किसी को कानून तोड़ने की इजाज़त नहीं दी जाती, तो यह एक अपराधी अपराधी है ।",अभियोजन पक्ष की ओर से एनी व्हाइट ने कहा किः आपराधिक अधिवक्ता को कानून नहीं तोड़ने के बारे में सबसे अच्छी तरह पता होना चाहिए।,19.27,Bad,17,25,8
403,"mr ditta is accused of abusing his position as a criminal solicitor, having become too involved with specific clients.","एक अपराधी के तौर पर उसके पद का दुरुपयोग करने का आरोप लगाया जाता है, और वह भी विशिष्ट ग्राहकों के साथ शामिल हो जाता है ।","श्री डिट्टा पर आपराधिक अधिवक्ता के रूप में अपने पद का दुरुपयोग करने, अपने विशिष्ट क्लाइंट के साथ बहुत अधिक जुड़ने का आरोप है।",35.04,Medium,27,24,3
404,"the relationship we are talking about is not simply a drug dealer, but a drug dealer providing his own lawyer with drugs.","हम जिस रिश्‍ते के बारे में बात कर रहे हैं वह बस दवा विक्रेता नहीं है, लेकिन एक नशीले पदार्थों के साथ अपने वकील को प्रदान करता है ।","हम सामान्य नशीली दवा डीलर के सम्बन्ध के बारे में नहीं, बल्कि ऐसे डीलर के बारे में बात नहीं कर रहे हैं जो अपने वकील को नशीली दवा प्रदान कर रहा है।",37.73,Medium,29,32,3
405,some of his communications will undoubtedly have been legitimate ones because he was their lawyer.,उसकी कुछ निशानियाँ निश्चित रूप से वैध रही होगी क्योंकि वह उनका वकील था.,"उनकी कुछ बातचीत निश्चित रूप से बिना किसी संदेह के विधिक रही होंगी, क्योंकि वह वकील था।",41.78,Medium,14,17,3
406,but this went way beyond the ordinary confines of a lawyerclient relationship.,लेकिन इस तरह से एक वकील जंग के साधारण कवर से बाहर चला गया.,लेकिन वह वकीलक्लाइंट सम्बन्ध की अपनी सीमा से कहीं आगे निकल गया।,17.37,Bad,14,12,2
407,he thwarted the polices investigation as much as possible to enable them to continue in their criminal activities.,उसने पुलिस की जाँच बंद कर दी ताकि वे अपने अपराध के कामों में लगे रह सकें ।,"उसने जितना संभव था, पुलिस की जांच को बाधित किया ताकि वे अपनी आपराधिक गतिविधियों को जारी रखने में सक्षम बने रहें।",27.2,Medium,18,22,4
408,"mr ditta was not honouring his profession, but dishonouring it.","वह अपने पेशे का आदर नहीं कर रहा था, बल्कि उसका अपमान कर रहा था ।","श्री डिट्टा अपने पेशे का सम्मान नहीं, बल्कि अपमान कर रहे थे।",43.5,Medium,16,12,4
409,"he got too close to certain clients, in particular scarborough, and he allowed his independence to be compromised.",उसने अपनी आज़ादी का समझौता करने की इजाज़त दे दी ।,"उसने कुछ निश्चित क्लाइंट से बहुत अधिक नजदीकियां बना लीं, खास तौर पर स्कारबोरो से, तथा उसने अपनी स्वतंत्रता से समझौते की अनुमति दी।",14.84,Bad,11,24,13
410,"ditta denied wrongdoing and claimed if i was a corrupt lawyer, which i am not, and i wanted to feed information to mr scarborough, i would not wait 15 hours, i would do it immediately.","अगर मैं एक भ्रष्ट वकील था, जो मैं नहीं हूँ, और मैं जानकारी खाना चाहता था, तो मैं 15 घंटे इंतज़ार नहीं करता, मैं तुरंत यह करता ।","डिट्टा ने किसी भी गलत कार्य से इनकार किया तथा दावा किया किः यदि मैं भ्रष्ट वकील होता, जो मैं नहीं हूँ, तथा यदि मैं श्री स्कारबोरो को सूचना प्रदान करना चाहता तो मैं घंटों तक प्रतीक्षा नहीं करता, बल्कि मैं तुरन्त यह काम करता।",31.07,Medium,28,45,17
411,but after the hearing supt lee halstead from lancashire police said mr ditta turned from criminal solicitor to a criminal himself the moment he started obtaining drugs from organised criminals.,उसने कहा: “मुझे लगता है कि मैं एक अपराधी के पास नहीं जा सकता । ”,"लेकिन सुनवाई के पश्चात लंकाशायर पुलिस के सुपरिन्टेन्डेन्ट ली हैलस्टेड ने कहा किः श्री डिट्टा ने जिस समय संगठित अपराधियों से नशीली दवा प्राप्त करना शुरू किया, उसी समय उन्होंने खुद को आपराधिक अधिवक्ता से अपराधी में परिवर्तित कर लिया।",8.1,Bad,16,40,24
412,his addiction to cocaine left him hopelessly compromised and vulnerable to the motives of leading members of organised crime groups who tasked him to obtain valuable information regarding police investigations.,उसे पुलिस जाँचों के बारे में मूल्यवान जानकारी प्राप्त करने के लिए नियुक्‍त किया गया ।,"अपनी कोकेन की लत कारण उन्होंने अत्यधिक समझौता कर लिया तथा संगठित अपराध समूहों के अग्रणी सदस्यों के उद्देश्यों के प्रति बहुत अधिक कमजोर हो गए, जिन्होंने उसका उपयोग पुलिस जांच से सम्बन्धित महत्वपूर्ण सूचना प्राप्त करने के लिए किया।",18.14,Bad,16,40,24
413,solicitors should uphold the highest standards of integrity and should instil trust and confidence in the public.,"इसके बजाय, उन्हें सबके सामने अपनी खराई बनाए रखने की कोशिश करनी चाहिए और दूसरों पर भरोसा रखना चाहिए ।","अधिवक्ताओं को सत्यनिष्ठा का उच्चतम मानक बनाए रखना चाहिए, तथा लोगों में विश्वास और आत्मविश्वास भरना चाहिए।",23.65,Medium,20,17,3
414,mr ditta has betrayed this trust and attempted to hide behind the veneer of his profession.,इस विश्‍वास को तोड़ - मरोड़कर पेश किया गया है और अपने पेशे के पीछे छिपाने की कोशिश की है ।,श्री डिट्टा ने इस विश्वास के साथ धोखा किया है तथा अपने पेशे आड़ में बचने का प्रयास किया है।,27.95,Medium,21,20,1
415,"lancashires serious and organised crime unit led the investigation into mr ditta which has also seen him convicted of three counts of possession of cocaine and now perverting the course of justice, demonstrating our commitment to bringing criminals to justice.","उसने कोकीन की तीन संपत्ति का दोष भी देखा है और अब न्याय के मार्ग को उलटा करते हुए, अपराधियों को न्याय करने का अपना वादा निभाया है ।","लंकाशायर की गंभीर तथा संगठित अपराध इकाई ने श्री डिट्टा की जांच की, जिसमें उन्हें कोकेन रखने तथा अब न्याय के मार्ग को बाधित करने की तीन घटनाओं का दोषी भी पाया गया, जो अपराधियों को न्यायालय में लाने के प्रति हमारी प्रतिबद्धता को प्रदर्शित करता है।",26.85,Medium,29,47,18
416,let this case serve as a warning to criminals that no one is beyond the reach of the law.,यह मामला अपराधियों के लिए एक चेतावनी के रूप में काम करता है कि कोई भी व्यवस्था की पहुँच से बाहर नहीं है ।,इस मामले को अपराधियों के लिए चेतावनी का काम करना चाहिए कि कोई भी व्यक्ति कानून की पहुंच से दूर नहीं है।,50.32,Good,24,22,2
417,we will find you and put you before the courts.,हम तुम्हें मिल जाएगा और अदालत के सामने डाल दिया जाएगा.,हम आपको खोज निकालेंगे तथा न्यायालय के समक्ष प्रस्तुत करेंगे।,12.17,Bad,11,10,1
418,"scarborough himself was jailed for 14 years after pleading guilty to conspiracy to supply heroin, cocaine and cannabis.",उसने कहा: “मैं अपने आप को धोखा नहीं देना चाहता था । ”,"स्कारबोरो को हीरोईन, कोकेन तथा भांग की आपूर्ति करने के लिए षड्यंत्र करने का दोषी पाए जाने के पश्चात वर्ष का कारावास दिया गया।",7.82,Bad,13,24,11
419,thirty five other men involved in the racket were jailed for a total of 153 years for drugs offences.,इन्हें कुल मिलाकर १५३ साल तक नशीले पदार्थों के अपराधों के लिए जेल में डाला गया ।,गिरोह में शामिल पैंतीस अन्य सदस्यों को नशीली दवा अपराधों के लिए कुल वर्ष के लिए कारावास भेजा दिया गया।,28.26,Medium,17,20,3
420,"on his website ditta gave a question and answer session about himself in which he says his fantasy job would be a lawyer representing clients on death row in america, his ultimate dinner guest as being mohammed ali and inequality as his motivation for work.","वह कहता है कि अपनी कल्पना की नौकरी के बारे में एक वकील है जो मैरिका में मौत की पंक्ति पर ग्राहकों का प्रतिनिधित्व करता है, उसका अंतिम विश्राम मेहमान काम करने के लिए जुनून और दोष के रूप में अपनी प्रेरणा के रूप में सहमति के रूप में।","अपनी वेबसाइट पर डिट्टा ने अपने बारे में प्रश्न और उत्तर सत्र दिया, जिसमें उसने कहा कि उसकी फैन्टैसी जॉब होगी अमेरिका में मृत्यु दंड वाले क्लाइंट के लिए वकील बनना, मोहम्मद अली का उनका डिनर मेहमान होना तथा असमानता उनके कार्य के लिए प्रेरणा होना।",25.29,Medium,49,46,3
421,kenyan press outraged at controversial media law,यु. पू.,विवादित मीडिया कानून पर केन्या का प्रेस आक्रोशित,1.47,Bad,2,8,6
422,"it is a frightening place, and it is valid to ask what is there to prevent parliament from simply sweeping away the independence of the judiciary tomorrow? the paper said, challenging the bill as unconstitutional.","यह एक डरावना जगह है, और यह पूछने के लिए वैध है कि क्या है चर्च के लोगों को बस विस्तार से समाप्त होने से रोकने के लिए?","समाचार पत्र ने विधेयक को असंवैधानिक के रूप में चुनौती देते हुए कहा कि यह भयावह स्थान है, तथा यह पूछना वैध है किः आने वाले कल में संसद द्वारा न्यायपालिका की स्वतंत्रता छीनने से रोकने के लिए क्या है?",24.02,Medium,28,40,12
423,"this law is draconian and very punitive and we reject it, said cyrus kamau, managing director for capital group home to capitalfm, one of kenyas most respected independent radio stations and news websites.","इस कानून को निकाल दिया जाता है और हम इसे ठुकरा देते हैं, और हम इसे अस्वीकार करते हैं, Cyuka Kumuuuuuuu ने कहा, राजधानी समूह के लिए प्राफिम में से एक सबसे सम्मानित रेडियो स्टेशनों और समाचार वेबसाइटों में से एक।","कैपिटल ग्रुप जो केन्या के सबसे प्रतिष्ठित स्वतंत्र रेडियो स्टेशन तथा समाचार वेबसाइट कैपिटलएफएम. की संचालक कम्पनी है, के प्रबन्ध निदेशक साइरस कमाऊ ने कहा कि यह कानून क्रूर तथा बहुत ही दंडात्मक है, तथा हम इसे अस्वीकार करते हैं।",33.89,Medium,41,40,1
424,"he said the new media tribunal will always be biased because its an extension of the government, and that restrictions on content and advertising would damage kenyas place in the global economy.","उन्होंने कहा कि नए मीडिया सलाहकार हमेशा निष्पक्ष रहेंगे क्योंकि सरकार का एक विस्तार होगा, और जो प्रतिबंध दुनिया भर की अर्थव्यवस्था में लागू होते हैं, उन्हें नुकसान होगा ।","उन्होंने कहा कि नया मीडिया न्यायाधिकरण हमेशा पक्षपातपूर्ण रहेगा, क्योंकि यह सरकार का ही अंग है तथा कहा कि विषयवस्तु और विज्ञापन पर प्रतिबन्ध लगाया जाना, वैश्विक अर्थव्यवस्था में केन्या के स्थान को नुकसान पहुंचाएगा।",36.05,Medium,30,35,5
425,"i hope the president will listen to us, and we appeal to him to reject this bill and return it to the mps, he said.","मुझे आशा है कि राष्ट्रपति हमारी सुनेंगे, और हम उसे इस बिल को अस्वीकार करने के लिए अनुरोध करते हैं और इसे MSS में वापस आ जाते हैं, उन्होंने कहा.","उन्होंने कहा कि मैं उम्मीद करता हूँ कि राष्ट्रपति हमारी बात सुनेंगे, तथा हम उनसे अपील करते हैं कि वे इस विधेयक को अस्वीकृत करके एम.पी. लोगों को वापस भेज दें।",39.96,Medium,30,31,1
426,"according to the star newspaper, the new bill will effectively hand the government a stranglehold over the media, while the standard said democracy and free speech in kenya had been dealt a major blow and lambasted the bill as draconian.","स्टार समाचार - पत्र के अनुसार, नए बिल माध्यमों पर सरकार को प्रभावशाली रूप से पकड़ लेंगे, जबकि आम जनता ने कहा कि लोकतंत्र और मुफ्त बोली का एक बड़ा झटका और मेम्ने ने शोचियन के रूप में बिल लगाया था ।","दि स्टार समाचारपत्र के अनुसार, नया विधेयक सरकार को मीडिया पर सख्त नियंत्रण प्रदान करेगा, जबकि दि स्टैन्डर्ड ने कहा कि केन्या में लोकतंत्र तथा बोलने की स्वतंत्रता को तगड़ा झटका लगा है तथा इस विधेयक को क्रूर बताया है।",33.78,Medium,42,40,2
427,the passing of the bill comes amid a string of measures to reinforce national security in the wake of the septembers attack by islamist gunmen on the westgate shopping mall.,इस बिल में एक - के - बाद - एक देश की सुरक्षा को बढ़ावा देने के लिए एक - एक कदम उठाया गया है ।,"इस विधेयक को, सितम्बर में वेस्टगेट शॉपिंग मॉल में इस्लामी बंदूकधारी द्वारा हमला करने के पश्चात राष्ट्रीय सुरक्षा को मजबूत बनाने के उपायों में से के रूप में पारित किया जा रहा है।",14.01,Bad,26,33,7
428,kenya media drew the ire of authorities by broadcasting security camera footage of troops who were dispatched to the scene of the attack purportedly robbing the upmarket mall.,इस हमले की वजह से इस अभियान को रोकने के लिए उन्हें अदालत के सामने भेजा गया ।,"केन्या की मीडिया ने हमले वाली जगह पर भेजे गए दस्तों के सिक्योरिटी कैमरा फुटेज का प्रसारण कर दिया था, जिसमें उन्हें मॉल को सोउद्देश्य रूप से लूटते हुए दिखाया था, जिसके कारण अधिकारीगण केन्या के मीडिया से नाराज हो गए थे।",10.98,Bad,18,42,24
429,"police chief david kimaiyo reacted by summoning two journalists and a media executive for questioning, although the summons was retracted following a media outcry.",पुलिस प्रमुख डावोयो दो पत्रकारों और पूछताछ के लिए एक मीडिया अधिकारी को फोन करने के द्वारा प्रतिक्रिया दिखाते हुए प्रतिक्रिया दिखाते हुए प्रतिक्रिया दिखाते हुए।,"पुलिस प्रमुख डेविड किमायो ने दो पत्रकारों और मीडियाकर्मी को पूछताछ के लिए समन भेजा था, यद्यपि मीडिया द्वारा हंगामा करने के पश्चात इस समन को वापस ले लिया गया था।",37.97,Medium,26,31,5
430,"under the new bill, media houses can be fined up to 20 million kenyan shillings and individual journalists up to one million with the additional risk of being delisted, or barred from receiving official press accreditation.","नए बिलों के तहत, मीडिया घरों को 20 लाख से भी ज़्यादा लोग और व्यक्‍तिगत पत्रकारों को 20 लाख तक ठीक किया जा सकता है ।","नए विधेयक के अन्तर्गत मीडिया कम्पनियों पर करोड़ केन्याई शिलिंग तथा अलगअलग पत्रकारों को दस लाख केन्याई शिलिंग पर जुर्माना किया जा सकता है तथा, उसके अतिरिक्त सूची से हटाए जाने अथवा आधिकारिक प्रेस मान्यता न दिए जाने का अतिरिक्त जोखिम अलग रहेगा।",18.59,Bad,26,43,17
431,the tribunal also has the power to seize the property of an offender if a fine is not paid.,"अगर किसी को कोई अच्छी चीज़ नहीं दी जाती, तो वह किसी अपराधी की संपत्ति को भी पकड़ सकता है ।",दंड का भुगतान न किए जाने पर न्यायाधिकरण के पास उल्लंघनकर्ता की सम्पत्ति जब्त करने का अधिकार भी है।,14.41,Bad,21,19,2
432,"according to the daily nation, even one fine is enough to cripple most fm stations.","दैनिक राष्ट्र के अनुसार, एक भी उत्तम है जो सबसे बढ़िया है सबसे पैमाने पर ब्लू स्टेशनों को नष्ट करने के लिए पर्याप्त है ।",डेली नेशन के अनुसार अधिकांश एफ.एम. स्टेशनों की नींव हिलाने के लिए एक अर्थदंड ही पर्याप्त है।,37.3,Medium,25,17,8
433,it also said the measures could have a devastating effect on what it described as kenyas lively blogosphere.,"इसमें यह भी कहा गया था कि इस समस्या का उस पर बहुत बुरा असर हो सकता है, जिसके बारे में उसने कहा था कि वह जीव - विज्ञानी जीव - विज्ञानी हैं ।",इसने यह भी कहा कि इन उपायों के कारण उस परविनाशकारी प्रभाव हो सकते हैं जिसक केन्या के जीवंत ब्लॉगोस्फेयर के रूप में वर्णन किया जाता है।,25.0,Medium,34,27,7
434,"by silencing the media, politicians know they can do whatever they like with impunity.","मीडिया का विरोध करने के द्वारा, राजनीतिज्ञ जानते हैं कि वे जो कुछ भी कर सकते हैं वह दण्ड के साथ किया जा सकता है.",मीडिया का मुह बंद करने के द्वारा राजनेता जानते हैं कि वे अपनी मनमानी कर सकते हैं।,52.78,Good,25,17,8
435,"no one will ever know, wrote nation journalist mutuma mathiu, describing the kenyan media as a key source of checks and balances in public life.","कोई भी पता नहीं चलेगा, राष्ट्र पत्रकार गणित गणितकू ने सार्वजनिक जीवन में जांच और संतुलन का एक मुख्य स्रोत के रूप में लिखा ।",नेशन के पत्रकार मुटुमा मैथ्यू केन्याई मीडिया का सार्वजनिक जीवन में नियंत्रण और संतुलन के प्रमुख स्रोत के रूप में वर्णन करते हुए लिखते हैं किसी को कभी पता भी नहीं चलेगा।,40.51,Medium,25,32,7
436,"left to themselves, politicians would bankrupt the country and take us back to hunting and gathering, he wrote.","अपने आप को छोड़कर, राजनीतिज्ञ उस देश को तबाह कर देंगे और हमें शिकार करने और इकट्ठा करने के लिए वापस ले जाएँगे, उसने लिखा ।",उन्होंने लिखा राजनेताओं पर छोड़ दिए जाने पर वे देश को दिवालिया करके हमें वापस शिकार और जमा वाले युग में पहुंचा देंगे।,26.83,Medium,26,23,3
437,kenyan lawmakers have been the target of public anger in the past.,पुराने ज़माने में कानून बनानेवालों को लोगों पर गुस्सा आता आया है ।,अतीत में केन्याई विधिनिर्माताओं को लोगों के गुस्से का सामना करना पड़ा है।,27.68,Medium,13,13,0
438,"in may they voted to overturn cuts ordered by the national salaries commission and reinstate their hefty salaries of around 532,000 shillings a month taxfree ranked among the highest in the world.",वे शायद देश के अधिकारियों द्वारा दिए गए आदेश को भंग करने के लिए वोट दें और संसार के सबसे ऊँचे न्यायालयों में एक महीने के लिए कर देने की अनुमति देते हैं ।,"मई में उन्होंने राष्ट्रीय वेतन आयोग द्वारा आदेशित कटौतियों को अस्वीकार करने के पक्ष में मत दिया था, तथा लगभग , शिलिंग प्रतिमाह, कर मुक्त तगड़े वेतन को बहाल किया था, जिसे दुनिया उच्चतम में से माना जाता है।",18.05,Bad,34,39,5
439,"although nita ambani, the wife of the worlds richest indian, mukesh ambani, celebrates her birthday on november 1st, as the clocks struck twelve on the night of october 30th, the whole of jaipur began to celebrate nita ambanis birthday.","हालांकि Nadyayyyyyyynian में दुनिया धनत की पत्नी, Markyyyyphys, उसके जन्मदिन का जश्‍न मनाते हैं, के रूप में दोपहर की रात में 12 की रात में मारा गया था, locrolalalalaldmas का पूरा जन्मदिन मनाने के लिए शुरू हो गया था.","दुनिया के सबसे अमीर भारतीय मुकेश अंबानी की पत्नी का बर्थ डे यूं तो एक नवंबर को है, लेकिन जैसे ही अक्टूबर की रात घड़ियों ने बारह बजा, पूरा जोधपुर नीता अंबानी के बर्थडे से गूंजने लगा।",19.82,Bad,39,37,2
440,"prior to that, the mood of the occasion had already been set by a.r. rahman and his groups performance.","इसके पहले, उस अवसर का मूड पहले से ही एक सा. यु.",इससे पहले जश्न का माहौल पूरी तरह एआर रहमान की टीम की परफॉर्मेंस से बन चुका था।,12.46,Bad,12,17,5
441,a.r. rahman sang his signature songs in the musical evening that started at 8 p.m.,8 पेज पर शुरू की थी ।,रात बजे शुरू हुए इस म्यूजिकल नाइट में रहमान अपने सिग्नेचर सांग्स की प्रस्तुति दी।,6.25,Bad,7,15,8
442,priyanka chopra was on stage to add colour with her dances.,प्रधान बिशप काउरा ने मंच पर अपने नृत्यों के साथ रंग जोड़ने के लिए रंग बढ़ाना था ।,डांस के खूबसूरत रंग घोलेंने के लिए प्रियंका चोपड़ा मंच पर थीं।,25.69,Medium,18,12,6
443,guests arrived in around 32 chartered aircraft to attend nita ambanis birthday party.,मेहमानों को 32 के आस - पास ले जाया गया विमानों को नताता जन्मदिन की पार्टी में हाज़िर होने के लिए भेजा गया ।,नीता अंबानी के बर्थ डे में शामिल होने वाले मेहमानों के लिए करीब चार्टर जोधपुर पहुंचे।,25.6,Medium,24,16,8
444,"as space at jodhpur airport was inadequate, the chartered planes landed at jaipur, delhi, udaipur and jodhpur.","जैसे - जैसे बंदरगाह पर अंतरिक्ष में स्थित स्थान असमर्थ था, अभिकलनित विमानों ने फूह, वरी, वरी, सुधा, और हेधा पर विजय प्राप्त की ।","जोधपुर एयरपोर्ट पर पार्किंग की स्पेस कम होने की वजह से चार्टर जयपुर, दिल्ली, उदयपुर और जोधपुर में पार्क किया गया।",13.51,Bad,25,21,4
445,"same way 135 luxury cars were also used, including bmws and jaguars.","इसी तरह १,००० ऐशो - आराम की गाड़ियों का भी इस्तेमाल किया जाता था ।",इसी तरह लक्जरी कारें जिनमें बीएमडब्ल्यू और जुगआर मंगवाई गई।,14.81,Bad,15,10,5
446,sood said that the citys sanitation system and street lights had totally broken down.,इसलिए वह कहता है कि शहर के साफ - सफाई और सड़कों की रोशनी पूरी तरह टूट चुकी थी ।,"सूद ने कहा कि शहर में सफाई व्यवस्था, स्ट्रीट लाइट बिल्कुल फेल हो चुकी है।",18.51,Bad,20,15,5
447,no steps were being taken by the municipal corporation and huda to run panchkula city centre.,कैंट्री निगम द्वारा कोई क़दम नहीं उठाया जा रहा था और सोडा शहर केंद्र को चलाने के लिए था ।,पंचकूला के सिटी सेंटर को चलाने के लिए नगर निगम एवं हुडा द्वारा कोई कदम नहीं उठाया जा रहा है।,51.63,Good,20,20,0
448,he demanded the complete abolition of house tax in panchkula.,उसने कैंचा में कर का पूरा जायज़ा लिया ।,उन्होंने पंचकूला से गृहकर पूरी तरह समाप्त करने की माग की है।,11.47,Bad,9,12,3
449,"on friday, while addressing a press conference here, v.k. sood said that, after the municipal corporation elections the city got a new councillor and mayor, but they do not have the powers necessary to get the work done.","Fri दिवस में, एक प्रेस सम्मेलन को यहाँ, वी.k बात करते समय तो नूडल ने कहा, शहर चुनावों के बाद एक नया वोटर और मेयर मिल गया, लेकिन उनके पास काम करने के लिए शक्‍ति नहीं है.","यहां शुक्रवार को एक प्रेस कांफ्रेंस को संबोधित करते हुए वीके सूद ने कहा कि नगर निगम चुनावों के बाद शहर को नए पार्षद एवं मेयर तो मिल गई हैं, लेकिन इनके पास काम करवाने की शक्तिया ही नहीं है।",34.7,Medium,37,40,3
450,so the city councillors have become dummies and officers are doing as they pleased.,इस तरह शहर के परिषद्‌ और अफसर अपनी इच्छा के मुताबिक काम कर रहे हैं ।,इसके चलते शहर के पार्षद एक डम्मी बन गए है और अधिकारी अपने हिसाब से ही काम कर रहे है।,28.86,Medium,16,20,4
451,"sood said that the municipal corporation has crores of rupees at its disposal, but all the money is in the form of bank fds and interest is being earned on it.","सोडो ने कहा कि प्रशासनिक निगम में पैसा जमा करने के लिए पैसा होता है, लेकिन सभी पैसा बैंक के बैंक और ब्याज के रूप में कमाया जा रहा है ।","सूद ने कहा कि नगर निगम के पास करोड़ों रुपये पड़े है, लेकिन सारा पैसा बैंकों में एफडी के रूप में जमा करवाकर ब्याज वसूला जा रहा है।",42.18,Medium,31,28,3
452,so no steps are being taken to use that money for the development of the city.,इसलिए शहर के विकास के लिए पैसा इस्तेमाल करने के लिए कोई कदम नहीं उठाया जा रहा है ।,परतु पैसा शहर के विकास पर लगाने के लिए कोई कदम नहीं उठाया जा रहा।,67.19,Good,19,15,4
453,v.k. sood said the refuse dump issue is the most serious problem.,v.k. तो नूडल ने कहा कि इनकार करने का मुद्दा सबसे गंभीर समस्या है.,वीके सूद ने कहा कि डपिंग ग्राउंड की समस्या सबसे गंभीर है।,38.18,Medium,14,12,2
454,"by creating a dump in sector 23, people living in sectors beyond ghaggar are forced to live a hellish life.",बदलाव में 23 लोगों को इस तरह संगठित किया जाता है कि वे दूसरे देशों में जाकर बसने के लिए मजबूर हो जाते हैं ।,सेक्टर में डपिंग ग्राउंड बनाने के कारण घग्गर पार सेक्टरों में रहने वाले लोग पिछले कई वर्षाें से नारकीय जिंदगी जीने को मजबूर हैं।,18.04,Bad,25,24,1
455,"the municipal corporation officers have been talking about shifting the dump to the village of jhuriwala for the past several years now, but the inhabitants of the barwala area are already facing a serious problem with flies.",इस इलाके के निवासी पहले से ही मक्खियों के साथ गंभीर समस्या का सामना कर रहे हैं ।,"नगर निगम के अधिकारी पिछले कई वर्षाें से गाव झूरीवाला में डपिंग ग्राउंड को शिफ्ट करने की बात कर रहे हैं, लेकिन बरवाला क्षेत्र के लोग तो पहले ही मक्खियों की गंभीर समस्या से दोचार हो रहे है।",23.69,Medium,18,38,20
456,he said that healthcare and educational facilities are extremely bad.,उसने कहा कि स्वास्थ्य चिकित्सा और शैक्षिक सुविधाओं में बहुत बुरा है ।,उन्होंने कहा कि गावों में स्वास्थ्य सेवाओं एवं शिक्षा व्यवस्था की हालत बिल्कुल खराब हो चुकी है।,26.63,Medium,13,17,4
457,no work has yet been started to provide facilities for rural inhabitants.,अब तक यहाँ के गाँवों में रहने के लिए कोई भी काम शुरू नहीं किया गया है ।,ग्रामीण क्षेत्र में लोगों को सुविधाएं देने के लिए आज तक कोई काम शुरू ही नहीं हुआ।,26.28,Medium,18,17,1
458,un hails new goals to tackle poverty,गरीबी से निपटने के नए लक्ष्य नहीं,यू.एन. ने निर्धनता से निपटने के लिए नए लक्ष्य निर्धारित किए,33.74,Medium,7,11,4
459,"the united nations is to start work immediately on a new set of goals to replace the millennium development goals, which were put place 12 years ago to tackle global poverty.","संयुक्‍त राष्ट्र को मिलेनियम में होनेवाले लक्ष्यों की जगह लेने के लिए फौरन एक नया लक्ष्य बनाना है, जो दुनिया - भर में गरीबी का सामना करने के लिए 12 साल पहले रखा गया था ।","संयुक्त राष्ट्र तत्काल ही लक्ष्यों के नए समूह पर कार्य आरंभ करने वाला है, जो सहस्राब्दि विकास लक्ष्यों का स्थान लेंगे, जिन्हें वैश्विक निर्धनता से निपटने के लिए वर्ष पहले आरंभ किया गया था।",32.58,Medium,36,34,2
460,"australian diplomats played a key role in pushing for sustainable development goals to replace the mdgs, which expire in 2015, ahead of the un sustainable development summit that began in rio de janeiro overnight.","सन्‌ 2015 में जिन मुश्‍किलों का सामना किया गया, उनमें से सबसे पहले 2015 में 2015 में एक सम्मेलन हुआ ।","वर्ष में समाप्त हो रहे एम.डी.डी. को प्रतिस्थापित करने के लिए, संवहनीय विकास लक्ष्यों को आगे बढ़ाने में ऑस्ट्रेलियाई राजनयिक ने रिओ डे जैनेरो में रात भर में आरंभ हुए संवहनीय विकास शिखर सम्मेलन से ठीक पहले महत्वपूर्ण भूमिका निभाई।",11.71,Bad,21,40,19
461,"they were included in the final draft of the document, which will be endorsed by world leaders including ms gillard during the summit.","वे दस्तावेज़ के अंतिम मसौदा में शामिल थे, जिसे संसार के नेताओं द्वारा बढ़ावा दिया जाएगा, जिनमें शिखर सम्मेलन के दौरान एम.","इन्हें दस्तावेज के अंतिम प्रारूप में शामिल किया गया था, जिसका शिखर सम्मेलन के दौरान सुश्री गिलार्ड समेत विश्व नेताओं द्वारा समर्थन किया जाएगा।",45.78,Medium,22,24,2
462,un secretarygeneral ban kimoon told the summit overnight that now is the time to rise above national interests.,सचिव के लिए प्रतिबंध नहीं था कि आज राष्ट्रीय हितों से ऊपर उठने का समय है.,यू.एन. महासचिव बैन किमून ने रात्रि शिखर सम्मेलन में कहा कि राष्ट्रीय हितों से ऊपर उठने का समय आ गया है।,41.48,Medium,16,21,5
463,"i am pleased that member states have agreed to launch and take ownership of a process to establish universal sustainable development goals sdgs, he said.","मुझे खुशी है कि इस सदस्य ने दावा किया है कि उसने विश्‍वभर में स्थिर विकासों को स्थापित करने के लिए एक प्रक्रिया का मालिक बनने और उसे मालिक बनने के लिए सहमत किया है, उसने कहा ।",उन्होंने कहा कि मुझे बहुत प्रसन्नता है कि सदस्य देश सार्वभौमिक संवहनीय विकास लक्ष्य स्थापित करने हेतु प्रक्रिया आरंभ करने तथा उसका स्वामित्व लेने के लिए सहमत हो गए हैं।,34.34,Medium,38,30,8
464,"these sdgs will build on our advances under the millennium development goals, and they will be an integral part of the post2015 development framework.",इन्हें सन्‌ 2015 में विकास के लिए तैयार किया जाएगा ।,"ये एस.डी.जी. सहस्राब्दि विकास लक्ष्यों के अन्तर्गत हमारे विकास पर आधारित होंगे, तथा ये के पश्चात विकास रूपरेखा का समग्र अंग होंगे।",8.06,Bad,11,22,11
465,i will spare no effort to implement the mandate given to me by member states to realise our vision of sustainable development goals that build on the success of the mdgs.,मैं सदस्य द्वारा दिए गए आदेश को लागू करने के लिए किसी भी प्रयास से नहीं बचूँगी ।,एम.डी.जी. की सफलता पर आधारित संवहनीय विकास लक्ष्यों के हमारे दूरगामी उद्देश्यों को पूर्ण करने के लिए हमारे सदस्य देशों द्वारा मुझे दिए गए अधिदेश का क्रियान्वयन करने के लिए मैं हरसंभव प्रयास करूंगा।,18.15,Bad,18,34,16
466,mozambique security concerns mount as powerful personalities clash,सुरक्षा की चिंता बहुत ही शक्‍तिशाली व्यक्‍ति आपस में टकराते हैं,मोजाम्बिक की सुरक्षा चिंता का विषय ताकतवर शख्सियतों टकराव के रूप में बढ़ते हैं,26.34,Medium,11,14,3
467,"with a statue of samora machel, mozambiques founding president, staring down on them, thousands of people gathered in central maputo to chant peace slogans in a rare public demonstration.",एक साधारण सार्वजनिक प्रदर्शन में शांति के वाक्यों का उच्चारण करने के लिए मध्य नक्शे पर हज़ारों लोग जमा हुए ।,"मोजाम्बिक संस्थापक राष्ट्रपति सैमोरा की एक मूर्ति के साथ, जो उन पर नीचे घूर रही थी, केंद्रीय मापुटो में एकत्र हुए हजार लोग एक दुर्लभ सार्वजनिक प्रदर्शन में शांति के नारे के लिए.",29.21,Medium,21,33,12
468,"we want peace back we want stability, said vanessa de sousa, chief executive of an investment company.","हम वापस चाहते हैं कि हम स्थिरता चाहते हैं, वेदर्स दे, एक निवेश कंपनी के प्रमुख अधिकारी ने कहा.","हम शांति वापस चाहते हैं, हम स्थिरता चाहते हैं, वैनेसा डी सुसा, एक निवेश कंपनी के मुख्य कार्यकारी अधिकारी ने कहा.",60.04,Good,19,21,2
469,"fearful about the future of her country, she swapped her corporate attire for a tshirt emblazoned with we demand security in portuguese as she joined the crowds in the capitals independence square on thursday.","अपने देश के भविष्य के बारे में डर के मारे, उसने अपनी नौकरी - पेशे को एक टी. वी.","अपने देश के भविष्य के बारे में भयभीत, उसने एकपुर्तगाली में हम सुरक्षा की मांग करतेहैं छपा टी शर्ट से उसकी कॉर्पोरेट पोशाक बदली और वो गुरुवार को राजधानी स्वतंत्रता स्क्वायर के भीड़ में शामिल हुई.",22.06,Medium,19,36,17
470,"for two weeks, there have been almost daily reports of clashes between government forces and renamo, some of the worst skirmishes since a peace deal more than 20 years ago.","दो हफ्ते से लेकर आज तक सरकार की शक्‍तियों और नाम - शोहरत के बीच के झगड़े की करीब - करीब रिपोर्टें मौजूद हैं, क्योंकि 20 से भी ज़्यादा साल पहले शांति का दौर शुरू हुआ था ।","दो हफ्तों के लिए सरकारी फौजों तथा रे नमो के बीच संघर्ष लगभग प्रतिदिन रिपोर्ट किया गया है,एक शांति समझौते के से अधिक साल पहले बाद से.",29.83,Medium,38,27,11
471,"renamo was once a notorious rebel movement, initially backed by whiteruled rhodesia and then south africas apartheid government as part of efforts to destabilise the countrys independent government.","एक बार नामीओ एक कुख्यात विद्रोह आंदोलन था, जो शुरू में श्‍वेत तानाशाहों द्वारा वापस आ गया और फिर दक्षिण - पूर्वी सरकार ने देश को स्वतंत्र सरकार को बचाने के प्रयास के रूप में एक हिस्सा लिया ।",रे नमो एक बार शुरू में देश के स्वतंत्र सरकार को अस्थिर करने के प्रयासों के हिस्से के रूप में उसके बाद सफेद शासित रोडेशिया तथा दक्षिण अफ्रीका के रंगभेद सरकार द्वारा समर्थित आंदोलन का एक कुख्यात विद्रोही था.,44.08,Medium,39,39,0
472,"after a 1992 peace deal, it became an opposition party.","सन्‌ 1992 में शांति संधि खत्म होने के बाद, यह एक विरोध पार्टी बन गयी ।"," के शांति समझौते के बाद, यह एक विपक्षी पार्टी बन गई.",51.11,Good,16,11,5
473,"analysts believe the country is unlikely to slide back into fullblown conflict, but recent events have unnerved foreign investors and locals.",लेकिन हाल में हुई घटनाओं ने विदेशियों और आस - पास के लोगों को अपना शिकार बना लिया है ।,"विश्लेषकोंका मानना है देश के पूर्ण विकसित संघर्ष में वापस लौटने की संभावना नहीं है, लेकिन हाल ही के घटनाओं ने विदेशी निवेशकों और स्थानीय लोगों कोंहतोत्साह किया है.",25.05,Medium,20,29,9
474,"the stakes are high for the fastgrowing economy as the discovery of huge offshore gas reserves and coal deposits in the northwest could bring in more than 50bn of investment over the next few next years from companies including rio tinto, vale of brazil, eni of italy and anadarko of the us.",उत्तर - पश्‍चिम में बड़े - बड़े गैसों और कोयले की खोज के लिए सूली काफी ऊँची है ।,"दांव तेजी से बढ़ रही अर्थव्यवस्था के लिए उच्च रहे हैं पश्चिमोत्तर के विशाल अपतटीय गैस के भंडार और कोयले के भंडार की खोज की रियो टिंटो, ब्राजील के वेल, सहित कंपनियों में से कुछ अगले साल से अधिक के निवेश में से ला सकता है.",13.56,Bad,19,46,27
475,"the ruling frelimo party, the dominant political force since 1975, and renamo blame each other for the tension.",सन्‌ 1975 से प्रबल राजनैतिक दल ने एक - दूसरे पर दोष लगाया और एक - दूसरे पर दोष लगाया ।,"सत्तारूढ़ पार्टी, के बाद से प्रमुख राजनीतिक शक्ति, तथा रे नमो तनाव के लिए एक दूसरे को दोषी ठहराते हैं.",16.92,Bad,21,20,1
476,"renamo says the government initiated the latest clashes by launching an attack on its members in sofala province, traditionally a renamo stronghold, on october 17.",नामो का कहना है कि सरकार ने हाल ही में स्वॉला प्रांत में अपने सदस्यों पर हमला शुरू किया ।,"रे नमो का कहना है कि सरकार ने अक्टूबर को सोफा ला प्रांत, परंपरागत एक रे नमो गढ़, में इसके सदस्यों पर हमले शुरू करके नवीनतम संघर्ष शुरू किया",41.2,Medium,20,29,9
477,"assaults on the former rebels then escalated as government forces attacked renamo bases and attempted to kill afonso dhlakama, the groups leader, fernando mazanga, renamos spokesman, told the financial times.",पहले विद्रोहियों पर फिर से हमला हुआ जब सरकार ने नामो की सेना पर हमला किया ।,"पूर्व विद्रोहियों पर हमले और फिर बढ़ने से सरकारी बलोंने रेनमो ठिकानों पर हमला किया और अफ़ोंसो ढाका मा, समूह के नेता, फर्नांडो माझांग, रे नमो के प्रवक्ता को मारने की कोशिश की फाइनेंशियल टाइम्स को बताया.",20.29,Medium,17,37,20
478,"the government blames renamo for triggering the clashes, accusing it of attacking soldiers.",इस पर हमला करनेवाले सैनिकों का इलज़ाम लगाया गया ।,सरकार सैनिकों पर हमला करने का आरोप लगाते हुए टकराव को ट्रिगर के लिए रे नमो को दोषी मानते हैं.,22.9,Medium,10,20,10
479,president armando guebuza has sought to play down concerns about instability.,राष्ट्रपति हाथ - पर - हाथ धरे बैठे रहना चाहते थे ।,राष्ट्रपति अर्मांडो जीबुझां ने अस्थिरता के बारे में चिंताओं को बेक़दर करने कीमांग की है.,16.55,Bad,12,15,3
480,"mr guebuza told afp, the french news agency, on wednesday that mr dhlakama saw himself as a loser who wanted to use whatever remains of his forces to try to prove that he can impose on the government his own decisions.","Mrrgagap ने एक fagy समाचार विभाग को बताया कि मिडनेड डेशमा के दिन, खुद को एक हारे हुए के रूप में देखा जो अपनी सेना के किसी भी अवशेष का उपयोग करना चाहता था साबित करने के लिए कि वह अपने ही निर्णय पर असर कर सकते हैं।","श्री जीबुझां ने बुधवार को एएफपी, फ्रांसीसी समाचार एजेंसी से कहा कि श्री ढाकामा ने खुद को एक हारे रूप में देखा था जो भी हो उसकी सेनाओं के साबित करने की कोशिश करने बनी हुई है कि वह सरकार पर अपने ही निर्णय को लागू कर सकते हैं .",36.87,Medium,48,50,2
481,both frelimo and renamo insist they want to avoid war.,वे युद्ध से दूर रहना चाहते हैं ।,फ्री लिमो तथा रे नमो दोनों ही जोर देते हैं कि वे युद्ध से बचना चाहते हैं .,30.21,Medium,8,18,10
482,but concerns have grown after mr mazanga was quoted as saying renamo was abandoning the 1992 peace accord.,"लेकिन एमा मेगॉ के कहने के बाद जो चिंताएँ हुईं, उन्हें सन्‌ 1992 में शांति के लिए छोड़ दिया गया था ।",श्री माझांग को यह कहते हुए उद्धृत किया गया था रे नमो ने शांति समझौते को रद्द कर दिया गया था लेकिन बाद में फिर चिंता का विषय हो गए हैं .,22.2,Medium,22,32,10
483,he told the ft that he meant the agreement was no longer being respected by frelimo.,"वह कहता है कि वह इस समझौते का मतलब नहीं था, मगर अब वह फ्रीवीमो का आदर नहीं कर रहा था ।",उन्होंने को बताया का मतलब है किवह समझौता फ्री लिमो के द्वारा सम्मानित किया नहीं जा रहा है,26.63,Medium,22,18,4
484,"our vision is to come back to negotiations, but with seriousness, mr mazanga said.","हमारा दर्शन बातचीत करने के लिए वापस आता है, लेकिन गंभीरता से, मैगमा ने कहा ।","हमारी दृष्टि समझौता वार्ता के लिए वापस आना है, लेकिन गंभीरता से, श्री माझांगने कहा.",47.63,Medium,16,15,1
485,previous talks between the parties have done little to ease tensions fuelled by a series of clashes this year.,इस साल एक - के - बाद - एक कई झगड़े हुए हैं ।,दोनों पक्षों के बीच पिछली वार्ता इस साल के संघर्ष की एक श्रृंखला की शह तनाव कम करने के लिए कुछ खास नहीं किया.,7.4,Bad,14,24,10
486,"its two big men guebuza and dhlakama butting heads together, said joseph hanlon, a lecturer at the open university and mozambique expert.","उसके दो बड़े बड़े आदमियों ने, जो एक साथ थे और सिर हिलाते थे, खुले विश्‍वविद्यालय में एक शिक्षक, जॆपपॉन और मोज़ाबी विशेषज्ञ ने कहा ।","यह साथ साथ लड़ रहे दो बड़े आदमी जीबुझांऔर ढाकामा उनके बारे में है, यूसुफ हान लंदन ओपन यूनिवर्सिटी में एक व्याख्याता तथा मोजाम्बिक विशेषज्ञ ने कहा.",27.64,Medium,26,27,1
487,neither of them are good negotiators and neither of them are prepared to make the kind of concessions that are necessary.,और ना ही उनमें से कुछ अच्छी बातें हैं और ना ही उनमें से कुछ ऐसे हैं जो ज़रूरत पड़ने पर उन्हें पूरा करने के लिए तैयार रहते हैं ।,उनमें से न तो अच्छे वार्ताकार हैं तथा उनमें से न तो आवश्यक है कि रियायतें के प्रकार बनाने के लिए तैयार रहे हैं.,34.87,Medium,30,24,6
488,"renamo, which has been pushing for electoral reforms, had already said that it would boycott municipal elections due in november.","नामो, जो चुनावों के लिए धक्का लगा है, पहले से ही कहा गया था कि यह बेवर्मबर में होने की वजह से लड़के - लड़की चुनाव करेंगे ।","रे नमो, चुनाव सुधारों के लिए जोर देता रहा है , ने पहले से ही नवंबर में होने वाले नगर निगम चुनावों के बहिष्कार के बारे में कहा था.",35.45,Medium,28,29,1
489,presidential and parliamentary polls are scheduled for next year.,इसके अगले साल राष्ट्रपति और संसद के सर्वे की जाँच की जाती है ।,राष्ट्रपति तथा संसदीय चुनाव अगले वर्ष के लिए निर्धारित हैं.,28.62,Medium,14,10,4
490,some commentators have interpreted its use of force as the attempt of an ailing movement to win concessions and financial spoils from the government.,कुछ टीकाकारों ने अपने बल का प्रयोग सरकार से समझौता और आर्थिक लूट जीतने की कोशिश के तौर पर किया है ।,कुछ टिप्पणीकारों ने सरकार से रियायतों तथा आर्थिक लूट को जीतने के लिए एक रुग्ण आंदोलन के प्रयास के रूप में बल के अपने प्रयोग के व्याख्या की है.,31.81,Medium,22,29,7
491,"renamos share of the vote has been declining since 1992, while a newer party, the democratic movement of mozambique mdm which was formed by a former renamo member, is expected to improve its showing at the elections.",सन्‌ 1992 से वोटों का नाम बदलकर एक नयी पार्टी शुरू हो गयी है ।,"मतदान में रे नमो की हिस्सेदारी के बाद से कमी आ रही है, जबकि एक नए पार्टी, एक पूर्व रे नमो सदस्य द्वारा बनाई गई थी जिसमें मोजाम्बिक एमडीएम के डेमोक्रेटिक मूवमेंट, चुनावों में अपने प्रदर्शन के सुधार की उम्मीद है .",7.71,Bad,15,42,27
492,mr mazanga says mr guebuza who is due to step down when his second term ends next year wants to destroy the countrys democracy.,"मैजिया कहती है कि जब उसके दूसरे शब्द अगले साल खत्म होते हैं, तो वे देश लोकतंत्र को नष्ट करना चाहते हैं ।",श्री माझांग श्री जीबुझांको कहते हैं जो अगले वर्ष अपने दूसरे कार्यकाल की समाप्ति पर पद छोड़रहे हैं देश के लोकतंत्र को नष्ट करना चाहता है.,34.96,Medium,23,26,3
493,"he does not want multiparty democracy, he does not want transparent elections he does not want peace because he does not want to leave the presidency, mr mazanga said.","वह बहुतांत्रिक लोकतंत्र नहीं चाहता, वह पारदर्शी चुनाव नहीं चाहता कि वह शांति नहीं चाहता है क्योंकि वह राष्ट्रपति पद, Mrza ने कहा.","वह बहुदलीय लोकतंत्र नहीं चाहता है, वह राष्ट्रपतित्व को छोड़नानहीं चाहता है क्योंकि वह शांति नहीं चाहता है पारदर्शी चुनाव नहीं चाहता है, श्री माझांग ने कहा..",62.8,Good,23,27,4
494,"it is unclear how much capacity renamo has, but it has carried out disruptive hitandrun attacks on police stations and vehicles on a key northsouth highway.","यह आश्‍चर्य की बात है कि यह कितनी क्षमता की है, लेकिन इसने पुलिस स्टेशनों और उत्तर - पश्‍चिम सड़क पर वाहनों पर आक्रमण किए हैं ।","किस प्रकार की क्षमता रे नमो की है स्पष्ट नहीं किया है, लेकिन यह एक प्रमुख उत्तर दक्षिण राजमार्ग पर पुलिस स्टेशनों और वाहनों पर व्यवधानकारी हिट एंड रन के दौरे उन्होंने किए हैं..",33.61,Medium,27,34,7
495,"most of the skirmishes have taken place in sofala province, which is several hundred kilometres north of maputo, but hosts beira, the port that miners, including rio tinto and vale, rely on to export coal.",इनमें से ज़्यादातर स्पोटो और घाटी में कोयले का निर्यात करने के लिए भरोसा रखते हैं ।,"झड़पों के अधिकांशसोफा ला प्रांत मेंहै, जोमापुटो के उत्तर में कई सौ किलोमीटर की दूरी पर है, जिसमें मेजबान बीरा पोर्ट है जो रियो टिंटो और घाटी सहित खनिक, कोयला निर्यात करने पर भरोसा करते हैं .",21.59,Medium,17,37,20
496,"in june, rio suspended its use of the railway for about a week after renamo threatened to attack the line.","जूने में, योओ ने लगभग एक सप्ताह के लिए रेलवे का इस्तेमाल बंद कर दिया था, और उस रेखा पर हमला करने के लिए धमकी दी थी ।",रे नमो लाइन पर हमला करने की धमकी के बाद जून महीने में रियो लगभग एक सप्ताह के लिए रेल्वे ने अपने प्रयोग को निलंबित कर दिया.,42.94,Medium,28,27,1
497,mr mazanga was coy when asked about whether renamo would repeat this threat.,इस खतरे को दोबारा देखने के लिए मैजिया को बुलाया जाता था ।,रे नमो इस खतरे को दोहरा पाएंगे या नहीं लगभग पूछे जाने पर श्री माझांगविनीत था.,20.71,Medium,13,16,3
498,"renamo wanted to warn the international community that things were not going well in mozambique, mr mazanga said.","ईओ ने अंतर्राष्ट्रीय समुदाय को चेतावनी देना चाहा कि जो बातें दुनिया भर में नहीं चल रही हैं, वे कुशाचा में नहीं जा रही थीं, ने कहा ।","रे नमो चीजें मोजाम्बिक में अच्छी तरह से नहीं जा रहे थे जो अंतरराष्ट्रीय समुदाय को आगाह करना चाहते थे, श्री माझांग ने कहा.",35.69,Medium,28,24,4
499,"the instability has added to frustrations with the government, says fernando lima, head of mediacoop, an independent media company, with many people also concerned about corruption, the slow pace of development and a recent spate of kidnappings.","इसके अलावा, बहुत - से लोग भ्रष्टाचार के बारे में भी चिंता करते हैं ।","अस्थिरता की सरकार ने कुंठाओं को और बढ़ा दिया, फर्नांडो लीमा, मीडिया कॉप,कहते हैं,जो एक स्वतंत्र मीडिया कंपनी के प्रधानहै , कई लोग भी भ्रष्टाचार, विकास की धीमी गति और अपहरणों की हाल की बाढ़ बारे में चिंतित है .",15.59,Bad,15,40,25
500,"people think the ones responsible for the future of the country are the government and the president, and he should be the one to find solutions for the problems, he says.","लोगों को लगता है कि देश के भविष्य के लिए जिम्मेदार लोग सरकार और राष्ट्रपति हैं, और वह समस्याओं के समाधान पाने के लिए एक होना चाहिए, वह कहता है.","लोगों को देश भविष्य के लिए जिम्मेदार लोगों को सरकार और राष्ट्रपति हैं, और लगता है कि वह समस्याओं के लिए समाधान को खोजने के लिए एक होना चाहिए, वे कहते हैं.",71.02,Good,30,32,2
501,"omar sultuane, a demonstrator, said people just wanted stability.",लोगों ने कहा कि लोगों को बस स्थिरता चाहिए ।,"ओमार सल्तनत, एक प्रदर्शक, लोगों को अभी भी स्थायित्व चाहिए.",21.64,Medium,10,10,0
502,"no one cares about renamo and frelimo, they just want peace again, they want free access to the roads, he said.","वे बस फिर से शांति चाहते हैं, वे सड़कों पर मुफ्त पहुँच चाहते हैं, उसने कहा ।","कोई भी रे नमो और फ्री लिमो के बारे में परवाह नहीं है, वे बस फिर शांति चाहते हैं, वे सड़कें के लिए स्वतंत्र पहुँच चाहते हैं, उन्होंने कहा.",40.85,Medium,17,29,12
503,"children should be taught myths and legends as models for a way of life, author says.","एक जीवन - शैली के लिए बच्चों को कथा - कहानियों और कहानियों को सिखाया जाना चाहिए, लेखक कहता है ।","बच्चों कों जीवन के लेखक का एक तरीके के लिए मॉडल के रूप में ,मिथकों और किंवदंतियोंकों सिखाया जाना चाहिए.",41.03,Medium,21,20,1
504,"tales of thor could show brute strength is no match for subtle trickery, while the arthurian legends reveal the importance of having a dream.",इस तरह की कहानियों से पता चलता है कि कुदरती आफतों का कोई मुकाबला नहीं होता ।,"थोर की कहानियाँ दिखा सकता थाक्रूर ताकत में सूक्ष्म सारी चालें की कोई मुकाबला नहीं है , जबकि अर्थुरियन किंवदंतियों में एक सपना होने का महत्व का पता चलता है.",27.64,Medium,17,30,13
505,"saying many of the myths would be far too wild, far too scandalous and in some cases far too filthy to be taught in schools, crossleyholland advocated a careful selection of ageappropriate works.","कई पौराणिक कथाओं के बारे में बात करना बहुत ही खतरनाक होगा, यहाँ तक कि कुछ मामलों में भी स्कूलों में सिखाया जाना, क्रूसीहोल और लंबे समय के काम करने का ध्यानपूर्वक चुनाव करने के लिए प्रोत्साहित किया जाएगा।","मिथकों में से कई सिखाने के लिए भी अपवादजनक दूर दूर तक भी वन्यऔर कुछ मामलों में भी अश्लील और विद्यालयों में यह सिखाया जाना उपयुक्त नहीं होगा, क्रॉस ली हॉलैंड ने उम्र के उपयुक्त कार्यों में से एक सावधान चयन की वकालत की.",29.85,Medium,39,44,5
506,"i find it wonderful that in america, myth and folklore already has a part in education, he said.","मुझे यह बहुत अच्छा लगता है कि एमरिका में, कथा - कहानियों में पहले से ही शिक्षा में भाग है, उसने कहा ।","मुझे यह आश्चर्यजनक लगता है, अमरीका में, मिथक तथा लोकगीत पहले ही शिक्षा के क्षेत्र में एक हिस्सा है, उन्होंने कहा.",32.65,Medium,23,21,2
507,i have been advocating it as a plan for twenty years.,मैं इसे बीस साल से योजना के रूप में बढ़ावा दिया गया है.,मैं बीस वर्षों के लिए एक योजना के रूप में यह हिमायत कर रहा हूँ.,31.51,Medium,13,15,2
508,"he added authors and teachers being overtly didactic is a total switchoff for children, with messages being subliminated in enjoyable stories.","उन्होंने लेखकों और शिक्षकों को भी शामिल किया जा रहा है जो बच्चों के लिए एक कुल स्विच होता है, साथ ही मज़ेदार कहानियों में दिए गए संदेशों को भी शामिल किया जा रहा है ।","उन्होंने लेखकों को तथा शिक्षकों को अधिकप्रबोधक कहा है और यह एक नया मोड़ है बच्चों के लिए, साथ में संदेशों को मनोरंजक कहानियों में प्रस्तुत किया जा रहा है .",48.49,Medium,36,31,5
509,"crossleyholland, who has translated beowulf from anglosaxon as well as writing the penguin book of norse myths and british folk tales, said you may well have intentions but you do better to keep them well out of sight.","वे कहते हैं कि शायद आपके इरादे नेक हों, लेकिन आप उन्हें देखने से भी ज़्यादा बेहतर करते हैं ।","क्रॉस ली हॉलैंड, जिन्होंने एंग्लो सैक्सन से बियोवुल्फ़ अनुवाद किया है साथ में नार्वेजियन मिथकों और ब्रिटिश लोक कथाओं का पेंगुइन पुस्तक लेखन किया, उन्होंने कहाः आप के इरादे बहुत सारे हो सकते हैं लेकिन इसे दृष्टि से बाहर रखने में बेहतर होगा.",15.59,Bad,20,43,23
510,perhaps the big difference between an adult author writing for an adult and an adult author writing for a child is the necessity for some sense of hope.,हो सकता है एक वयस्क लेखक के लिए लेखन और बच्चे के लिए एक वयस्क लेखक लिखने में बड़ा फ़र्क हो ।,संभवत एक संतति के लिये एक वयस्कलेखक लेखनऔर एक वयस्क लेखक लेखन एक वयस्क लिये के बीच बड़ा फर्क आशा की कुछ अर्थों की आवश्यकता है.,35.55,Medium,22,26,4
511,"not that everything has to be simplified or come to a happy ending, but that there is an innate sense of good and evil.","यह नहीं कि हर चीज़ को सरल किया जाना है या एक ख़ुश अन्त तक आती है, लेकिन कि भलाई और बुराई का एक स्वाभाविक बोध है ।","सब कुछ सरलीकृत या एक सुखद अंत के लिए आ जाना है, क्योंकि लेकिन यह अच्छाई और बुराई का एक सहज भाव है .",35.72,Medium,28,24,4
512,and that must be subliminated revealed through a story rather than stated.,जो बात बनाने में लगे हुए खेल रहे है,"और कहा कि सबमिट किए जाने चाहिए, बल्कि कहा गया है की तुलना में एक कहानी के माध्यम से पता चला.",8.78,Bad,9,21,12
513,the old basis of showing not telling.,यह न कहने का पुराना आधार है ।,पुराना आधार नहीं दिखा रहा है.,41.6,Medium,8,6,2
514,"samvaad associate, ghumaarvi the head constable, om prakash, retired after serving the police department for 32 years in ghumaarvi.","समवांट सहयोगी, gaugagivivio, सिर काश, gukagivit, 32 साल के लिए पुलिस विभाग में सेवा करने के बाद रिटायर हो गए.","संवाद सहयोगी, घुमारवींः घुमारवीं में पुलिस विभाग में साल तक सेवाएं देने के बाद हेड कांस्टेबल ओमप्रकाश सेवानिवृत्त हो गए।",30.2,Medium,20,20,0
515,to celebrate the occasion the employees and officers of the police department organised a farewell party.,उस अवसर पर पुलिस विभाग के कर्मचारियों और अधिकारियों ने एक विदा पार्टी आयोजित की ।,इस अवसर पर पुलिस विभाग के कर्मचारियों व अधिकारियों ने विदाई पार्टी का आयोजन किया।,68.88,Good,16,15,1
516,om prakash is a resident of bhapral village in bhapral gram panchayat.,अप्रशशश बिस्कुट के गाँव का निवासी है।,ओम प्रकाश ग्राम पंचायत बणी भपराल के गांव भपराल के निवासी है।,23.95,Medium,7,12,5
517,he served very well throughout his entire tenure.,उसने अपने पूरे दस बच्चों को अच्छी तरह से सेवा की ।,उन्होंने अपने कार्यकाल में बेहतर सेवाएं दी।,23.34,Medium,12,7,5
518,ben greenman the tenth anniversary of the new york comedy festival the new yorker,नए योर्क की दसवीं सालगिरह हो...,बेन ग्रीनमैनः न्यूयॉर्क कॉमेडी उत्सव की दसवीं वर्षगांठः दि न्यू यॉर्कर,13.85,Bad,6,11,5
519,"one could argue that new york city is the birthplace of standup comedy in america nearly a hundred years ago, the vaudevillian frank fay, who served as the master of ceremonies at the palace theatre, on broadway, started telling jokes directly to the crowd, in a conversational manner.","एक यह तर्क कर सकता है कि नए योर्क शहर में खड़े होने का जन्म लगभग सौ साल पहले, विडवियन स्पष्ट रूप से, जो महल के महल में रस्मों के मालिक के रूप में सेवा करते थे, भीड़ को सीधे रूप से बातचीत करने लगे ।","लोग इस बारे में तर्क कर सकते हैं कि न्यू यॉर्क शहर अमेरिका में स्टैन्डअप कॉमेडी का जन्मस्थल हैः लगभग सौ वर्ष पहले हास्य नाटककार फ्रैन्क फे ने, जो ब्रॉडवे में पैलेस थियेटर में समारोह के मास्टर के रूप में कार्य करते थे, भीड़ में बैठे लोगों को बातचीत के तरीके से सीधे चुटकुले सुनाना शुरू किया।",28.21,Medium,46,57,11
520,"fays innovation has been extended through the years, most recently by the new york comedy festival.","हाल ही में नए योर्क के त्योहार के ज़रिए, नए किस्म के त्योहार को शुरू किया गया है ।","फे की खोज वर्षों के दौरान विस्तारित होती आई है, सबसे हाल में, न्यू यॉर्क कॉमेडी फोस्टिवल में।",15.26,Bad,19,18,1
521,"created and overseen by caroline hirsch, the founder of the standup institution carolines, the festival celebrates its tenth anniversary this year, with more than sixty shows at small clubs and large theatres.",इस साल का पर्व अपनी दसवीं सालगिरह मनाने के लिए 60 से भी ज़्यादा बार क्लब और बड़े - बड़े पदों पर मनाया जाता है ।,"कैरोलाइन्स नामक स्टैन्डअप संस्थान की संस्थापक कैरोलाइन हिर्श द्वारा रचित और संचालित इस उत्सव ने इस वर्ष अपनी वीं वर्षगांठ मनाई, जिसमें छोटे क्लब और बड़े थियेटर में साठ से अधिक शो शामिल थे।",16.17,Bad,26,34,8
522,"most of these headliners appeared at carolines, and went on to greater success, to the point where theyre too big to play a club, hirsch said.","इन शीर्षकों में से अधिकतर कारोलाइनों में आए, और अधिक सफलता के लिए आगे गए, जिस हद तक वे एक क्लब खेलने के लिए बहुत बड़े होते हैं, हायच ने कहा ।","हिर्श कहती हैं, इनमें से अधिकांश हेडलाइनर्स कैरोलाइन्स में दिखीं, तथा बहुत बड़ी सफलता बन गईं, ऐसे स्तर तक जहां पर वे क्लब में प्ले किए जाने के लिए बहुत बड़ी बन गईं।",29.86,Medium,32,33,1
523,we built this festival as a way of continuing to work with them.,हमने इस पर्व को उनके साथ काम करते रहने का एक तरीका बनाया ।,हमने इस उत्सव को उनके साथ कार्य करना जारी रखने के तरीके रूप में निर्मित किया।,34.21,Medium,14,16,2
524,"this years event includes appearances by wanda sykes, kathy griffin, and bill maher, as well as stand up for heroes, an annual musicandcomedy benefit for military veterans, at madison square garden, featuring, among others, bruce springsteen, jon stewart, roger waters, and bill cosby.","इस साल की घटना में प्रंद्रा, कांद्रन, कांख, और बिल, साथ ही नायकों के लिए एक वार्षिक संगीत, पागल वर्ग में, रंग - रूप, और अन्य प्रकार के स्रोतों के लिए एक वार्षिक संगीत लाभ सम्मिलित है ।","इस वर्ष के कार्यक्रम में शामिल है, वैन्डा साइक्स, कैथी ग्रिफिन तथा बिल मैहर की मौजूदगी, साथ ही मैडिसन स्क्वॉयर गार्डन में सैन्य सेवानिवृत्त व्यक्तियों के लिए वार्षिक संगीत और कॉमेडी लाभ, स्टैन्ड अप फॉर हीरोज जिसमें ब्रूस स्प्रिंगस्टीन, जॉन स्टूवर्ट, रोजर वॉटर्स, और बिल कॉस्बी समेत अन्य कलाकार शामिल हुए।",20.81,Medium,38,51,13
525,"as the festival has expanded, so has the world of comedy.","जैसे - जैसे पर्व बढ़ता गया, वैसे - वैसे आज दुनिया में भी आ रही है ।",उत्सव के विस्तारित होने के साथ ही साथ कॉमेडी की दुनिया भी विस्तारित हो चुकी है।,15.43,Bad,17,16,1
526,"several of the comedians participating in this years festival came up through nontraditional channels, such as shows on smaller networks, like comedy central, fx, and spike.","इस साल के अनेक आने वाले उत्सवों में शामिल ग़ैर - सरकारी चैनलों के माध्यम से आया, जैसे कि छोटे - छोटे नेटवर्कों पर, जैसे आडाई, एफ.","इस वर्ष के उत्सव में सहभागिता करने वाले बहुत से कॉमेडियन गैरपारम्परिक माध्यमों से आए हैं, जैसे कि कॉमेडी सेन्ट्रेल, एफ.एक्स. और स्पाइक जैसे छोटे नेटवर्क पर आने वाले शो।",29.02,Medium,27,30,3
527,nick kroll rose to prominence on a deepcable sitcom fxxs gleefully raunchy fantasyfootballthemed the league and now has his own comedy central sketch show.,उनका उपनाम एक गहरे स्वर पर प्रमुखता के लिए बड़ा हुआ।,"निक क्रोल ने, डीपकेबल सिटकॉम एफ.एक्स.एक्स. का उल्लासपूर्वक रॉन्ची फैन्टैसीफुटबॉल थीम वाला दि लीग से प्रमुख स्थान पर पहुँचे, और अब उनका स्वयं का कॉमेडी सेन्ट्रल स्केच शो है।",9.91,Bad,11,29,18
528,"jenny slate has been a cast member on both saturday night live and parks and recreation, though she is best known for her viral video series marcel the shell with shoes on.","लेकिन, जब तक कि वह इस बात से सहमत नहीं होती, तब तक उसे अपने माता - पिता के साथ रहना पड़ता है ।","जेनी स्लेट सैटरडे नाइट लाइव तथा पार्क्स एंड रिक्रिएशन की कास्ट मेम्बर रही हैं, यद्यपि वे अपनी वॉयरल वीडियो सीरीज़ मार्सल दि शेल विद शूज ऑन के लिए सबसे अच्छी तरह जानी जाती हैं।",10.59,Bad,24,34,10
529,"both kroll and slate, as well as other young comedians with distinctive voices the surreally pessimistic anthony jeselnik, the wry, racially focussed w. kamau bell, are products of the decentralized world of american comedy.","द न्यू यॉर्क टाइम्स्‌ (अंग्रेज़ी) रिपोर्ट करता है: “जब एक व्यक्‍ति ने कहा कि वह अपने जीवन में कुछ बदलाव करने की कोशिश कर रहा है, तो वह अपनी जान बचाने की कोशिश कर रहा है । ”","क्रॉल और स्लेट समेत, अलगअलग आवाज वाले अन्य नौजवान कॉमेडियन बिलकुल अलग सी निराशा भरी आवाज वाले एंथनी जेसेलनिक, व्यंग्यपूर्ण, जातीयता पर केन्द्रित डब्लू. कमाऊ बेल अमेरिकी कॉमेडी की विकेन्द्रित दुनिया के उत्पाद हैं।",13.14,Bad,38,34,4
530,one of the festivals biggest draws will be an interview david steinberg talking to larry david.,एक उत्सवों में से एक सबसे बड़ा आकर्षित दविंग डेवबर्ग लाउरी डाविड से बात की जाएगी ।,"उत्सव के सबसे मुख्य आकर्षणों में से होगा, एक साक्षात्कारः डेविड स्टीनबर्ग का लैरी डेविड से बात करनाः",30.91,Medium,17,18,1
531,"steinberg started as a standup comedian but has become an accomplished television and film director, as well as an unofficial comedy historian.","स्टाइनबर्ग ने एक दृढ़ - स्थान के रूप में शुरू किया है लेकिन एक पूरा टीवी और फिल्म निर्देशक बन गया है, साथ ही एक अनपेक्षित इतिहासकार भी बन गया है ।","स्टीनबर्ग ने स्टैन्डअप कॉमेडियन के रूप में काम करना आरंभ किया था, लेकिन वे नामी टेलीविजन और फिल्म डायरेक्टर बन गए हैं, और साथ ही अनाधिकारिक कॉमेडी इतिहासकार भी।",31.99,Medium,32,29,3
532,"from 2005 to 2007, he hosted a show on tv land called sit down comedy with david steinberg.","सन्‌ 2005 से 2007 तक, उसने टी. वी.","वर्ष से तक, उन्होंने टी.वी. लैन्ड पर सिट डाउन कॉमेडी विद डेविड स्टीनबर्ग नामक शो की मेज़बानी की।",12.68,Bad,8,18,10
533,"the meeting takes place at town hall, in the center of manhattan.","यह सभा नगर के हॉल में होती है, जो मैनहैन के केंद्र में है.","यह मुलाकात मैनहट्टन के केन्द्र में, टाउन हॉल में होगी।",34.12,Medium,14,10,4
534,"the city is definitely in the comedy dna of all of larrys work, steinberg said.",यह शहर निश्‍चित ही लार्निकबर्ग में है ।,"स्टीनबर्ग ने कहा, शहर निश्चित रूप से लैरी के सभी कार्यों के कॉमेडी डी.एन.ए. में है।",21.32,Medium,8,16,8
535,"he was telling me that, when hes here, sometimes hell walk down an alley between two buildings and think to himself, hey, if i lose all my money, maybe ill live here.","वह मुझे बता रहा था कि, जब वह यहाँ है, कभी कभी नरक दो इमारतों के बीच एक पूरी तरह से चला जाता है और अपने आप को लगता है, हे, अगर मैं मेरे सारे पैसे खो दिया, शायद यहाँ रहते हैं.","वे मुझे बता रहे थे कि, वह जब यहां होते हैं, तो कभी कभी वे दो इमारतों के बीच गली में जाते हैं तथा अपने आपमें सोचते थे कि अगर कभी मैं अपना पूरा पैसा खो बैठा तो यहां पर रहूंगा।",33.49,Medium,42,41,1
536,oil extends drop toward 96 a barrel,उसका तेल 96 टुकड़े की ओर बढ़ रहा है,तेल प्रति बैरल की ओर गिरावट जारी रहा,15.54,Bad,9,8,1
537,the price of oil continued to fall on friday as concerns over high supplies offset a report showing chinas powerhungry manufacturing sector is strengthening.,तेल की कीमत आज भी उतनी ही बढ़ रही है जितनी कि उच्च सामग्री ऑफसेट के बारे में होनी चाहिए ।,तेल की कीमत की ओर गिरावट जारी रहा शुक्रवार को जैसे अधिक आपूर्ति को लेकर चिंता दिखाने वाली एक रिपोर्ट ऑफसेट है जहां चीन में शक्ति के भूखे निर्माण क्षेत्र मजबूत होता जा रहा है .,14.96,Bad,21,36,15
538,benchmark u.s. crude for december delivery was down 14 cents at 96.24 a barrel by late morning in europe in electronic trading on the new york mercantile exchange.,सन्‌ 96 की बात है । सन्‌ 24 की बात है ।,दिसंबर डिलीवरी के लिए बेंचमार्क अमेरिकी कच्चे न्यूयॉर्क मर्केंटाइल एक्सचेंज पर इलेक्ट्रॉनिक ट्रेडिंग में यूरोप में देर सुबह तक . प्रति बैरल पर डाउन सेंट था.,3.02,Bad,12,26,14
539,"the contract fell 39 cents on thursday, leaving it down 5.8 percent for the month of october.","इस सर्वे की वजह से आज 39 सेंट गिर गए हैं और इसे अक्‍तूबर 8,8 प्रतिशत लोग अक्‍तूबर को छोड़ रहे हैं ।","अनुबंध अक्टूबर के महीने के लिए . प्रतिशत डाउन गिर गया है, गुरुवार को सेंट गिर गया.",25.43,Medium,23,17,6
540,ample supplies of crude have weighed on the price in recent weeks.,हाल के हफ्तों में कइयों के ढेरों सामान का वज़न बहुत कम हो गया है ।,कच्चे तेल की पर्याप्त आपूर्ति हाल के सप्ताहों में कीमत पर तौला है.,18.8,Bad,16,13,3
541,the energy department said wednesday that u.s. supplies increased 4.1 million barrels last week.,ऊर्जा विभाग ने कहा कि यू. एस.,ऊर्जा विभाग ने बुधवार को कहा कि अमेरिकी आपूर्ति पिछले सप्ताह . मिलियन बैरल की वृद्धि हुई है,20.75,Medium,7,18,11
542,"over five weeks, supplies have risen by more than 25 million barrels.",पाँच हफ्ते से भी ज़्यादा समय से सामान तैयार किया जा रहा है ।,"पाँच हफ्तों से अधिक, आपूर्ति में लाख से अधिक बैरल की बढ़ोतरी हुई है.",17.59,Bad,14,14,0
543,but a suggestion of stronger demand came friday from two reports on chinese manufacturing that showed an uptick in activity.,लेकिन ज़ोरदार माँग के एक सुझाव को बड़े पैमाने पर बनाने के लिए दो रिपोर्टों से लेकर एक दिन तक आया ।,लेकिन मजबूत मांग का एक सुझाव गतिविधि में इजाफा से पता चला है कि चीनी विनिर्माण पर दो रिपोर्ट शुक्रवार आया है.,24.66,Medium,22,22,0
544,that suggests chinas economic recovery could continue to strengthen after growth rebounded to 7.8 percent in the third quarter from a twodecade low in the previous quarter.,"इससे पता चलता है कि तीसरे चौथाई में बढ़ोतरी होने के बाद भी, तीसरे चौथाई में ७.८ प्रतिशत बढ़ोतरी हो सकती है ।",यही पता चलता है किविकास एक दो दशक से तीसरी तिमाही में . प्रतिशत की पिछली तिमाही में कम परिबद्ध होने के बाद चीन के आर्थिक सुधार को मजबूत करने के लिए जारी रख सकते हैं .,24.79,Medium,23,37,14
545,"brent crude, a benchmark for international crude also used by u.s. refineries, fell 26 cents to 108.58 a barrel on the ice exchange in london.","बी. का इस्तेमाल करते वक्‍त, 26 सेंटोजिन्डन में बर्फ की कीमत 8 सेंट पर गिर पड़ी ।","ब्रेंट क्रूड भी अमेरिका रिफाइनरियों द्वारा इस्तेमाल किया अंतरराष्ट्रीय कच्चे तेल के लिए एक बेंचमार्क, लंदन में एक्सचेंज पर . प्रति बैरल से सेंट गिर गया.",17.07,Bad,17,26,9
546,court blocks ruling on nypd stopandfrisk policy,मोडे- बन्द करने पर अदालत में फैसला किया जा रहा है,कोर्ट ने न्यूयार्क पुलिस विभाग के विराम और क्रीड़ा नीति पर कार्रवाई को अवरोधित किया है,10.39,Bad,11,16,5
547,a federal appeals court on thursday blocked a judges order requiring changes to the new york police departments stopandfrisk program and removed the judge from the case.,एक संघीय अपील कोर्ट ने न्यायाधीशों को नए योर्क पुलिस विभाग के लिए परिवर्तन की माँग की और मामला से न्यायाधीश को हटा दिया ।,गुरुवार को एक संघीय अपील अदालत ने न्यूयॉर्क पुलिस विभाग के विराम और क्रीड़ा कार्यक्रम के लिए एक न्यायाधीश के आदेश की आवश्यकता होती है परिवर्तनों को अवरुद्ध किया और मामले से जज को हटा दिया.,39.07,Medium,25,36,11
548,the 2nd u.s. circuit court of appeals said the decisions of judge shira scheindlin will be stayed pending the outcome of an appeal by the city.,. सर्किट कोर्ट ने कहा कि न्यायाधीश हिलराशेलिन के निर्णय जारी रहेंगे शहर द्वारा एक अपील के परिणाम को स्थगित कर दिया जाएगा.,अमेरिका सर्किट कोर्टअपील ऐंड के न्यायाधीश शिरा शिंदेलर कहा है कि न्यायाधीश फैसले परिणाम लंबितजायेंगे नगर के द्वारा एक अपील के परिणामपर.,41.98,Medium,23,22,1
549,the judge had ruled in august the city violated the constitution in the way it carried out its program of stopping and questioning people.,"जज ने शहर की अदालत में फैसला सुनाया था कि जिस तरीके से वह लोगों को रोक सकता है और पूछताछ कर सकता है, उसी तरह इस अदालत ने इस संविधान को झूठा साबित कर दिया था ।",न्यायाधीश नगर में यह लोगों को रोकने और पूछताछ के अपने कार्यक्रम से बाहर किए तरह से संविधान का उल्लंघन अगस्त में फैसला सुनाया था.,40.9,Medium,38,25,13
550,"the city appealed her findings and her remedial orders, including a decision to assign a monitor to help the police department changes its policy and training program associated with it.","उस शहर ने अपनी खोज और उसके आदेशों की अपील की, जिसमें पुलिस विभाग की नीति और उसके साथ संबद्ध कार्यक्रम की मदद करने के लिए निगरानी रखने का निर्णय भी शामिल था ।","शहर के पुलिस विभाग अपनी नीति और इसके साथ जुड़े प्रशिक्षण कार्यक्रम परिवर्तन में मदद करने के लिए एक निगरानी आवंटित करने का निर्णय भी शामिल है, उसके निष्कर्ष और उसकी उपचारात्मक आदेश अपील की है.",44.68,Medium,34,36,2
551,the appeals court heard arguments tuesday on the requested stay.,अपील कोर्ट ने अनुरोध किए गए तर्क सेशन डेसी दिन सुना ।,अपील अदालत ने अनुरोध प्रवास पर मंगलवार को दलीलें सुनी.,24.0,Medium,12,10,2
552,the appeals court said the judge needed to be removed from the case because she ran afoul of the code of conduct for u.s. judges by compromising the necessity for a judge to avoid the appearance of partiality in part because of a series of media interviews and public statements responding publicly to criticism of the court.,अदालत ने अदालत से कहा कि उस मामले को हटा दिया जाना चाहिए क्योंकि वह यू. एस.,"अपील अदालत ने कहा है कि क्योंकि वह मीडिया साक्षात्कार की एक श्रृंखला का हिस्सा में पक्षपात के उपस्थिति से बचने के लिए एक न्यायाधीश के लिए आवश्यकता समझौता किए और जनता के द्वारा अमेरिका न्यायाधीशों के लिए आचार संहिता से भिन्नउसने गलत कामकिए इसलिए न्यायाधीश के मामले से हटा दिया जाना चाहिए, बयानों के अदालत का आलोचना करने के लिए सार्वजनिक रूप से जवाबदिया जाना चाहिए.",14.34,Bad,17,67,50
553,the judge had ruled that police officers violated the civil rights of tens of thousands of people by wrongly targeting black and hispanic men with its stopandfrisk program.,जज ने फैसला किया था कि पुलिस अफसर ने हज़ारों लोगों के सरकारी अधिकारों का उल्लंघन किया था ।,न्यायाधीश ने फैसला सुनाया थाकि पुलिस अधिकारियों ने गलत तरीके से इसके विराम और क्रीड़ा कार्यक्रम के साथ काले और हिस्पैनिक पुरुषों को लक्षित करके लोगों के हजारों के नागरिक अधिकारों का उल्लंघन किया.,30.98,Medium,19,34,15
554,"she appointed an outside monitor to oversee major changes, including reforms in policies, training and supervision, and she ordered a pilot program to test bodyworn cameras in some precincts where most stops occur.",उसने एक ऐसे इलाके में काम किया जहाँ ज़्यादातर लोग रुक जाते हैं ।,"उसने नीतियों, प्रशिक्षण और पर्यवेक्षण में आर्थिक सुधारों सहित बड़े बदलाव की देखरेख के लिए एक बाहर के मॉनिटर नियुक्त किया है, और उसने सबसे अधिक बंद हो जाता है होते हैं जहां कुछ परिसर में में शरीर के पहना कैमरों के परीक्षण के लिए एक पायलट कार्यक्रम का आदेश दिया है.",8.28,Bad,14,52,38
555,"in august, new york city agreed to end the practice of storing the names and addresses of people whose cases are dismissed after a police stop.","एक पुलिस रोक लेने के बाद, नए योर्क शहर के लोगों के नाम और पते जमा करने की प्रथा समाप्त होने के लिए राज़ी हो गया ।","अगस्त में, न्यूयॉर्क सिटी जिनके मामलों को एक पुलिस रोक के बाद खारिज कर दिया उन लोगों के नाम और पते संग्रहीत करने की प्रथा को समाप्त करने पर सहमति व्यक्त की.",35.61,Medium,27,32,5
556,"an oral argument on the citys appeal is scheduled for sometime after march 14, 2014.","14 मार्च, 2014 के कुछ समय बाद, शहर की अपील पर एक मौखिक बहस तय की गयी है ।",नगर की अपील पर एक मौखिक तर्क मार्च होने के बाद कुछ समय के लिए अनुसूचित है.,40.82,Medium,19,17,2
557,the stopandfrisk tactic has been criticized by a number of civil rights advocates.,बहुत से नागरिक अधिकारों के समर्थकों द्वारा रोकदार चाल की आलोचना की गई है ।,विराम और क्रीड़ा युक्ति नागरिक अधिकारों अधिवक्ताओं के साथ आलोचना की गई है.,43.29,Medium,15,13,2
558,"stopandfrisk has been around for decades in some form, but recorded stops increased dramatically under the administration of independent mayor michael bloomberg to an alltime high in 2011 of 684,330, mostly of black and hispanic men.","सन्‌ 2011,330,330, ज़्यादातर काले और उनके आकार के काले - भरे लोगों के प्रशासन में काफी बढ़ोतरी हुई है ।","विराम और क्रीड़ा नीति किसी रूप में दशकों के आसपास रहा गया है, है लेकिन ज्यादातर काले और हिस्पैनिक पुरुषों से, से में एक सब समय उच्च करने के लिए स्वतंत्र मेयर माइकेल ब्लूमबर्ग के प्रशासन के तहत नाटकीय रूप से वृद्धि रोकता है को दर्ज कियागया है.",16.06,Bad,20,48,28
559,"a lawsuit was filed in 2004 by four men, all minorities, and became a class action case.","सन्‌ 2004 में चार आदमियों, छोटे - छोटे इलाकों में मुकद्दमा चलाया गया और एक वर्ग के मामले में कदम उठाया गया ।",एक मुकदमा चार पुरुषों सभी अल्पसंख्यकों के द्वारा में दायर कियागया और एक क्लास एक्शन का मामला बन गया.,25.3,Medium,23,19,4
560,"supporters of changes to the nypds stopandfrisk program say the changes will end unfair practices, will mold a more trusted and effective police force and can affect how other police departments use the policy.","परिवर्तनों के समर्थक कहते हैं कि परिवर्तनों का अन्त अनुचित अभ्यासों का होगा, एक अधिक भरोसेमंद और प्रभावी पुलिस बल को ढालेंगे और प्रभावित कर सकते हैं कि दूसरे पुलिस विभाग नीति का प्रयोग कैसे करते हैं ।", के विराम और क्रीड़ा कार्यक्रम में परिवर्तन के समर्थक ने कहा है कि अनुचित व्यवहार का अंत हो जाएगा एक और अधिक विश्वसनीय और प्रभावी पुलिस बल ढालना होगा और अन्य पुलिस विभाग के पॉलिसी का उपयोग करने को प्रभावित कर सकते हैं..,40.77,Medium,38,43,5
561,"opponents say the changes would lower police morale but not crime, waste money and not solve a broader problem of a police force under pressure after shrinking by thousands of officers during the last decade.","विरोधियों का कहना है कि ये बदलाव पुलिस के नैतिक स्तरों को कम करेंगे लेकिन अपराध, पैसा बरबाद नहीं करेंगे और न ही पुलिस बल की एक विस्तृत समस्या को अंतिम दशक के दौरान पीछे भागने के बाद उन हज़ारों अधिकारियों द्वारा दबावों की एक विस्तृत समस्या को हल करेंगे ।","विरोधियों का कहना है परिवर्तन पुलिस के मनोबल को कम कर देंगे, लेकिन अपराध, पैसे बर्बाद और नहीं पिछले दशक के दौरान हजारों अधिकारियों के द्वारा सिकुड़ के बाद दबाव के तहत एक पुलिस बल का एक व्यापक समस्या का समाधानहोगा.",50.12,Good,51,41,10
562,"the judge noted she wasnt putting an end to the stopandfrisk practice, which is constitutional, but was reforming the way the nypd implemented its stops.","न्यायाधीश ने कहा कि वह बंद करने के लिए एक अंत पर रोक लगा रही थी, जो संविधान है, लेकिन जिस तरह से propped उसके बंद हो गया था, सुधार किया गया था।","न्यायाधीश ने ने नोट किया है कि विराम और क्रीड़ाके लिए समाप्ति नहीं रखा था, जो संवैधानिक है, लेकिन के स्टॉप के कार्यान्वयन में सुधार किया था.",34.27,Medium,33,27,6
563,"huge numbers of participants from godda, pakuf, jamshedpur, dhanbad, hazaribagh and chatara districts took part in the training.","ईश्‍वरडा, पकुफ की बड़ी संख्या में प्रतिनिधि आए थे ।","प्रशिक्षण में गोडडा, पाकुड़, जमशेदपुर, धनबाद, हजारीबाग और चतरा जिले के प्रतिभागी काफी संख्या में शामिल हुए।",19.02,Bad,10,17,7
564,"all the participants were trained in many disciplines over a period of seven days, including pitching tents and erecting flag poles.","सभी सहभागी सात दिनों के दौरान अनेक अनुशासनों में प्रशिक्षित किए गए, जिनमें तम्बू डेरा डाले हुए और झंडे खड़े किए जाते थे ।","सात दिनों की अवधि में सभी प्रतिभागियों को टेंट पिचिंग, फ्लैग पोल समेत कई विद्याओं की जानकारी दी गई।",20.59,Medium,24,19,5
565,training is being provided with the cooperation of dr. ashutosh kumar roy and isha ghosh.,द न्यू यॉर्क टाइम्स्‌ (अंग्रेज़ी) पत्रिका में डॉ.,डॉ. आशुतोष कुमार राय और ईशा घोष के सहयोग से प्रशिक्षण का दायित्व पूरा किया जा रहा है।,8.79,Bad,8,18,10
566,all the participant helped to spread a sense of unity by taking part in nondenominational prayer sessions.,सभी सहभागी ने गैर - आध्यात्मिक प्रार्थना सत्रों में भाग लेने के द्वारा एकता की भावना को फैलाने में मदद की ।,सर्वधर्म प्रार्थना में शामिल होकर सभी प्रतिभागी एकता की भावना बिखेर रहे है।,34.84,Medium,22,13,9
567,"the camp chief and commissioner of state training, vipin kumar, is offering special assistance.","शिविर का मुख्य अधिकारी और राज्य प्रशिक्षण का अधिकारी, वुलकुमार खास मदद दे रहा है ।",शिविर प्रधान विपिन कुमार राज्य प्रशिक्षण आयुक्त अपना विशेष सहयोग दे रहे हैं।,34.73,Medium,16,13,3
568,coulson used phone hacking to verify tip,कोलसन ने चालू करने के लिए फोन हैकिंग का इस्तेमाल किया,कॉल्सन ने गुप्त सूचना की पुष्टि करने के लिए फोन हैकिंग का प्रयोग किया,43.8,Medium,11,14,3
569,"former news of the world editor andy coulson allegedly used phone hacking, surveillance and confrontation in an attempt to confirm a bogus tip about an affair involving thenhome secretary charles clarke.","विश्व संपादक और Jynnnon की पूर्व खबर एक Carning का उपयोग किया हैकिंग, निगरानी और संघर्ष की पुष्टि करने के लिए कोशिश में एक ockus को एक मामले के बारे में पुष्टि करने की कोशिश में एक scrucrucaks के बारे में.","न्यूज ऑफ दि वर्ल्ड के भूतपूर्व संपादक एन्डी कॉल्सन पर आरोप लगाया गया है कि उन्होंने चार्ल्स क्लार्क के गृह सचिव रहने के समय उनके प्रणय सम्बन्धों के बारे में एक तथाकथित गुप्त सूचना की पुष्टि करने के प्रयास में फोन हैकिंग, निगरानी तथा आमनासामना का प्रयोग किया।",27.99,Medium,41,48,7
570,"prosecutor andrew edis qc told the old bailey that the news of the world heard a false rumour in may 2005 that clarke was seeing his attractive special adviser, hannah pawlby.",सरकारी वकील और शोव ने पुराने सरकारीज़ी को बताया कि सन्‌ 2005 में दुनिया की एक झूठी खबर सुनी जा सकती है ।,अभियोजक एन्ड्रू एडिस क्यू.सी. ने ओल्ड बैली से कहा कि न्यूज ऑफ दि वर्ल्ड ने मई में एक गलत अफवाह सुनी थी कि क्लार्क अपनी आकर्षक विशेष सलाहकार हन्नाह पॉल्बी से मिल जुल रहे हैं।,11.79,Bad,23,35,12
571,"the newspaper tasked private investigator glenn mulcaire with hacking pawlbys voicemails and doorstepped her, but coulson also called and left her voicemails, the court heard.","लेकिन कोलसन ने उसे फोन किया और उसकी आवाज़ सुनी, अदालत ने सुनी ।","न्यायालय में कहा गया कि समाचारपत्र ने निजी जांचकर्ता ग्लेन मुल्केयर को पॉल्बी की वॉयसमेल को हैक करने तथा उस नर नजर रखने के लिए नियुक्त किया, लेकिन कॉल्सन ने बुलाया भी तथा उसकी वॉयसमेल छोड़ दी।",10.45,Bad,14,37,23
572,"the prosecution suggests that mr coulson, who is now the editor of the notw, he is not the man who stands outside peoples houses hoping to catch them out, he is the man who likes to put the story to people to see what they will say, mr edis said.","अभिकलन का कहना है कि मैग का संपादक, जो अब नहीं था, वह आदमी नहीं है जो बाहर घरों को पकड़ने की आशा कर रहा है, वह आदमी है जो लोगों को कहानी बताने के लिए पसंद करता है कि वे क्या कहेंगे, Mercald ने कहा.","मि. एडिस ने कहा कि अभियोजन पक्ष का सुझाव है कि मि. कॉल्सन जो कि अभी एन.ओ.टी.डब्लू. के संपादक हैं, वह लोगों के घर के बाहर खड़े होकर उन पर नजर रखने के नहीं जाने जाते है, बल्कि वह लोगों के समक्ष लेख रखते हैं, देखते हैं कि लोग उस पर क्या प्रतिक्रिया करते हैं।",21.19,Medium,46,55,9
573,"he said the notw used three ways to investigate stories phone hacking, surveillance, and confrontation.","वह कहता है कि ये तीन तरीके थे, जिनमें सेले फोन, निगरानी और झगड़े की जाँच करने के लिए इस्तेमाल किया जाता था ।","उन्होंन कहा कि एन.ओ.टी.डब्लू. ने मामलों की जांच करने के लिए तीन तरीकों का प्रयोग कियाः फोन हैकिंग, निगरानी तथा आमनासामना।",29.76,Medium,24,21,3
574,the editor is personally involved in the third.,संपादक को व्यक्‍तिगत रूप से तीसरी बार शामिल किया जाता है ।,तीसरे वाले में स्वयं संपादक शामिल होते थे।,25.79,Medium,12,8,4
575,"obviously he knows about the second, surveillance, he must do.","स्पष्ट रूप से वह दूसरी, निगरानी के बारे में जानता है, वह करना चाहिए.","प्रत्यक्ष है कि वह दूसरे तरीके अर्थात निगरनी के बारे में जानते थे, वह अवश्य ही जानते थे।",33.3,Medium,14,18,4
576,what about the first?,पहले के बारे में क्या?,पहले वाले के बारे में क्या?,77.84,Good,5,6,1
577,does he know about phone hacking?,वह फोन हैकिंग के बारे में पता है?,क्या वह फोन हैकिंग के बारे में जानते थे?,63.32,Good,8,9,1
578,"he says he doesnt, we say oh yes, he did.","उन्होंने कहा कि वह कहते हैं, हम ओह हाँ कहते हैं, वह किया.","वह कहते हैं, नहीं, हमारा कहना है कि हां, वह बिलकुल जानते थे।",31.54,Medium,13,13,0
579,"rumours about an affair involving clarke were first picked up by the notws features desk when a source who was sexually interested in ms pawlby was told dont bother wasting your time, shes with charles.","scrak के बारे में एक मामले के बारे में खबरों पहले Hwaks सुविधा मेज़ द्वारा उठाया गया था जब एक स्रोत जो Mcamy में लैंगिक रुचि थी अपने समय बर्बाद करने के लिए कहा गया था, वह नाटकों के साथ.","क्लार्क के प्रणय सम्बन्घों के बारे में अफवाह को ए.ओ.टी.डब्लू. के फीचर डेस्क द्वारा उस समय पहली बार पेश किया गया था, जब सुश्री पॉल्बी में यौन रूप से इच्छुक एक स्रोत ने कहा थाः अपना समय बरबाद न करो, वह चार्ल्स के साथ है।",26.63,Medium,40,45,5
580,a tape of voicemails taken from her phone on at least three occasions was seized from mulcaires home in august 2006.,"सन्‌ 2006 में, फूगट्‌स के घर से तीन बार उसके फोन का टेप लिया गया ।","अगस्त में मुल्केयर से घर से, सुश्री पॉल्बी के फोन में से कम से कम से तीन बार वॉयसमेल का टेप जब्त किया गया था।",24.76,Medium,16,25,9
581,investigators also found entries on the private investigators computer which had ms pawlby and her sister as projects.,"इसके अलावा, डॉक्टरों ने कंप्यूटर पर भी प्रविष्टियों की प्रविष्टियों का पता लगाया, जिनमें से एक था मैगबीबी और उसकी बहन को परियोजना के रूप में परियोजना के रूप में इस्तेमाल किया गया ।","जांचकर्ताओं ने निजी जांचकर्ता के कम्प्यूटर में ऐसी प्रविष्टियां भी पाई, जिस पर सुश्री पॉल्बी एवं उनकी बहन को प्रोजेक्ट का नाम दिया गया था।",31.98,Medium,34,25,9
582,"during the period she was being investigated, ms pawlbys grandparents received anonymous calls asking for information about her, mr edis said.","जब वह जाँच कर रही थी, तब दादा - दादी को उसके बारे में जानकारी माँगनी पड़ी ।","जिस अवधि में उनकी जांच की जा रही थी, उस समय सुश्री पॉल्बी के दादादादी के पास गुमनाम फोन करके उनके बारे में सूचना मांगी जाती थी।",22.5,Medium,18,27,9
583,"meanwhile, former chief reporter neville thurlbeck and former reporter james weatherup oversaw surveillance of ms pawlbys movements.",कुछ लोगों का मानना है कि इस तरह के खतरे से बचने के लिए वे खुद को काबू में रख पाते हैं ।,इस दौरान भूतपूर्व मुख्य रिपोर्टर नेविली ठुर्लबेक तथा भूतपूर्व रिपोर्टर जेम्स वेदरअप ने सुश्री पॉल्बी के आनेजाने की निगरानी को देखा।,9.84,Bad,23,21,2
584,"leaving her a voicemail on june 18 2005, coulson told her ive got a story that were planning to run tomorrow that i really would like to speak to charles about.","सन्‌ 18 2005 में, कोलसन ने उसे एक कहानी सुनायी जो कल चलने की योजना बना रही थी कि मैं वास्तव में कलाकारों के बारे में बात करना चाहती हूँ ।"," जून को उनको एक वॉयसमेल के माध्यम से कॉल्सन ने उनसे कहाः मुझे एक स्टोरी मिल गई है, जिसे हम कल चलाने की योजना बना रहे हैं, जिसके बारे में मैं निश्चित रूप से चार्ल्स से बात करना चाहूंगा।",30.06,Medium,31,39,8
585,"mr edis said coulsons involvement in the story followed the same pattern as with other important men, such as former home secretary david blunkett.",जैसे पहले घर के सचिव डावील्ड डावॆट ने बताया कि इस कहानी में शामिल बच्चों का भी वही दस्तूर रहा है ।,"मि. एडिस ने कहा कि इस मामले में कॉल्सन का शामिल होना, अन्य महत्वपूर्ण व्यक्तियों वाले पैर्टन में ही है, जैसे कि भूतपूर्व गृह सचिव डेविड ब्लन्केट।",18.36,Bad,22,27,5
586,"the jury heard on thursday that coulson confronted mr blunkett over an affair with a married woman while he was himself seeing codefendant rebekah brooks, who was married at the time.","जूरी ने उस दिन को सुना कि कोलसन एक विवाहित औरत के साथ एक सम्बन्ध से परेशान था जब वह ख़ुद ही ग़ैरफ्वीय पुनःहारों को देख रहा था, जो उस समय शादी कर ली थी ।","न्यायपीठ ने गुरूवार को सुनवाई की कि, कॉल्सन ने एक विवाहित महिला के साथ प्रणय सम्बन्धों के बारे में मि. ब्लन्केट से बातचीत की, जबकि उस समय वह सहप्रतिवादी रेबेखा ब्रुक्स का मामला देख रहे थे जो कि उस समय विवाहित थे।",22.31,Medium,36,42,6
587,coulson and brooks deny conspiring with others to hack phones between october 3 2000 and august 9 2006.,कोलसन और नालेों ने दूसरों के साथ चाल - चलन करने से इनकार कर दिया ।,कॉल्सन एवं ब्रुक्स ने अक्टूबर . से अगस्त के बीच फोन हैक करने के लिए अन्य लोगों के साथ दुरभिसंधि करने से इंकार किया।,20.19,Medium,16,24,8
588,"mulcaire, thurlbeck and weatherup have admitted phone hacking.","गिलेन्द्रे, वेंगक और मौसमी अप ने फोन हैकिंग स्वीकार कर लिया है.","मुल्केयर, ठुर्लबेक तथा वेदरअप ने फोन हैकिंग स्वीकार की है।",46.6,Medium,12,10,2
589,nsa revelations boost corporate paranoia about state surveillance,Nsa ssa संकेत राज्य निगरानी के बारे में nerodeia को बढ़ा देते हैं,राज्य निगरानी के बारे में एनएसए के खुलासे से कारपोरेट भय को बढ़ावा ।,43.89,Medium,13,14,1
590,"on a mild day in late august a german police helicopter buzzed low over the us consulate in frankfurt, the financial capital of germany.",एक किसान ने कहा: “मुझे लगता है कि एक दिन मैं बहुत बीमार हो गयी हूँ ।,"अगस्त में एक शांत दिवस पर देर से, एक जर्मन पुलिस हेलिकॉप्टर जर्मनी की वित्तीय राजधानी फ्रैंकफर्ट में अमेरिकी वाणिज्य दूतावास पर भनभनाया.",7.39,Bad,17,23,6
591,"on the instruction of the office for the protection of the constitution bfv, germanys domestic intelligence agency, its mission was to photograph the rooftop of the us outpost, which is located less than 5km from the european central bank and bundesbank.","इसके अलावा, यह भी बताया गया है कि इस इलाके में हर साल तकरीबन 5 किलोमीटर का सफर तय किया गया है ।","संविधान की रक्षा के लिए कार्यालय के निर्देश पर, जर्मनी के घरेलू खुफिया एजेंसी का, मिशन था अमेरिका के चौकी की छत की तस्वीर लेना, जो यूरोपीय सेंट्रल बैंक और बुनडिसबॅंक से किमी से भी कम दूरी पर स्थित है ।",10.02,Bad,23,41,18
592,german media say the bfv hoped to identify the presence of listening antennas and the action prompted an exchange between the us and the german foreign ministry in berlin.,एक बार फिर हम एक - के - बाद - एक दूसरे से बात कर रहे थे ।,जर्मन मीडिया ने से लिसनिंग एंटेना की उपस्थिति की पहचान करने के लिए आशा व्यक्त करने का कहा और अमेरिका और बर्लिन में जर्मन विदेश मंत्रालय के बीच एक विनिमय कार्रवाई का संकेत दिया।.,5.97,Bad,18,34,16
593,"james clapper, us director of national intelligence, insisted again in september that the us does not use foreign intelligence capabilities to steal the trade secrets of foreign companies on behalf of us companies to enhance their international competitiveness or increase their bottom line.","फिर भी, हम लोगों को यह समझने में मदद दे सकते हैं कि हम जो भी सोचते हैं, उसके लिए हम क्या कर सकते हैं ।","जेम्स क्लेपर, अमेरिकी राष्ट्रीय खुफिया के निर्देशक ने ज़ोर दिया की अमेरिका अपनी विदेशी खुफिया क्षमताओं का विदेशी कंपनियों के व्यापार रहस्य चोरी करने और अमेरिकी कंपनियों को उनकी अंतर्राष्ट्रीय प्रतिस्पर्धात्मकता को बढ़ाने या उनके नीचे रेखा को बढ़ाने के लिए . फिर सितंबर में इस्तेमाल नहीं करे।",8.17,Bad,26,48,22
594,"but ever since edward snowden, the contractor turned whistleblower, began releasing his treasure trove of us surveillance secrets, european governments and business leaders are no longer sure whether to take the director at his word.","लेकिन बाद में, जब से पादरी सीटी बजाने लगे, तब से उन्होंने हमारे खज़ाने को हटा दिया, हम पर निगरानी करनेवाले भेदों, सरकारी सरकारों और व्यापार नेताओं को अब यकीन नहीं होता कि उनके वचन पर निर्देशक ले जाना चाहिए या नहीं ।","लेकिन जब से एडवर्ड स्नोडन, एक ठेकेदार जो व्हिसलब्लोवर बना है , उसके रहस्यो का खजाना अमेरिकी निगरानी को बताना शुरू किया, यूरोपीय सरकारे और व्यापार जगत के नेता अब सुनिश्चित नहीं हैं कि निर्देशक अपने वचन पालन करे की नहीकी नहीं।",30.58,Medium,43,42,1
595,reports that the us national security agency spied on brazilian oil company petrobras and gained access to data held by us cloud providers including google and yahoo have ratcheted corporate paranoia about state surveillance to new highs.,रिपोर्ट करती है कि हमारे राष्ट्रीय सुरक्षा एजियन तेल कंपनी के पालतू जानवरों पर लगाया गया राष्ट्रीय सुरक्षा संस्थान... ... और हमारे द्वारा आयोजित डेटा प्राप्त करने के लिए प्राप्त किया... ... हम बादल प्रदान करने के लिए... ... ले जाया जाता है... ... ले जाया जाता है... / मैं,बताया की अमेरिकी राष्ट्रीय सुरक्षा एजेंसी ने ब्राजील के तेल कंपनी पेट्रोब्रास पर जासूसी की और हमारे क्लाउड प्रदाताओं गूगल और याहू सहित के और याहू ने भय व्यक्त कियाराज्य निगरानी के बारे ।,33.45,Medium,50,34,16
596,"the final straw came when it was revealed that chancellor angela merkels phone had been bugged, possibly for about a decade.","कुछ समय बाद, जब यह पता चला कि राज - घर का मौसम बहुत खराब हो गया है, तो शायद एक दशक के लिए ।","अंतिम बात तब आई जब यह पता चला कि चांसलर एंजेला मार्केल का फोन बग किया गया था , संभवतः एक दशक पहले।",26.1,Medium,25,23,2
597,"if europes most powerful person can be targeted, then surely business leaders are also potential targets.","अगर एक व्यक्‍ति सबसे शक्‍तिशाली व्यक्‍ति को निशाना बनाता है, तो निश्‍चय ही व्यापार नेता भी संभावित लक्ष्य हैं ।","अगर यूरोप के सबसे शक्तिशाली व्यक्ति लक्षित हो सकते हैं, तो निश्चित रूप से व्यापार जगत के नेताओं भी संभावित लक्ष्य कर रहे हैं।",43.13,Medium,20,24,4
598,snowden has made transparent the intensive collaboration between us intelligence services and companies.,हिमनन ने हमारे मानसिक सेवाओं और कंपनियों के बीच अत्यधिक सहयोग दिया है.,स्नोडन अमेरिकी खुफिया सेवाओं और कंपनियों के बीच गहन सहयोग पारदर्शी बना दिया है।,44.57,Medium,13,14,1
599,i think its conceivable that these data are used for mutual benefit.,मुझे लगता है कि इन डेटा एक दूसरे के लाभ के लिए इस्तेमाल किया जाता है।,मुझे लगता है कि यह व्यवहार्य होगा कि इन डेटा पारस्परिक लाभ के लिए उपयोग किया जाए ।,41.9,Medium,16,18,2
600,"germany must wake up, says oliver grün, president of bitmi, which represents small and medium sized german it companies.",यह छोटे - छोटे पौधों को चित्रित करता है जो इसे उत्पादनों को चित्रित करती हैं ।,"जर्मनी जाग जानी चाहिए ओलिवर , के राष्ट्रपति कहते हैं, जो छोटे और मध्यम आकार के जर्मन आईटी कंपनियों का प्रतिनिधित्व करते है ।",12.94,Bad,17,24,7
601,"german companies believe the us now poses almost as big a risk as china when it comes to industrial espionage and data theft, according to a survey published in july by ey, the consultancy.","एक सर्वेक्षण के अनुसार, यू. एस. द्वारा प्रकाशित एक सर्वेक्षण के अनुसार, वैज्ञानिक दल अब हम पर विश्वास करते हैं कि लगभग एक बड़ा जोखिम है जब यह औद्योगिक उपभोग और डेटा चोरी करने के लिए आता है।","जर्मन कंपनियों का कंसल्टेंसी द्वारा जुलाई में प्रकाशित एक सर्वेक्षण के अनुसार मानना है, अमेरिका लगभग अब बड़ा जोखिम बन गया है चीन जैसे , जब बात आती है औद्योगिक जासूसी और डेटा चोरी करने के लिए।",45.36,Medium,38,37,1
602,"in all the documentation leaked by mr snowden, there has, however, been no evidence to date that the us has passed on foreign companies trade secrets to its own companies.","लेकिन, सभी दस्तावेज़ों में mrrden द्वारा छेद किया गया है, इस बात का कोई प्रमाण नहीं है कि हम विदेशी कंपनियों के अपने दलों के लिए गुप्त रहस्य पारित कर चुके हैं।","सभी प्रलेखन में श्री स्नोडन द्वारा लीक, वहाँ तथापि, आजतक कोई सबूत नहीं है कि अमेरिका ने अपनी कंपनियों के लिए विदेशी कंपनियों के व्यापार रहस्यो को जाना ।",35.96,Medium,32,29,3
603,politicians have expressed concern that the eu lacks certain it and internet capabilities and should strive to reduce its dependence on the us.,राजनीतिज्ञों ने चिन्ता व्यक्‍त की है कि यह और इंटरनेट क्षमताओं की कमी है और हम पर अपनी निर्भरता को कम करने की कोशिश करनी चाहिए ।,राजनेताओं ने यूरोपीय संघ की इंटरनेट क्षमताओं का अभाव परचिंता व्यक्त की है। और इसे अमेरिका पर अपनी निर्भरता को कम करने के लिए प्रयास करना चाहिए ।,46.27,Medium,27,28,1
604,business leaders are sceptical about this.,व्यापार नेता इस बारे में संदेहजनक कर रहे हैं.,व्यापार जगत के नेता इस के बारे में यह संदेह कर रहे हैं।,52.11,Good,9,13,4
605,someone in the german parliament says we should build a german google.,किसी का कहना है कि हम एक जीवित जीव का निर्माण करना चाहिए।,जर्मन संसद में किसी ने कहा की हमे एक जर्मन गूगल का निर्माण करना चाहिए।,40.86,Medium,13,15,2
606,i can only shut my eyes and slowly open them again...,मैं केवल मेरी आँखें बंद कर सकते हैं और धीरे धीरे से उन्हें खोल सकते हैं...,मैं केवल मेरी आँखें बंद कर सकता हू और धीरे से उन्हें फिर खोलें...,70.35,Good,16,14,2
607,"thats not the way, hasso plattner, chairman of german business software company sap, says.","इस तरह से नहीं, हैसोटर्टनर कहता है कि प्रोटर्मन व्यापार कंपनी के अध्यक्ष, जोटिंग सॉफ्टवेयर कंपनी का है, कहते हैं.","हासो प्लैटनर, जर्मन व्यापार सॉफ्टवेयर कंपनी , के अध्यक्ष यह कोई तरीका नहीं है, कहा ।",49.66,Medium,20,16,4
608,"if one wanted a strong european it industry, then one shouldnt have let it die out 20 years ago.","अगर एक यह उद्योग बहुत कठोर चाहता था, तो उसे 20 साल पहले मर जाना चाहिए था.","यदि कोई मजबूत यूरोपीय आईटी इंडस्ट्री चाहता था, फिर उसे साल पहले मरने नहीं देना था ।",25.76,Medium,17,17,0
609,"everything is subsidised in germany, from coal, to cars and farmers.","हर चीज़ कोयले, कारों और किसानों के लिए इस्तेमाल की जाती है ।","जर्मनी में सब कुछ रियायती है।, कोयले से लेकर, कार, किसानों तक ।",28.48,Medium,13,13,0
610,everything but the it industry.,सब कुछ लेकिन यह उद्योग के सिवाय।,लेकिन आईटी उद्योग सब कुछ है।,39.98,Medium,7,6,1
611,"still, the reach and technical sophistication of us spy agencies exposed by the snowden revelations have come as a shock to some companies who previously thought the biggest surveillance risk was posed by china.","फिर भी, हम तक पहुँचने और तकनीकी ज्ञानियों के बारे में जो जानकारी मिली है, वह कुछ कंपनियों के लिए एक सदमा पहुँचा है जो पहले ही सबसे बड़ी निगरानी का खतरा समझते थे ।",अमरीकी तकनीकी परिष्कार और जासूसी पहुंच के बारे में स्नोडन द्वारा उजागर खुलासे कुछ कंपनियों के लिए एक आघात के रूप में साबित हुई है जिनका पहले मानना था की सबसे बड़ा निगरानी खतरा चीन हैं,36.87,Medium,35,36,1
612,a big shift is occurring in cloud computing where european executives have become more aware that data stored in the us is subject to that jurisdiction and therefore potentially vulnerable.,"बादल में एक बड़ा बदलाव हो रहा है जहाँ सरकारी अधिकारी ज़्यादा जानकारी हासिल कर रहे हैं कि हमारे अंदर जो जानकारी जमा की गयी है, वह उस अधिकार के अधीन है और इसलिए मुमकिन है कि वह आसानी से गिर सकता है ।",एक बड़ा बदलाव हो रहा है क्लाउड कंप्यूटिंग छेत्र में जहां यूरोपीय अधिकारी ज्यादा जागरूक है कि अमेरिका में संग्रहीत डेटा उस अधिकार क्षेत्र के अधीन है और इसलिए संभावित संवेदनशील बन गए हैं ।,38.4,Medium,44,35,9
613,"according to a survey carried out by the cloud security alliance, a trade body, some 10 per cent of nonus members cancelled plans to use a usbased cloud provider after revelations about the us prism data mining programme.","एक सर्वे के मुताबिक, जब बादल की सुरक्षा की संधि हुई, तो कुछ 10 प्रतिशत लोगों ने गैर - ईसाई सदस्यों से शादी कर ली ।","क्लाउड सुरक्षा एलायंस, एक व्यापार संस्था द्वारा बाहर किए गए एक सर्वेक्षण के अनुसार कुछ फीसदी गैर अमेरिका के सदस्यों ने डाटा प्रिज्म खनन कार्यक्रम के बारे में खुलासे के बाद एक अमेरिकी आधारित क्लाउड प्रदाता का उपयोग करने की योजना रद्द कर दिया।",16.86,Bad,26,44,18
614,"jim snabe, cochief executive at sap, says we see a new question from customers that didnt come up a year ago which is where is my data stored and can you guarantee that it stays physically in that jurisdiction.","गरीब अधिकारी, हम ग्राहकों से एक नया सवाल देखते हैं जो एक साल पहले आया था जो मेरे डेटा जमा है और आप गारंटी दे सकते हैं कि यह शारीरिक रूप से उस अधिकार में रहता है।","जिम स्नाबे, के सह मुख्य कार्यकारी अधिकारी कहते हैंः हमने देखा एक नया सवाल जो ग्राहकों को एक साल पहले नहीं आया था वो है मेरा डेटा कहा संग्रहीत है? और क्या आप गारंटी कर सकते हैं कि यह शारीरिक रूप से उस अधिकार क्षेत्र में रहेगा?",45.31,Medium,37,47,10
615,many german executives argue that the latest reports are simply confirmation of what they already knew that powerful states want to steal their most prized secrets and these data must therefore be guarded at all costs.,कई वैज्ञानिकों का कहना है कि हाल ही में किए गए हाल की रिपोर्टों से यह साबित हो गया है कि शक्‍तिशाली कहता है कि अपने सबसे मूल्यवान रहस्य और इन डेटा को चोरी करना चाहते हैं इसलिए सभी क़ीमतों पर सुरक्षित रहना चाहिए ।,कई जर्मन अधिकारियों का तर्क है कि नवीनतम रिपोर्ट बस क्या उन्हे पहले से ही पता था की पुष्टि कर रहे हैंः कि शक्तिशाली राज्य उनके सबसे बेशकीमती रहस्यों और डेटा को चोरी करना चाहते हैं और इस लिए इन पर हर कीमत पर पहरा होना चाहिए।,36.46,Medium,45,47,2
616,that economic spying takes place is not a surprise.,यह एक आश्‍चर्य की बात नहीं है कि आर्थिक भेद - भाव हो रहा है ।,कि आर्थिक जासूसी होती है यह एक आश्चर्य की बात नहीं है।,58.19,Good,16,12,4
617,it has always taken place.,यह हमेशा से किया गया है.,यह हमेशा होती आई है।,35.04,Medium,6,5,1
618,"this has been a topic for many years and hasnt fundamentally changed through the current discussion, says kurt bock, chief executive of chemical maker basf.","यह अनेक सालों से एक विषय रहा है और मौजूदा चर्चा के माध्यम से मूलभूत रूप से बदल गया है, वैज्ञानिक निर्माता फफ का मुख्य अधिकारी, कवर्कर कहता है ।","यह कई वर्षों से एक विषय है , और मौलिक वर्तमान चर्चा के माध्यम से, कुछ नहीं बदला कर्ट , रासायनिक निर्माता के मुख्य कार्यकारी कहते हैं।",42.47,Medium,30,27,3
619,"the americans spy on us on the commercial and industrial level as we spy on them too, because it is in the national interest to defend our businesses.","हम पर व्यावसायिक और औद्योगिक स्तर पर भी जासूसों का जासूस होने के नाते, क्योंकि हमारे व्यवसायों की रक्षा करने के लिए यह राष्ट्रीय दिलचस्पी में है.","अमेरिकि वाणिज्यिक और औद्योगिक स्तर पर हम पर जासूसी करते है और हम भी करते है , क्योंकि यह हमारे कारोबार का बचाव के लिए राष्ट्रीय हित में है",42.24,Medium,27,29,2
620,"corporate leaders are not generally keen to boast about the countermeasures they have taken, in case this hands an advantage to an attacker.","इस मामले में, एक आक्रमण करनेवाले के लिए इसका एक लाभ उठाने के लिए, मालिक नेता आम तौर पर उन प्रमाणों के बारे में डींग मारने के लिए उत्सुक नहीं होते ।",कॉर्पोरेट नेता आम तौर पर रक्षाप्रणाली के बारे में इच्छुक नहीं होते और यह हमलावर के लिए एक फायदा हैं।,35.93,Medium,32,20,12
621,"for large companies, the message has long since been drummed home that picking up a free usb stick at a trade fair, or leaving a laptop unguarded in a hotel room are unwise, to say the least.","बड़ी कंपनियों के लिए, संदेश लंबे समय से ऐसे घर पर चलाया गया है जो एक मुफ़्त जगह पर चिपके हुए हैं, या होटल के कमरे में एक लैपटॉप को बिना सोचे - समझे छोड़ देते हैं, कम - से - कम यह कहना गलत है ।","बड़ी कंपनियों के लिए, बहुत समय से मेसेज रेकॉर्ड हो रहा है चाहे घरसे व्यापार में एक छोड़ना नासमझी है स्टिक लेकर, या एक लैपटॉप बेपनाह एक होटल के कमरे में छोड़ना नासमझी है है कम से कम कहने के लिए।",36.1,Medium,47,41,6
622,"ulrich hackenberg, board member at carmaker audi, says it has been standard practice for years for mobile phones to be collected before board meetings so they cannot be used as remote listening devices.",वह कहता है कि कई सालों से मोबाइल फोन को बोर्ड से पहले इकट्ठा किया जा सकता है ताकि उन्हें दूर से सुननेवाले उपकरणों के रूप में इस्तेमाल नहीं किया जा सके ।," , कार निर्माता ऑडी, के बोर्ड के सदस्य कहते हैं,की यह एक सालो पुरानी प्रणाली है है बोर्ड की बैठकों से पहले मोबाइल फोन एकत्र करने की क्योकि उनका उपयोग दूरस्थ सुन उपकरणों के रूप में ना हो सके",30.99,Medium,33,39,6
623,germanys bfv advises executives to consider using simple prepaid mobiles when on foreign trips because of the risk that smart phones are compromised.,"जब विदेशी यात्रा पर जाने के ख़तरे के कारण, स्मार्ट फ़ोनों का समझौता किया जाता है, तब साधारण प्रीविड मोबाइल मोबाइल का प्रयोग करने के लिए मैनेजरों को सलाह देते हैं ।",जर्मनी के कार्यकारी जब कि स्मार्ट फोन विदेश दौरों पर जोखिम की वजह से समझौता कर रहे हैं सरल प्रीपेड मोबाइल का उपयोग करने पर विचार करने के लिए सलाह देता है।,40.16,Medium,32,32,0
624,the prepaid mobiles are then thrown away afterwards.,फिर पीठ फेर कर (जहन्नुम की) आग में झोंक दिए जाएँगे,प्रीपेड मोबाइल फोन फिर बाद में फेंक दिए गये।,18.5,Bad,11,9,2
625,"however, there is concern that small and mediumsized companies remain vulnerable to hacking and surveillance.","फिर भी, इस बात की चिंता है कि छोटी - मोटी कंपनियों को हैकिंग और निगरानी के लिए असुरक्षित बना दिया जाता है ।","हालांकि, छोटे और मध्यम कंपनियों हैकिंग और निगरानी करने के खतरे में है यह एक चिंता का विषय है।",37.29,Medium,24,19,5
626,"in germany, many of these companies are global market leaders in their particular niche.",इन में से कई कंपनियों को अपने विशेष पिक्शन में विश्‍वव्यापी बाजार नेता हैं ।,"जर्मनी में, यह कई कंपनिया वैश्विक बाजार में अव्वल है विशेष जगह में।",30.51,Medium,15,13,2
627,"small and medium sized companies often lack the experience, personnel and financial resources to protect corporate secrets effectively against unauthorised access, the bfv warns in a report.","एक रिपोर्ट में आगाह किया गया है कि एक रिपोर्ट में, एक रिपोर्ट में आगाह किया गया है कि कम - से - कम कुछ कंपनियों में अनुभव की कमी है, कर्मचारियों और आर्थिक साधनों की सुरक्षा करने के लिए बड़ी - बड़ी कंपनियों की ज़रूरत है ।","छोटे और मध्यम आकार कंपनिया अक्सर अनुभव के अभाव, कर्मियों और वित्तीय संसाधनों अनधिकृत पहुँच के खिलाफ प्रभावी ढंग से कॉर्पोरेट रहस्य की रक्षा करने के लिए, एक रिपोर्ट में चेतावनी देती हैं।",33.13,Medium,48,33,15
628,the us warns its own companies about economic espionage by other countries.,हम दूसरे देशों से आर्थिक खोज के बारे में अपनी खुद की कंपनियों को चेतावनी देते हैं.,अमेरिका ने अन्य देशों द्वारा अपनी ही कंपनियों की आर्थिक जासूसी के बारे में चेतावनी दी है।,42.72,Medium,17,17,0
629,"the us national intelligence estimate in february named france alongside russia and israel in a second tier of offenders who engage in hacking for economic intelligence, behind china, according to the washington post.","हम राष्ट्रीय मानसिक अनुमान पर गौर करते हैं, जिसका नाम है 'चक के साथ और अपराधीों के एक दूसरे बन्धन में जो आर्थिक बुद्धि के लिए हल कर रहे हैं, क्लिफ़ के पीछे, धोने के पोस्ट के अनुसार।","फ्रांस द वाशिंगटन पोस्ट के अनुसार फ़रवरी में अमेरिकी राष्ट्रीय खुफिया का नाम रूस और इसराइल के साथ चीन के पीछे जो आर्थिक आसूचना, लिए हैकिंग में संलग्न अपराधियों के एक दूसरे टीयर में नामित।",35.88,Medium,38,35,3
630,"a board member at a german bluechip company concurred that when it comes to economic espionage, the french are the worst.","लेकिन, इस बात से इनकार नहीं किया जा सकता कि एक व्यक्‍ति के पास पैसे की कोई कमी नहीं है ।","एक जर्मन ब्लू चिप कंपनी के बोर्ड सदस्यके अनुसार जब बात आर्थिक जासूसी करने के लिए आती है, तो फ्रेंच सबसे खराब हैं",14.07,Bad,21,23,2
631,"bernard squarcini, former head of the french internal intelligence agency dcri, was quoted in an interview this month as saying the services know perfectly well that all countries, even as they cooperate in the antiterrorist fight, spy on their allies.","इस महीने एक इंटरव्यू में यह कहा गया कि सभी देशों को अच्छी तरह पता है कि, जैसे - जैसे वे संघर्ष में सहयोग देते हैं, अपने दोस्तों के साथ भेद - भाव करते हैं ।"," फ्रेंच आंतरिक खुफिया एजेंसी , के पूर्व प्रमुख, साक्षात्कार में बताते है की सेवाएं अच्छी तरह से जानती है की सारे देश भले ही वे गैर आतंकी लड़ाई में साथ देते है, उनके सहयोगियों पर जासूसी करते है.",23.02,Medium,36,38,2
632,"the americans spy on us on the commercial and industrial level as we spy on them too, because it is in the national interest to defend our businesses.","हम पर व्यावसायिक और औद्योगिक स्तर पर भी जासूसों का जासूस होने के नाते, क्योंकि हमारे व्यवसायों की रक्षा करने के लिए यह राष्ट्रीय दिलचस्पी में है.","अमेरिकि वाणिज्यिक और औद्योगिक स्तर पर हम पर जासूसी करते है और हम भी करते है , क्योंकि यह हमारे कारोबार का बचाव के लिए राष्ट्रीय हित में है",42.24,Medium,27,29,2
633,nobody is fooled.,कोई भी बेवकूफ नहीं है.,कोई भी मूर्ख नहीं बना।,26.78,Medium,5,5,0
634,parents of georgia teen who died in freak accident believe son was murdered,गॉर्गिया के माता - पिता जो पागल दुर्घटना में मर गए विश्वास करते हैं कि बेटे की हत्या कर दी गयी,अनोखी दुर्घटना में मारे गये जॉर्जिया के किशोर के मातापिता का मानना है कि उनके बेटे की हत्या की गई थी,40.46,Medium,21,21,0
635,"the parents of a georgia teenager, whose body was found inside a rolledup wrestling mat in his high school gym, believe their son was murdered, the familys attorney said thursday.","यह विश्‍वास करते हुए कि उनके बेटे की हत्या कर दी गयी थी, परिवार के वकील ने कहा कि वे दिन में एक - दूसरे से मिल जाते हैं ।","जॉर्जिया के एक किशोर जिसकी मृत शरीर उसके हाई स्कूल जिम में रेस्टलिंग मैट में लपेटा हुआ पाया गया था, का मानना है कि उनके बेटे की हत्या की गई थी, यह बात परिवार के अधिवक्ता ने गुरूवार को कही।",26.08,Medium,30,40,10
636,"kendrick johnson, of valdosta, ga., was found jan. 11 stuck in an upright mat propped behind the bleachers inside his high school gym.",11 अपने हाई स्कूल के जिमर के अन्दर एक सीधी खाट में फँस गया ।,"वैलडोस्टा, जी.ए. के केन्ड्रिक जॉनसन को जनवरी को उनके हाई स्कूल जिम के अन्दर ब्लीचर्स के पीछे सीधे खड़े मैट में फंसा पाया गया था।",20.71,Medium,15,25,10
637,"lowndes county sheriffs investigators concluded johnson died in a freak accident, but the 17yearolds family disputes that.",लेकिन 17 साल के बच्चों के परिवार में झगड़े होते हैं ।,"लॉन्डेस काउन्टी शेरिफ के जांचकर्ताओं का निष्कर्ष था कि जॉनसन एक अनोखी दुर्घटना में मरा था, लेकिन वर्षीय लड़के के परिवार ने इससे इन्कार किया।",12.18,Bad,12,25,13
638,"they absolutely think their son was murdered, benjamin crump, an attorney representing kenneth and jacquelyn johnson, told foxnews.com.","वे पूरी तरह से लगता है कि उनके बेटे की हत्या की गई थी, बेंजन ग्रिम्प, एक वकील जो एग्नस्टिनसन का प्रतिनिधित्व करता है।",केनेथ एवं जैकलीन जॉनसन को प्रस्तुत करने वाले अधिवक्ता बेंजामिन क्रम्प ने फॉक्स न्यूज डॉट कॉम से कहा कि उनका पूरी तरह से मानना है कि उनके बेटे की हत्या की गई है।,35.16,Medium,24,33,9
639,they never believed he died the way the sheriff concluded.,उन्होंने कभी विश्वास नहीं किया कि वह जिस तरह से प्रधान निष्कर्ष निकाला.,उन्हें शेरिफ के बताये गये तरीके से मृत्यु पर बिलकुल भी भरोसा नहीं है।,14.56,Bad,13,14,1
640,"they believe that it defies logic, the laws of physics as well as common sense, crump said.","वे विश्‍वास करते हैं कि यह तर्क का विरोध करता है, भौतिकता के नियम और आम अर्थ के नियम, कैम्प ने कहा ।",क्रम्प ने कहा कि उनका मानना है कि यह बात शारीरिक नियम एवं सामान्य बुद्धि के तर्क से परे है।,25.16,Medium,23,20,3
641,they think this is a coverup to protect the person or people responsible for their sons death.,वे सोचते हैं कि यह उस व्यक्‍ति या अपने बेटों की मृत्यु के लिए ज़िम्मेदार लोगों की रक्षा करने के लिए एक आड़ है ।,"उन्हें लगता है कि यह निष्कर्ष, उनके बेटे की मृत्यु के लिए जिम्मेदार व्यक्ति या लोगों की सुरक्षा के लिए एक बहाना है।",44.78,Medium,25,23,2
642,"they sent their son to school with a bookbag and he was returned to them in a body bag, he said.","उन्होंने अपने बेटे को पुस्तक बैग से स्कूल जाने के लिए भेजा और वह उन्हें एक शरीर के बैग में वापस लौटा दिया गया, उसने कहा ।","उन्होंने कहा कि उन्होंने अपने बेटे को एक बुकबैक के साथ स्कूल भेजा था, और वह लौटा एक बॉडी बैग में",44.36,Medium,27,21,6
643,"u.s. attorney michael moore said thursday he is conducting a formal investigation into johnsons death, noting that several key questions remain unanswered.","पुलिस ने कहा कि वकील कोर टैम्पली ने कहा कि वह दिन जपहरों की मृत्यु में एक औपचारिक जांच संचालित कर रहा है, ऐसा नहीं कि कई मुख्य सवालों का जवाब नहीं दिया जाता ।","यू.एस. महाधिवक्ता माइकल मूलरे ने गुरूवार को कहा कि वह जॉनसन की मृत्यु के बारे में एक औपचारिक जांच कर रहे हैं, यह देखते हुए कि बहुत से महत्वपूर्ण प्रश्न अनुत्तरित हैं।",28.18,Medium,35,32,3
644,what was the cause of death?,मृत्यु का कारण क्या था?,मौत का कारण क्या था?,76.1,Good,5,5,0
645,was his death the result of a crime?,क्या उसकी मौत अपराध का नतीजा थी?,क्या उसकी हत्या किसी अपराध के कारण हुई?,34.45,Medium,7,8,1
646,moore said at a press conference thursday afternoon.,उसने एक प्रेस सम्मेलन दिन में कहा.,मुरे ने यह बातें गुरूवार को दोपहर में एक पत्रकार सम्मेलन में कही।,22.59,Medium,7,13,6
647,i will follow the facts wherever they lead.,मैं जहां कहीं वे नेतृत्व करेंगे तथ्यों का पालन करेंगे.,"मैं तथ्यों का अनुपालन करूंगा, वे हमें जहां पर भी ले जाएं।",33.47,Medium,10,12,2
648,my objective is to discovery the truth.,मेरा मकसद है सच्चाई की खोज करना ।,मेरा उद्देश्य सत्य को सामने लाना है।,15.11,Bad,8,7,1
649,"i am of the opinion that a sufficient basis exists for a formal investigation, he said.","मैं इस विचार से हूँ कि एक पर्याप्त आधार एक औपचारिक जांच के लिए मौजूद है, उन्होंने कहा.",उन्होंने कहा कि मेरा विचार है कि एक औपचारिक जांच के लिए पर्यावरण कारण मौजूद हैं।,56.95,Good,18,16,2
650,moore told reporters that the initial autopsy indicated johnson died as a result of positional asphyxia.,उसने कहा कि शुरू - शुरू में ऑटोकैम्पसन की मौत हो गयी थी ।,मूरे ने रिपोर्टर से कहा कि आंरम्भिक शव परीक्षण में संकेत मिलते हैं कि जॉनसन की मृत्यु स्थितीय श्वसावरोध के परिणामस्वरूप हुई।,12.92,Bad,14,22,8
651,"a second autopsy, however, listed a different cause of death, according to moore.","लेकिन, एक दूसरा ऑटोफ़िक ने, कवर्टर के अनुसार, मृत्यु का एक अलग कारण सूचीबद्ध किया ।","मूरे के अनुसार, वैसे एक द्वितीय शव परीक्षण में मृत्यु का एक भिन्न कारण पता चला।",32.96,Medium,16,16,0
652,"there are several questions that must be answered or confirmed, he said.",उसने कहा कि ऐसे कई सवाल हैं जिनका जवाब दिया जाना चाहिए या पक्का किया जाना चाहिए ।,"उन्होंने कहा कि ऐसे बहुत से प्रश्न हैं, जिनका उत्तर मिलना चाहिए या पुष्टि होनी चाहिए।",34.84,Medium,18,16,2
653,moore added that if he uncovers sufficient evidence to warrant a criminal or civil rights investigation into the death of johnson he will ask the fbi to conduct it.,"इस बात के ढेरों सबूत हैं कि अगर वह किसी अपराधी या नागरिक अधिकारों की जाँच करने के लिए काफी सबूत बनाता है, तो वह इसे व्यवहार करने के लिए पूछ लेगा ।",मूरे ने यह भी कहा कि यदि वह जॉनसन की मृत्यु के मामले में किसी अपराधी को तलब करने अथवा नागरिक अधिकारों की जांच करने के लिए पर्याप्त साक्ष्य पाते हैं तो वह उसे करने के लिए एफ.बी.आई. से कहेंगे।,35.85,Medium,33,40,7
654,a representative from the lowndes county sheriffs office was not immediately available for comment when contacted thursday.,कम्स राज्य गणराज्य के एक प्रतिनिधि ने जवाब के लिए तुरंत टिप्पणी करने के लिए उपलब्ध नहीं किया जब उन्हें सुबह से संपर्क किया गया ।,गुरूवार को सम्पर्क किये जाने पर लॉन्डेज काउन्टी शेरिफ के कार्यालय से टिप्पणी के लिए प्रतिनिधि तुरन्त उपलब्ध नहीं था।,37.76,Medium,26,20,6
655,a southern georgia judge on wednesday ordered authorities to release all surveillance video that investigators reviewed.,वे दावा करते हैं कि वे इस वीडियो को छोड़ना चाहते हैं ।,"बुधवार को दक्षिणी जॉर्जिया के न्यायाधीश ने अधिकरियों को, जांचकर्ताओं द्वारा समीक्षा की गई सभी निगरानी वीडियो जारी करने का आदेश दिया।",8.82,Bad,13,22,9
656,the teenagers parents said they hope the video footage will contain clues to how he died.,किशोर माता - पिता ने कहा कि वे वीडियो फुटेज में संकेत होगा कि वह कैसे मर गया.,लड़के के मातापिता का कहना है कि उन्हें उम्मीद है कि वीडियो फुटेज से कुछ संकेत मिलेंगे कि उसकी मृत्यु कैसे हुई थी।,25.57,Medium,18,23,5
657,cdc issues childrens allergy guidelines for schools,बच्चों को स्कूल के लिए सलाह - मशविरा करने में मदद दीजिए,सी.डी.सी. ने विद्यालयों के लिए बच्चों की एलर्जी संबंधी दिशानिर्देश जारी किए,20.08,Medium,12,12,0
658,"on wednesday, the centers for disease control and prevention released a set of guidelines to manage childrens food allergies at school.",इस वजह से वे स्कूल में बच्चों को खाने से एलर्जी करने के लिए कुछ निर्देश दे पाए ।,बुधवार को रोग नियंत्रण और रोकथाम केन्द्र ने विद्यालय में बच्चों की खाद्य एलर्जी नियंत्रित करने के लिए दिशानिर्देश जारी किए।,28.12,Medium,19,21,2
659,"this is the first set of such guidelines the u.s. government has put out, as the number of schoolage children suffering from food allergies climbs.","सरकार ने, जैसे कि खाद्य एलर्जी से पीड़ित बच्चों की संख्या को पीड़ित किया है, वैसे ही यह सबसे पहले क़दम है ।","यू.एस. सरकार द्वारा पहली बार ऐसे दिशानिर्देश जारी किए गए हैं, क्योंकि विद्यालय जाने वाले बच्चों के खाद्य एलर्जी से पीड़ित होने की संख्या बढ़ रही है।",33.22,Medium,23,27,4
660,one in 20 children in the united states now have food allergies.,संयुक्‍त राष्ट्र के 20 बच्चों में से एक का भोजन एलर्जी है ।,अब यू.एस. में प्रत्येक में से एक बच्चे को खाद्य एलर्जी है।,33.06,Medium,13,12,1
661,the cdc found the prevalence of food allergies among children increased 18 percent between 1997 and 2007.,"सन्‌ 1997 से 2007 के बीच, बच्चों में खाने की कमी होने की गुंजाइश 18 प्रतिशत बढ़ गयी थी ।",सी.डी.सी ने पाया कि वर्ष से के बीच बच्चों में खाद्य एलर्जी के मामलों में प्रतिशत की वृद्धि हुई है।,26.95,Medium,20,20,0
662,"the guide contains information for schools on how to make faculty and staff aware of childrens food allergies, and how to handle them should an allergic reaction occur.","और उन्हें एलर्जी से कैसे निपटना चाहिए, इस बारे में उन्हें कैसा महसूस करना चाहिए ।","इस दिशानिर्देश में विद्यालयों के लिए सूचना दी गई है कि शिक्षकों और कर्मचारियों को बच्चों की खाद्य एलर्जी के बारे में किस तरह से सूचित किया जाए, तथा कोई एलर्जिक प्रतिक्रिया होने की स्थिति में, उसे कैसे संभाला जाए।",14.06,Bad,16,40,24
663,it also recommends schools have epinephrine stocked the epipen brand autoinjector being most commonly used to respond to potentially fatal anaphylaxis.,इसमें यह भी सलाह दी गयी है कि स्कूलों में ऐपॆपॆपॆपॆपॆपॆपॆपॆर को सबसे ज़्यादा इस्तेमाल किया जाता है ताकि वह जानलेवा है और उसकी वजह से वह अपनी जान खतरे में डाल सके ।,विद्यालयों को यह भी सुझाव दिया गया है कि वे संभावित रूप से जानलेवा तीव्रग्राहिता एनाफाइलैक्सिस का सामना करने के लिए एपीनेफ्राइन का स्टॉक रखें जो एपीपेन ब्रान्ड का ऑटोइंजेक्टर है जिसका सबसे आम तौर पर इस्तेमाल किया जाता है।,24.77,Medium,34,40,6
664,state legislatures have recently been updating rules to allow schools to stock epinephrine more easily.,"हाल ही में, स्कूलों को लकड़ी से ज़्यादा आसानी से लेने के लिए सरकारी पैर के बनाए गए नियमों का उल्लंघन किया गया है ।","राज्य विधानसभा ने हाल ही में नियमों में अद्यतन किया है, जिससे विद्यालय अधिक मात्रा में एपीनेफ्राइन का स्टॉक आसानी से रख सकते हैं।",24.62,Medium,25,24,1
665,the report also includes a list of typical symptoms communicated by children who are having an allergic reaction.,इस रिपोर्ट में बच्चों द्वारा संपर्क किए गए लक्षणों की सूची भी शामिल है जिन्हें एलर्जी हो रही है ।,इस रिपोर्ट में एलर्जिक प्रतिक्रिया से पीड़ित बच्चों द्वारा संचारित किए जाने वाले आम लक्षणों की सूची भी शामिल है।,54.64,Good,20,20,0
666,"kids may say, it feels like something is poking my tongue, my tongue feels like there is hair on it, or my tongue is tingling.","बच्चे शायद कहें, यह ऐसा लगता है जैसे मेरी ज़बान चल रही है, मेरी जीभ भी उस पर बाल हैं, या मेरी जीभ चल रही है ।","बच्चे कह सकते हैं ऐसा लगता है कि कोई चीज मेरी जीभ में चुभ रही है, ऐसा लगता है कि मेरी जीभ पर बाल है, अथवा मेरी जीभ में झुनझुनी हो रही है।",37.39,Medium,27,33,6
667,parents of intersex kids can pick gender undetermined,बच्चों के माता - पिता लिंग को अलग - अलग तरीके से अपना सकते हैं,इन्टरसेक्स किड्स के मातापिता अपने बच्चों के लिंग अनिर्धारित चुन सकते हैं,33.72,Medium,15,12,3
668,germany became the first european nation to recognize a third gender for babies born with ambiguous genitalia.,उस जाति में पैदा होनेवाले शिशुओं के लिए तीसरा लड़का पैदा हुआ था ।,"जर्मनी यूरोपियन यूनियन का पहला ऐसा देश बन गया है, जिसने अस्पष्ट जननांग के साथ जन्म लिए हुए बच्चों हेतु तीसरे लिंग को मान्यता प्रदान की है।",10.88,Bad,14,27,13
669,no longer will newborns be rigidly assigned to male or female.,अब नवजात शिशु को नर या मादा को कठोर रूप से नियुक्‍त नहीं किया जाएगा ।,अब नवजात बच्चों को रूढ़िगत तरीके से पुरुष या महिला निर्दिष्ट नहीं किया जाएगा।,35.12,Medium,16,14,2
670,"the new law doesnt require parents to declare any gender for such children, allowing parents to declare gender undetermined or unspecified on their birth certificates.","नए नियम में माता - पिता को ऐसे बच्चों के लिए कोई लड़का घोषित करने की ज़रूरत नहीं है, और माता - पिता को अपने जन्म के प्रमाणपत्रों पर लिंगों को घोषित करने या अप्रचलित करने की अनुमति दी जाती है ।","नए कानून के अनुसार मातापिता को ऐसे बच्चों के लिए लिंग घोषित करने की आवश्यकता नहीं है, यह कानून उन्हें बच्चे के जन्म प्रमाणपत्र पर लिंग अनिर्धारित अथवा अनिर्दिष्ट घोषित करने की अनुमति देता है।",46.24,Medium,42,35,7
671,"the aim of the law was to take the pressure off parents who might make hasty decisions on sexassignment surgery for newborns, and to fight discrimination against those who are intersex.","कानून का मकसद था, ऐसे माता - पिताओं पर दबाव डालना जो नवजात शिशुओं के लिए जल्दबाज़ी में फैसले ले सकते थे, और जो आपस में भेदभाव नहीं करते थे ।","नए कानून का उद्देश्य उन मातापिता के ऊपर दबाव कम करना जो नवजात बच्चों के लिए लिंगनिर्दिष्टीकरण शल्यचिकित्सा से सम्बन्धित निर्णय जल्दबाजी में ले सकते हैं, तथा इंटरसेक्स बच्चों के विरुद्ध भेदभाव से संघर्ष करना है।",25.95,Medium,31,36,5
672,"one intersex person, according to the bbc, said years later, i am neither a man nor a woman.","बी. के अनुसार, एक अंतर्जातीय व्यक्‍ति ने सालों बाद कहा, मैं न तो पुरुष हूँ और न ही स्त्री ।","बी.बी.सी. के अनुसार एक इंटरसेक्स व्यक्ति ने वर्षों बाद कहा था, न तो मैं पुरुष हूँ, न महिला।",40.27,Medium,20,18,2
673,"i will remain the patchwork created by doctors, bruised and scarred.","मैं डॉक्टर, घाव और कोड़े से बनायी गयी पैच रचना बनी रहेगी ।","मैं चिकित्सकों द्वारा बनाया गया जख्मी, दागदार पैबन्द बना रहूँगा।",15.18,Bad,13,10,3
674,"an estimated one in 2,000 children born each year is neither boy nor girl.","हर साल करीब 2,000 बच्चे पैदा होते हैं ।","अनुमान के अनुसार प्रत्येक वर्ष , बच्चों मे से एक बच्चा ऐसा होता है जो न तो लड़का होता है न लड़की।",10.03,Bad,9,22,13
675,"they are intersex, part of a group of about 60 conditions that fall under the diagnosis of disorders of sexual development, an umbrella term for those with atypical chromosomes, gonads ovaries or testes, or unusually developed genitalia.",वे लगभग ६० परिस्थितियों के एक समूह के भाग हैं जो लैंगिक विकास के रोग से पीड़ित हैं ।,"वे इंटरसेक्स हैं, लगभग स्थितियों के समूह का हिस्सा, जो लैंगिक विकास के विकारों की जांच के अन्तर्गत आता है, यह सामूहिक शब्द है जिसे असामान्य गुणसूत्र, जननग्रंथि अंडाशय या वृषण, अथवा असामान्य रूप से विकसित लिंग के लिए उपयोग किया जाता है।",19.39,Bad,19,43,24
676,wallis simpson may have been intersex.,दीवारीपीफसन शायद आपसी रिश्‍ता रहा हो ।,हो सकता है कि वैलिस सिम्पसन इंटरसेक्स रहे हों।,9.59,Bad,7,9,2
677,"gender identification is still not well understood, but most experts in the united states say that when sex cannot be determined, its better to use the best available information to assign it then to wait and monitor the childs psychological and physical development before undertaking surgery, if at all.","लेकिन जब एक व्यक्‍ति को यह जानकारी दी जाती है, तो वह कहता है कि अगर ऑपरेशन से पहले बच्चे के मनोवैज्ञानिक और शारीरिक विकास पर ध्यान देता है, तो उसके लिए सबसे बढ़िया जानकारी का इस्तेमाल करना बेहतर होगा ।","लिंग पहचान को अभी भी ठीक से नहीं समझा जाता, लेकिन युनाइटेड स्टेट्स में अधिकांश विशेषज्ञों का मानना है कि जब लिंगनिर्धारण नहीं हो सकता है तो लिंग निर्दिष्ट करने के लिए मौजूद सर्वोत्तम सूचना का उपयोग करना बेहतर है तथा शल्यचिकित्सा कराने, यदि ऐसी नौबत आए, से पहले बच्चे के मनोवैज्ञानिक तथा शारीरिक विकास का निरीक्षण करें।",28.89,Medium,41,58,17
678,"new york city psychiatrist dr. jack drescher, who specializes in issues of gender identification, said the new german law sounds like a good thing.","नए नर पहचान के मुद्दों में विशेष रूप से जो द न्यू योर्क सिटी न्यूक्लिनर ने कहा, एक अच्छी चीज की तरह लगता है।","न्यू यॉर्क शहर के मनोवैज्ञानिक डॉ. जैक ड्रेशर जो लिंगपहचान के मामलों के विशेषज्ञ हैं, उन्होंने कहा कि जर्मनी का नया कानून अच्छी चीज प्रतीत होता है।",25.63,Medium,24,27,3
679,intersex children pose ethical dilemma.,पति - पत्नी एक - दूसरे के साथ कैसे पेश आते हैं?,इंटरसेक्स बच्चों नैतिक असमंजस पैदा करते हैं।,15.36,Bad,12,7,5
680,"some people have lifeendangering conditions that require surgery, but most kids do not, he said.","कुछ लोगों को ऑपरेशन की ज़रूरत होती है, लेकिन अधिकतर बच्चे नहीं, उसने कहा ।","उन्होंने कहा, कुछ लोग प्राणसंकट जैसी स्थिति में होते हैं जिसके लिए शल्यचिकित्सा की आवश्यकता होती है, लेकिन अधिकांश बच्चों के साथ ऐसा नहीं होता।",25.59,Medium,15,25,10
681,"you can make a gender assignment without surgery, and then see how identity develops.","आप बिना सर्जरी के एक लड़का की ज़िम्मेदारी निभा सकते हैं, और फिर देखिए कि पहचान कैसे विकसित होती है ।","आप शल्यचिकित्सा के बिना ही लिंग निर्दिष्ट कर सकते हैं, तथा उसके पश्चात देखें कि पहचान किस तरह से विकसित होती है।",35.99,Medium,21,22,1
682,the science of knowing how a child will develop any gender identity is not very accurate.,"यह जानने का विज्ञान कि कैसे एक बच्चा लड़का किसी भी लिंग पहचान को विकसित कर सकता है, एकदम सही नहीं है ।","किसी बच्चे में कोई लिंग किस तरह से विकसित होगा, यह जानने का विज्ञान बहुत सटीक नहीं है।",43.18,Medium,23,18,5
683,nobody can answer the questions about why this happens.,कोई भी इस बारे में सवालों का जवाब नहीं दे सकता कि ऐसा क्यों होता है ।,इसके बारे में कोई भी व्यक्ति उचित उत्तर नहीं दे सकता कि ऐसा क्यों होता है।,58.47,Good,17,16,1
684,its like the mystery of why people are gay.,यह लोग समलैंगिक क्यों हैं के रहस्य की तरह.,यह एक तरह की पहेली है कि लोग समलैंगिक क्यों होते हैं।,46.49,Medium,9,12,3
685,"a report filed to the european commission in 2011 described intersex people as different from transsexual or transgender people, as their status is not gender related but instead relates to their biological makeup, which is neither exclusively male nor exclusively female, but is typical of both at once or not clearly defined as either.",सन्‌ 2011 में एक रिपोर्ट में बताया गया कि अलग - अलग देशों के लोगों को अलग - अलग अधिकार दिए गए हैं ।,"वर्ष में यूरोपियन कमीशन के समक्ष दाखिल की गई रिपोर्ट में इंटरसेक्स लोगों को ट्रांससेक्सुअल अथवा ट्रांसजेन्डर लोगों से भिन्न रूप में वर्णित किया गया है, क्योंकि उनकी स्थिति लिंग से सम्बन्धित नहीं होती है बल्कि उसके जैविक रचना से सम्बन्धित होती है, जो न तो स्पष्ट रूप से पुरुष है न महिला बल्कि या तो दोनों का संयुक्त रूप होती है या फिर दोनों में से कोई भी स्पष्ट रूप से परिभाषित नहीं होती।",8.95,Bad,24,75,51
686,"these features can manifest themselves in secondary sexual characteristics, such as muscle mass, hair distribution, breasts and stature primary sexual characteristics such as reproductive organs and genitalia or in chromosomal structures and hormones.","ये विशेषताएँ अपने आप को लैंगिक लक्षणों में प्रकट कर सकती हैं, जैसे कि माँस - पेशियाँ, बाल वितरण, स्तन और डील - डौलिक लैंगिक विशेषताएँ, जैसे कि शिशु - संबंधी संरचनाओं और हार्मोन में ।","ये विशेषताएँ स्वयं को द्वितीयक लैंगिक अभिलक्षणों प्रदर्शित कर सकती हैं, जैसे मांसपेशियों का वजन, बालों का वितरण, स्तन और लम्बाई प्राथमिक लैंगिक अभिलक्षण जैसे प्रजनन अंग तथा जननांग अथवा गुणसूत्रीय संरचना तथा हॉरमोन में।",37.74,Medium,36,35,1
687,"the report also gives an overview of the discrimination faced by intersex and transgender people in the realm of employment, as well as levels of harassment, violence and bias crimes.","रिपोर्ट यह भी बताती है कि नौकरी के इलाके में भेदभाव और भेदभाव के बारे में लोगों का क्या नज़रिया है, साथ ही ज़ुल्मों के स्तर, हिंसा और खून - खराबा ।","यह रिपोर्ट इंटरसेक्स तथा ट्रांसजेन्डर व्यक्तियों द्वारा नौकरियों के क्षेत्र में सामना किए जाने वाले भेदभाव, और साथ ही उत्पीड़न, हिंसा तथा पक्षपात अपराधों के बारे में भी सिंहावलोकन प्रदान करती है।",25.68,Medium,32,32,0
688,gender nonconforming boys now have special camp.,लड़का अब विशेष कैम्प है.,अब गैरअनुरूप लिंग वाले लड़कों के लिए विशेष शिविर होते हैं।,14.07,Bad,5,11,6
689,"already, australia and nepal allow adults to mark male, female or a third gender on their official documents.","पहले से ही, अकादमिया और नेपाल ने वयस्कों को नर, मादा, या तीसरा नर को अपने औपचारिक दस्तावेज़ों पर चिन्हित करने की अनुमति दी है ।","ऑस्ट्रेलिया और नेपाल ने वयस्क व्यक्तियों को उनके आधिकारिक दस्तावेजों पर पुरुष, महिला अथवा तृतीय लिंग चिह्नित करने की अनुमति पहले ही दी गई है।",42.36,Medium,26,25,1
690,"in june, a 52yearold australian, norrie maywelby, became the worlds first recognized genderless person after winning a legal appeal to keep an unspecified gender status for life.","सन्‌ 52 साल के डेन शहर में, एक 52 साल का नर - मादा, नजीबी, दुनिया में सबसे पहले लिंग के व्यक्‍ति बना और उसने कानूनी अपील की कि वह जीवन के लिए लिंग का नाम कायम रखे ।","जून में, वर्षीय ऑस्ट्रेलियाई नॉरी मेवेल्बी, जीवनपर्यंत अनिर्दिष्ट लिंग दर्जा रखने के लिए की गई कानूनी अपील जीतने के पश्चात दुनिया के प्रथम मान्यताप्राप्त लिंगहीन व्यक्ति बन गए।",25.13,Medium,39,28,11
691,"german passports will have a third designation other than m or f x, for intersex, according to the interior ministry.","कैंचन पासपोर्ट्स में एक तीसरा नाम है एम या एफ x के अलावा, आंतरिक सेवकाई के अनुसार ।","आंतरिक मंत्रालय के अनुसार, जर्मन पासपोर्ट में एम अथवा एफ के अलावा इंटरसेक्स व्यक्तियों के लिए एक्स के रूप में तीसरा निर्दिष्टीकरण भी होगा।",28.8,Medium,18,24,6
692,"in neighboring france, gender issues are still controversial, according to a news report on france 24.","पड़ोसियों में, लिंग के विषय अब भी विवादकर रह जाते हैं, जैसा कि न्यू यॉर्क में समाचार - पत्रों में बताया गया है ।","फ्रांस पर समाचार रिपोर्ट के अनुसार, पड़ोसी देश फ्रांस में लिंग से जुड़े मुद्दे अभी भी विवादास्पद हैं।",23.84,Medium,24,18,6
693,"in 2011, dozens of french lawmakers from that strongly catholic country signed a petition for gender theory to be withdrawn from school textbooks.","सन्‌ 2011 में, ऐसे दर्जनों मोज़ेन्ट कानून बनानेवालों ने स्कूल की पाठ्य - पुस्तकों से मुँह मोड़ लेने के लिए लिंग के सिद्धांत के लिए एक निवेदन पर हस्ताक्षर किया ।","वर्ष में, इस सख्त रूप से कैथोलिक देश से दर्जनों फ्रांसीसी विधिनिर्माताओं ने विद्यालय की पुस्तकों से लिंग सिद्धांत वापस लिए जाने हेतु याचिका पर हस्ताक्षर किए हैं।",34.32,Medium,31,28,3
694,"the u.s. website catholic online has also opposed the german law, writing that as the world is being dragged into a new state, where gender is a choice, but sexual activity is not, we reverse two more pillars of civilization.","यह अनुमान लगाया गया है कि दुनिया की तरह एक नयी स्थिति में फँसी जा रही है, लेकिन लैंगिक गतिविधि नहीं है, हम सभ्यता के दो और स्तम्भों को उलट देते हैं।","यू.एस. की वेबसाइट कैथोलिक ऑनलाइन ने भी जर्मनी के इस कानून का यह कहते हुए विरोध किया है, जबकि दुनिया ऐसी अवस्था में जा रही है, जहां पर लिंग स्वयं चुने जाने वाले विकल्प है, लेकिन यौन क्रियाकलाप नहीं, हम सभ्यता के दो और स्तंभों को विपरीत दिशा में ले जा रहे हैं।",28.22,Medium,32,53,21
695,one maryland mother of a newborn also told the baby zone that she would rather see babies assigned gender at birth.,एक नवजात शिशु की माँ ने भी उस शिशु क्षेत्र को बताया कि वह जन्म के समय ही गर्भवती होती ।,मेरीलैंड में नवजात शिशु की मां ने भी बेबी जोन से कहा कि वह बच्चों को जन्म के समय लिंग निर्दिष्ट किया जाना देखना पसंद करेंगी।,28.23,Medium,21,26,5
696,"parenting is stressful enough without extra limitations, especially if you dont know the gender of your child, she told the parenting website.","बच्चों का पालन - पोषण अतिरिक्‍त सीमाओं के बिना काफ़ी है, ख़ासकर यदि आप अपने बच्चे के लिंग को जानते हैं, तो उसने बच्चों की वेबसाइटों को बताया ।","उन्होंने परवरिश के बारे में वेबसाइट पर कहा, अतिरिक्त सीमाओं के बिना ही परवरिश बहुत तनावपूर्ण है, खास तौर पर यदि आपको यह भी न पता हो कि आपके बच्चे का लिंग क्या है।",32.8,Medium,29,34,5
697,children need stability and certainty.,बच्चों को स्थिर और निश्‍चय की ज़रूरत है ।,बच्चों को स्थिरता और निश्चितता की आवश्यकता होती है।,41.8,Medium,9,9,0
698,"historically, children born with both male and female genitalia were called hermaphrodites, named for the handsome greek god who had dual sexuality.","जबकि स्त्री - पुरुष दोनों के साथ उत्पन्‍न बच्चें थे, उन्हें नर और नारी नाम के सुंदर देवता के नाम से जाना जाता था, जिसे दो लैंगिक संबंध रखनेवाले देवता के नाम से जाना जाता था ।","ऐतिहासिक रूप से, पुरुष और महिला दोनों जननांग के साथ जन्म लेने वाले बच्चों को हरमैफ्रोडाइट्स उभयलिंगी कहा जाता था, जो सुन्दर ग्रीक देवता के नाम पर था जो द्विलिंगी थे।",29.9,Medium,37,31,6
699,"and as little as a decade ago, the medical community thought of gender as a slate that could be erased and then redrawn.","और दस साल पहले के रूप में, चिकित्सा समुदाय ने लिंग के बारे में सोचा था जो टूट सकता था और फिर दोबारा निकाले जा सकते थे ।","और लगभग दशक से भी कम समय पहले, चिकित्सा जगत ने लिंग को स्लेट के रूप में माना था जिसे मिटाया और फिर लिखा जा सकता था।",38.42,Medium,28,27,1
700,"but now, many are challenging the ethical basis of surgery, knowing that gender identity is complex, and doctors can sometimes get it wrong, not knowing how a child will feel about their gender assignment when they grow up.","लेकिन अब, अनेक लोग सर्जरी के नैतिक आधार पर चुनौती पा रहे हैं, यह जानते हुए कि नर पहचान जटिल है, और कभी - कभी डॉक्टर इसे ग़लत बना सकते हैं, यह नहीं जानते कि जब वे बड़े होते हैं तब एक बच्चा अपनी ज़िम्मेदारी के बारे में कैसा महसूस करेगा ।","लेकिन अब बहुत से लोग शल्यचिकित्सा की नैतिकता को चुनौती दे रहे है, वे यह समझ रहे हैं कि लिंगपहचान जटिल काम है, तथा कभीकभी चिकित्सकों से भी गलती हो सकती है, जो यह नहीं जानते हैं कि बच्चे बड़े होने पर अपने लिंग निर्दिष्टीकरण के बारे में क्या महसूस करेंगे।",35.98,Medium,52,51,1
701,"back in the middle of the 20th century, it was called a psychiatric emergency, said drescher.","बीसवीं सदी के मध्य में, इसे एक मनोवैज्ञानिक आपातकालीन कहा जाता था ।","ड्रेशर कहते हैं बीसवीं शताब्दी के मध्य में, इसे मनोरोग आपातकाल कहते थे।",41.45,Medium,13,13,0
702,"when these kids were born, you didnt call the psychiatrist, you called a surgeon.","जब ये बच्चे पैदा हुए, आप चिकित्सक को फोन नहीं किया, आप एक सर्जन कहा जाता है.","जब ये बच्चे जन्म लेते थे, तो आप मनोचिकित्सक को नहीं बुलाते थे, आप शल्यचिकित्सक को बुलाते थे।",29.13,Medium,17,18,1
703,"the prevailing theory on how to treat children with ambiguous genitalia was put forward by dr. john money at johns hopkins university, who held that gender was malleable.",इस बात पर ज़ोर दिया गया कि बच्चों के साथ लैंगिक संबंध कैसे रखें ।,"अस्पष्ट जननांग वाले बच्चों के उपचार के बारे में मौजूदा सिद्धांत को जॉन हैपकिन्स विश्वविद्यालय के डॉ. जॉन मनी द्वारा प्रस्तुत किया गया था, जो लिंग को सुनिर्माणनीय मानते थे।",12.37,Bad,15,30,15
704,he coined the term gender identity and argued that social and environmental cues how parents raised a child interacted with a childs genes and hormones to shape whether the person identified as male or female.,उन्होंने इस शब्द का इस्तेमाल किया और तर्क किया कि सामाजिक और पर्यावरण की शिकायतों ने बच्चे के जीन्स और हार्मोन को आकार देने के लिए कैसे एक बच्चे के साथ व्यवहार किया ।,उन्होंने लिंग पहचान शब्द की रचना की तथा तर्क दिया कि सामाजिक और पर्यावरणीय संकेत मातापिता बच्चे की परवरिश कैसे करते हैं बच्चे के जीन और हॉरमोन्स के साथ अंतःक्रिया करके निर्धारित करते हैं कि उसे पुरुष के रूप में पहचाना जाए या महिला के रूप में।,32.27,Medium,34,47,13
705,"but in one 1966 case, known as johnjoan, his theories became controversial.","लेकिन सन्‌ 1966 के एक मामले में, जो योजोन के नाम से जाना जाता है, उसके सिद्धांत विवाद - विषय बन गए ।","लेकिन वर्ष के एक मामले में, जिसे जॉनजोआन के रूप में जाना जाता है, उनके सिद्धांत विवादित बन गए।",56.47,Good,23,19,4
706,"he advised the parents of a boy whose penis had been severed in a botched circumcision to have the child fully castrated, removing his testicles, as well, and to raise him as a girl.",उसने एक ऐसे लड़के के माता - पिता को सलाह दी जिसके गले के खडने में बाल को पूरी तरह कुचल दिया गया था ।,"उन्होंने एक बच्चे, जिसका लिंग लिंगाग्रचर्मउच्छेदन सर्कमसिशन के दौरान दुर्घटनावश लिंग गया था, के मातापिता को सलाह दी कि वे बच्चे का पूर्ण बंध्य करके उसका अंडकोष निकलवा दें तथा उसका लालनपालन लड़की की तरह करें।",20.14,Medium,25,36,11
707,"money presented the case as a successful case of transition, but it was not, said drescher.",लेकिन ऐसा नहीं था ।,"ड्रेशर ने कहा, मनी ने उस मामले को अवस्थांतर के सफल मामले के रूप में प्रस्तुत किया, लेकिन वह ऐसा हुआ नहीं।",8.43,Bad,5,22,17
708,"when the boy was around 15, he transitioned back to a boy and married a woman.","जब वह लड़का करीब 15 साल का था, तो वह एक लड़के के पास वापस गया और उसने एक औरत से शादी कर ली ।"," वर्ष की आयु में, बच्चे ने वापस अपने आपको पुरुष के रूप में बदल लिया तथा एक महिला से विवाह कर लिया।",13.51,Bad,25,22,3
709,"but at 38, he committed suicide.",लेकिन 38 में उसने आत्महत्या कर ली ।,"लेकिन वर्ष की उम्र में, उसने आत्महत्या कर ली।",57.55,Good,8,9,1
710,drescher said that now some doctors are still practicing that model.,उसने कहा कि अब भी कुछ डॉक्टर उस आदर्श का पालन कर रहे हैं ।,ड्रेशर ने कहा कि अभी भी कुछ चिकित्सक उसी प्रतिरूप का पालन कर रहे हैं।,43.93,Medium,15,15,0
711,"but in the 1990s, with the advent of the internet, survivors of these gender surgeries have come forward not happy with the outcome.","लेकिन १९९० के दशक में, इंटरनेट के आगमन के साथ, इन लड़कों के उत्तरजीवी परिणाम से आनन्दित नहीं हुए हैं ।","लेकिन वर्ष के बाद के सालों में इन्टरनेट के आगमन के साथ, इन लिंग शल्यचिकित्सा से गुजरने वाले व्यक्तियों ने सामने आना शुरू कर दिया परिणाम से खुश नहीं।",31.33,Medium,21,29,8
712,"such was the case with jim bruce, a 36yearold writer from montana, who was born with xy male chromosomes but ambiguous genitals.","यह बात मोनाना के एक 36 साल के लेखक, जेना के बारे में भी सच है ।","ऐसा ही मामला मोनटाना के वर्षीय लेखक जिम ब्रूस के साथ था, जो एक्स.वाई. पुरुष गुणसूत्र के साथ जन्मा था, लेकिन उसके जननांग अस्पष्ट था।",11.3,Bad,17,25,8
713,doctors couldnt be sure if he had a large clitoris or a small penis and were convinced he could never live a satisfactory life as a man.,डॉक्टरों को पूरा यकीन हो गया था कि अगर वह एक बड़े - से - छोटे अक्षरों या अक्षरों में पला - बढ़ा है और उसे पूरा यकीन था कि वह कभी एक इंसान के तौर पर संतोषजनक जीवन नहीं जी सकता ।,"चिकित्सकों को स्पष्ट रूप से समझ में नहीं आया कि उसका लिंग छोटा था, या उसका भगशेफ बड़ा था, लेकिन वे निश्चित थे कि वह कभी भी पुरुष के रूप में संतुष्ट जीवन नहीं जी सकता।",27.24,Medium,43,36,7
714,"so shortly after his birth in 1976, bruces external organ and testes were surgically removed and he was raised as a girl.","सन्‌ 1976 में उसके जन्म के कुछ ही समय बाद, बाहरी अंग और परीक्षणों को बंद कर दिया गया और उसे एक लड़की के तौर पर उठाया गया ।","इसलिए वर्ष में उसके जन्म के कुछ समय पश्चात ही, ब्रूस के बाह्य अंग तथा अंडकोष शल्यचिकित्सा द्वारा निकाल दिए गए तथा उसकी परवरिश लड़की की तरह की गई।",25.98,Medium,29,29,0
715,he was given female hormones at age 12.,उसे 12 साल की उम्र में महिला हार्मोन दिया गया था.,उसे वर्ष की आयु में महिला हॉरमोन दिए गए।,36.69,Medium,11,9,2
716,"i knew that i wasnt a girl, he told abcnews.com.","मैं जानता था कि मैं एक लड़की नहीं था, वह Abls कहा.com.","उसने . से कहा, मुझे पता था कि मैं लड़की नहीं हूँ।",40.44,Medium,12,12,0
717,"i was unhappy, but it was really difficult to ask questions.","मैं दुःखी थी, लेकिन प्रश्‍न पूछना सचमुच कठिन था ।","मैं खुश नहीं था, लेकिन प्रश्न करना बहुत कठिन था।",41.5,Medium,10,10,0
718,"at 18, he was set for a vaginoplasty.",अठारह साल की उम्र में उसे एक वायोभिकी के लिए नियुक्‍त किया गया था ।," वर्ष की आयु में, उसके साथ वैजाइनोप्लास्टी होने वाली थी।",14.16,Bad,15,10,5
719,"but depressed and knowing something was wrong, he demanded medical records.","लेकिन हताश और किसी बात को जानते हुए, उसने चिकित्सीय रिकॉर्ड की माँग की ।","लेकिन अवसादग्रस्त तथा कुछ गड़बड़ महसूस करते हुए, उसने चिकित्सकीय अभिलेखों की मांग की।",34.84,Medium,15,14,1
720,what he found out was horrifying.,उसे पता चला कि उसे क्या पता चला.,इससे उसे भयावह सच्चाई का पता चला।,28.43,Medium,8,7,1
721,i was sterilized at birth and no one ever told me.,मैं जन्म पर राज़ी हो गया था और कभी किसी ने मुझे बताया भी नहीं था.,जन्म के समय मुझे बंध्य कर दिया गया तथा किसी ने मुझे कभी नहीं बताया।,36.45,Medium,16,15,1
722,bruce was born with a dsd that prevented his body from producing enough testosterone to properly develop his genitals.,इस बीमारी की वजह से उसके शरीर को काफी जाँच - पड़ताल करने से रोका गया ताकि वह अपने गन्‍ने को सही तरीके से विकसित कर सके ।,"ब्रूस ने डी.एस.डी. के साथ जन्म लिया था, जिसने उसके शरीर को पर्याप्त मात्रा में टेस्टोस्टेरॉन बनाने से रोका, जिसके कारण उसके जननांग उचित तरीके से विकसित नहीं हो पाए।",27.47,Medium,28,30,2
723,"after learning the truth, he changed back to a man, taking testosterone shots and having his breasts removed.","सच्चाई सीखने के बाद, वह एक आदमी के पास वापस गया और जाँच - पड़ताल करने लगा ।","सच्चाई जानने के पश्चात, वह वापस पुरुष बन गया, उसने टेस्टोस्टेरॉन की खुराक ली तथा अपने स्तन हटवा दिए।",18.77,Bad,18,19,1
724,surgery rendered him infertile.,"ऑपरेशन के बाद, उसे श्‍वेत करके रख दिया गया ।",शल्यचिकित्सा के कारण वह बांझ हो गया।,14.74,Bad,10,7,3
725,"today, he advocates for others in an organization called the interface project, trying to normalize perceptions of those who are intersex.","आज, वह एक संगठन में दूसरों का समर्थन करता है जिन्हें इंटरफेस परियोजना कहा जाता है, जो उन लोगों की सामान्य समझ को समझने की कोशिश करता है जो एकता में रहते हैं ।","आज, वह इन्टरफेस प्रोजेक्ट नामक संगठन में इंटरसेक्स व्यक्तियों के बारे में लोगों को अपनी धारणा सामान्य बनाने के लिए समझाता है।",34.33,Medium,34,22,12
726,"but anne tamarmattis, executive director for californiabased legal group advocates for informed choice, worries that the german law invites labeling and stigma.","लेकिन एक सरकारी अधिकारी, कैर्मारी, कैलीनिया के सरकारी निर्देशक, नेलिपिनिया ने इस बात की चिंता की कि यह इलाज करने का हक रखता है या नहीं ।","लेकिन, कैलीफ़ोर्नियाआधारित के विधिक समूह एडवोकेट्स फॉर इन्फॉर्म्ड च्वाइस की अधिशासी निदेशक एनी टैमरमैटिस चिंता व्यक्त करती हैं कि जर्मनी का कानून चिप्पी तथा कलंक आमंत्रित करता है।",20.3,Medium,27,28,1
727,"a lot of activists are concerned that what the german rule will do is encourage parents to make quick decisions and give the child an undetermined, she said.",बहुत से कार्यकर्ता इस बात की चिंता कर रहे हैं कि गर्भ में पल रहे बच्चे को जल्द - से - जल्द फैसले करने का बढ़ावा दिया जाता है ।,"वे कहती हैं, बहुत से एक्टिविस्ट लोगों को लगता है कि जर्मनी का कानून मातापिता को त्वरित निर्णय लेने तथा बच्चे को अनिर्धारित निर्दिष्ट करने के लिए प्रेरित करेगा।",20.42,Medium,30,29,1
728,we are afraid it will encourage intervention.,हम डरते हैं कि यह हस्तक्षेप का प्रोत्साहन देंगे.,हमें डर है कि यह हस्तक्षेप को प्रोत्साहित करेगा।,54.39,Good,9,9,0
729,"we think a better process is assigning male or female sex, then waiting.","हमें लगता है कि एक बेहतर प्रक्रिया है नर या महिला सेक्स, तो इंतज़ार कर रहे हैं.","हमें लगता है कि प्रतीक्षा करने के बजाय, पुरुष या महिला लिंग निर्दिष्ट करना बेहतर प्रक्रिया है।",42.02,Medium,17,17,0
730,"but we havent seen how the law will play out, so all we can do is speculate.","पर हम ने देखा है कि व्यवस्था कैसे खेलेगा, सो हम सब कुछ कल्पना कर सकते हैं.","लेकिन हम नहीं जानते हैं कि कानून किस तरह अपनी भूमिका निभाएगा, इसलिए हम मात्र अनुमान लगा सकते हैं।",15.8,Bad,17,19,2
731,tamarmattis said that her organization supports the australian law because it allows adults to choose to be recognized in a third gender.,टीमारी कहते हैं कि उसका संगठन एक लोक - व्यवस्था का समर्थन करता है क्योंकि यह वयस्कों को तीसरी लिंग में पहचानने का चुनाव करने की अनुमति देता है ।,टैमरमैटिस ने कहा कि उनका संगठन ऑस्ट्रेलियाई कानून का समर्थन इसलिए करता है क्योंकि यह वयस्कों को तीसरे लिंग में पहचाने जाने की अनुमति देता है।,57.9,Good,30,26,4
732,"adults should be able to make their own decisions about legal gender, she said.","बड़े लोगों को कानूनी लड़का के बारे में अपने फैसले खुद करने चाहिए, उसने कहा ।","उन्होंने कहा, विधिक लिंग के बारे में वयस्कों को अपना स्वयं का निर्णय लेने में सक्षम होना चाहिए।",25.24,Medium,16,18,2
733,german law is about assigning it at birth.,जन्म के वक्‍त इसे बनाने का नियम होता है ।,जर्मनी का कानून इसे जन्म के समय निर्दिष्ट करने से सम्बन्धित है।,18.79,Bad,10,12,2
734,that is not a battle young children should have to take up at this point.,यह सच है कि बच्चों को इस वक्‍त युद्ध में हिस्सा नहीं लेना चाहिए ।,यह इस समय पर नवजात बच्चों द्वारा लड़ी जाने वाली जंग नहीं है।,20.27,Medium,15,13,2
735,"when they are grown, they can make decisions about their own bodies.","जब वे बड़े हो जाते हैं, तब वे अपने शरीर के बारे में निर्णय ले सकते हैं ।","बड़े होने पर, अपने शरीर से सम्बन्धित निर्णय वे स्वयं ले सकते हैं।",42.64,Medium,18,13,5
736,"but dr. arlene baratz, a pittsburgh breast radiologist who has a daughter with a disorder of sexual development and helps hundreds of others in a support group, said the german law will empower both parents and children.",लेकिन डी. एन. ए. ए. ए. ए. डी. डी.,"लेकिन पिट्सबर्ग की स्तन रेडियोलॉजिस्ट डॉ. एर्लीन बाराट्ज जिनकी बेटी को यौन विकास विकार है, तथा जो समर्थन समूह में सैकड़ों अन्य लोगों सहायता करती हैं, ने कहा कि जर्मनी का कानून मातापिता तथा बच्चों दोनों को शक्ति प्रदान करेगा।",2.74,Bad,9,40,31
737,"baratzs daughter katie was born with male chromosomes, but has a dsd called complete androgen insensitivity syndrome.",बाराट्‌स की बेटी कासी का जन्म नरज़ों के साथ हुआ था ।,"बाराट्जी की बेटी कैटी पुरुष गुणसूत्रों के साथ पैदा हुई थी, लेकिन उसे पूर्ण एन्ड्रोजन असंवेदनशीलता संलक्षण नामक डी.एस.डी. था।",18.55,Bad,12,20,8
738,"because her androgen receptors are faulty, katie developed female characteristics.","इसलिए कि उसके औरत के गुण ग़लत हैं, कात्या विकसित महिला विशेषताएँ विकसित कर रही है ।","चूंकि उसके एन्ड्रोजन ग्राही में दोष था, इसलिए कैटी में महिला अभिलक्षण विकसित हुए।",25.55,Medium,17,14,3
739,"she has a vagina, but no uterus or ovaries.","वह एक macuta है, लेकिन कोई नल या ovas नहीं है.",उसके शरीर में योनि तो है लेकिन गर्भाशय या डिंबग्रंथि नहीं है।,16.34,Bad,11,12,1
740,"now at 29, katie is married and at the university of pennsylvania, a resident in child psychiatry.",अब 29 साल की है ।,अब वर्षीय कैटी विवाहित है तथा पेनसिलवैनिया विश्वविद्यालय में बाल मनोविज्ञान विभाग में रेज़िडेंट है।,3.57,Bad,6,15,9
741,"though she is infertile, she hopes to become a parent through adoption or gestational surrogacy.",वह अपने माता - पिता को गोद में लेने या गोद लेने के ज़रिए माँ बनने की उम्मीद करती है ।,"यद्यपि कि वह बांझ है, लेकिन वह गोद लेने अथवा गेस्टेशनल सरोगेसी के माध्यम से माँ बनने की उम्मीद करती है।",38.92,Medium,21,21,0
742,"the law gives parents some space not to have to rush into making decisions themselves, said baratz.",कानून माता - पिताओं को कुछ जगह देता है कि वे खुद फैसले करने के लिए जल्दबाज़ी न करें ।,"बाराट्ज ने कहा, यह कानून मातापिता को इस बात की सुविधा देता है कि वे जल्दबाजी में अपने आप कोई निर्णय न लें।",32.17,Medium,20,23,3
743,it gives them the time to do some tests and figure it out and a period of time before they write male or female.,यह उन्हें कुछ परीक्षण करने का समय देता है और यह पता लगाने के लिए समय देता है और एक अवधि से पहले वे नर या मादा लिखते हैं ।,"यह उन्हें, पुरुष या महिला लिखने से पहले कुछ परीक्षण द्वारा उचित तरीके से समझने और समय प्रदान करता है।",34.3,Medium,30,20,10
744,"this way, you are ok raise the child, love the child.","इस तरह, तुम ठीक बच्चे को बड़ा कर रहे हैं, बच्चे को प्यार.","इस तरह, आप ठीक रहते हैं बच्चे की परवरिश करें, बच्चे से प्यार करें।",35.74,Medium,13,14,1
745,you have a wonderful baby and enjoy the fun.,आप एक अद्भुत बच्चा है और मज़ा आता है.,आपके पास प्यारा बच्चा है और उसका मज़ा लें।,29.32,Medium,9,9,0
746,we dont have to rush into surgery that is irreversible.,हमें सर्जरी में जल्दी नहीं करनी चाहिए कि अनबन है.,हमे जल्दबाजी में ऐसी शल्यचिकित्सा नहीं करवाने की ज़रूरत नहीं है जिसे वापस नहीं किया जा सकता।,17.18,Bad,10,17,7
747,"it brings the children into the decision and takes away the anxiety that motivates parents because they dont feel they are doing the right thing, she said.","यह बच्चों को निर्णय में लाता है और ऐसी चिन्ता को दूर करता है जो माता - पिता को प्रेरित करती है क्योंकि वे नहीं सोचते कि वे सही काम कर रहे हैं, उसने कहा ।","उन्होंने कहा, यह निर्णय लेने की प्रक्रिया में बच्चों को लाता है तथा मातापिता को अभिप्रेरित करने वाली दुश्चिंता से मुक्त करता है क्योंकि वे यह नहीं मानते कि वे ठीक कर रहे हैं।",41.44,Medium,36,34,2
748,"ultimately, the child will decide which sex he or she feels more comfortable with and thats a wonderful thing.","आखिर में, बच्चा तय करेगा कि वह किस तरह सेक्स करता है ।","अंततः, बच्चा निर्धारित करेगा कि वह किस लिंग के साथ अधिक सहज है तथा यह बहुत अच्छी बात होगी।",25.91,Medium,13,19,6
749,it empowers children to make the decision for themselves.,यह बच्चों को अपने लिए निर्णय करने के लिए शक्‍ति देती है ।,यह बच्चों को अपने स्वयं के लिए निर्णय लेने में सक्षम बनाता है।,47.56,Medium,13,13,0
750,"on behalf of the ramnagar tehsil legal services committee and under the chairmanship of the committee chairman, ramnagar subjudge sandip kaur, a legal awareness camp was organised at the middle school, dalher in ramnagar.",एक कानूनी सूचना शिविर को मध्य स्कूल में एक कानूनी सूचना शिविर में भेज दिया गया ।,तहसील लीगल सर्विसेज कमेटी रामनगर की ओर से कमेटी की चेयरमैन एवं रामनगर की सब जज संदीप कौर की अध्यक्षता में रामनगर के मिडिल स्कूल दलहेर में कानूनी जागरूकता शिविर आयोजित किया गया।,17.62,Bad,17,33,16
751,in this camp awareness was raised about the right to education and information for financially underprivileged people.,इस शिविर में लोगों को प्रचार करने और उन्हें सिखाने के अधिकार के बारे में बहुत सारी जानकारी दी गयी ।,जिसमें विद्यार्थियों व अन्य लोगों को शिक्षा के अधिकार व आर्थिक रूप से पिछड़े लोगों के लिए कानून की जानकारी दी गई।,28.85,Medium,21,22,1
752,"advocate m.l. gupta, rohin bharadwaj and sarpanch presented their views on the subject and gave lectures to the people in the camp.",इस विषय पर उन्होंने अपने विचार पेश किए और शिविर के लोगों को भाषण दिए ।,"शिविर में एडवोकेट एमएल गुप्ता, रोहिन भारद्वाज, व सरपंच ने उक्त विषय पर बोलते हुए लोगों को जागरूक किया।",21.2,Medium,16,19,3
753,a large number of villagers attended the camp.,कई गाँववाले शिविर में हाज़िर हुए ।,कार्यक्रम में बड़ी संख्या में गांववासी मौजूद थे।,10.53,Bad,7,8,1
754,report obama campaign considered dumping biden for hillary clinton,द्रामामा अभियान ने पहाड़ी केलेटन के लिए टेटनन को डंप करने का अभियान माना,रिपोर्टः हिलेरी क्लिंटन के लिए बिडेन डंपिंग ओबामा अभियान पर विचार ।,27.25,Medium,14,12,2
755,"president barack obamas closest advisers secretly considered replacing vice president joe biden with hillary clinton on the 2012 ticket, according to the new york times.","अध्यक्ष बार्बास ने गुप्त रूप से उपभागियों को सन्‌ 2012 के नए योर्क समय के अनुसार, द न्यू यॉर्क टाइम्स में द टाइम्स ऑफ द टाइम्स ऑफ द न्यू यॉर्क टाइम्स्‌ में पेश किया ।",न्यूयॉर्क टाइम्स के अनुसार राष्ट्रपति बराक ओबामा के करीबी सलाहकारों ने चुपके से उपराष्ट्रपति पद केलिए बिडेन की जगह पर हिलेरी क्लिंटन पर विचार किया टिकट के लिए ।,23.74,Medium,35,29,6
756,"the revelation is the most notable bombshell from mark halperin and john heilemanns heavily anticipated 2012 campaign tome, double down game change 2012.",इसका प्रदर्शन सन्‌ 2012 में हुआ था ।,"रहस्योद्घाटन मे सबसे उल्लेखनीय धमाका है की मार्क हलपेरीन और जॉन हेलेमंन द्वारा भारी प्रत्याशित अभियान टोम, डबल डाउन खेल बदलें .",4.8,Bad,8,22,14
757,the times obtained a copy of the forthcoming book and reported thursday evening that the presidents top aides conducted extensive groupsessions and polling in late 2011 to gauge whether the dumping biden could help bolster obamas waning reelection hopes.,सन्‌ 2011 के आखिर में राष्ट्रपतिों ने बड़ी तादाद में लोगों के साथ मिलकर काम किया ।,टाइम्स ने आगामी पुस्तक की एक प्रति प्राप्त की और गुरुवार शाम बताया कि राष्ट्रपति के शीर्ष सलाहकारों व्यापक समूहसत्रों और देर में पोलिंग आयोजित किया जानने के लिए के ओबामा की फिर से चुनाव की गिरती उम्मीद मे क्या डंपिंग बिडेन मदद कर सकता है ।,12.01,Bad,17,47,30
758,"according to the times national political correspondent jonathan martin, the book provides a thorough account of the effort by senior officials inside the campaign and the white house, namely former white house chief of staff bill daley, to measure what effect swapping former secretary of state clinton for the vice president would have in the polls.","कभी - कभी राष्ट्रीय राजनैतिक राजनैतिक डॉनान के अनुसार, पुस्तक अभियान के अंदर वृद्ध अधिकारियों द्वारा किए गए प्रयास के बारे में विस्तृत विवरण देती है ।","टाइम्स राष्ट्रीय राजनीतिक संवाददाता जोनाथन मार्टिन के अनुसार किताब पूरी जानकारी बताती है मुख्य अधिकारियो के अभियान मे प्रयास की और वाइट हाउस, नाम के लिए पूर्व वाइट हाउस स्टाफ के प्रमुख बिल डाले, यह जानने के लिए की पूर्व राज्य की सेक्रेटरी क्लिंटन का वाइस प्रेसीडेंट से बदलाव पोल पर क्या प्रभाव करता है ।",22.25,Medium,27,56,29
759,the potential switch was a closely guarded secret within the chicago campaign infrastructure and inside the oval office.,"इसके अलावा, यह भी देखा जा सकता है कि इन्हें बनाने के लिए वे क्या कर सकते हैं ।",संभावित स्विच एक बहुत सुरक्षित रहस्य था शिकागो अभियान के बुनियादी ढांचे के भीतर और ओवल ऑफिस के अंदर ।,12.73,Bad,19,20,1
760,"only half a dozen of the presidents closest advisers including daley, former obama campaign chief jim messina, and former white house senior advisers david axelrod and david plouffe knew the change was under consideration.",इनमें से सिर्फ आधे राष्ट्रपति ही हैं जो इस बदलाव को ध्यान में रखते हैं ।,"केवल आधा दर्जन राष्ट्रपति के करीबी सलाहकार डाले सहित, पूर्व ओबामा अभियान प्रमुख जिम मैसिना, और पूर्व व्हाइट हाउस वरिष्ठ सलाहकारों डेविड आक्सलरॉड और डेविड पलौूफफे के परिवर्तन विचाराधीन था पता था।",11.14,Bad,16,32,16
761,"double down claims daley spearheaded the effort to replace biden, despite their close personal rapport, before ultimately deciding against the move when their data showed adding clinton to the ticket wouldnt materially improve obamas odds.",इस वजह से वे अपनी मंज़िल तक पहुँच सकते थे ।,डबल डाउन दावा करते है की डाले ने बिडेन को बदलने का प्रयास किया उनके व्यक्तिगत तालमेल के बावजूद अंततः निर्णय लेने से पहले जब उनकी जानकारी बता रही थी की क्लिंटन के टिकेट से ओबामा के हालात में सुधार नही होगा ।,4.24,Bad,11,43,32
762,"in an interview with martin, daley confirmed that the administration did in fact consider replacing biden with clinton.","वॉटिन के साथ इंटरव्यू में, डॉली ने इस बात की पुष्टि की कि प्रशासन ने वास्तव में कोलिनटन के बदले में किया ।","मार्टिन के साथ एक साक्षात्कार में, डाले ने पुष्टि की है कि प्रशासन वास्तव में बिडेन के साथ क्लिंटन की जगह पर विचार किया था।",36.56,Medium,23,25,2
763,"i was vocal about looking into a whole bunch of things, and this was one of them, daley told the paper.","मैं चीजों के एक पूरे गुच्छा में देखने के बारे में आवाज़ कर रहा था, और यह उनमें से एक था, डाली ने कागज को बताया.","मेने पूरे दृश्य को नज़र मे रखते हुए कहा, और उनमें से एक, यह था डाले ने समाचार पत्र से कहा।",26.56,Medium,26,21,5
764,"you have to remember, at that point the president was in awful shape, so we were like, holy christ, what do we do?","तुम्हें याद रखना है, उस बिंदु पर राष्ट्रपति भयंकर आकार में था, तो हम, पवित्र क्लोट की तरह थे, हम क्या करते हैं?","तुम्हें याद है, कि उस समय राष्ट्रपति पद ख़तरे मे था तो हम इस तरह की स्तिथि मे थे की, पवित्र मसीह, हम और क्या करेंगे?",37.44,Medium,23,26,3
765,"while daley characterized the research as due diligence, martin told cnns anderson cooper that the reelection campaign made a significant investment in finding out whether the move would pay dividends at the polls.","जब डॉली ने खोज की, तब सेलेन ने कहा कि फिर से चुनाव के अभियान ने यह पता लगाने में एक महत्त्वपूर्ण निवेश किया कि क्या कदम उठाना होगा ।","जबकि डाले ने रिसर्च को सावधानी के रूप में बताया , मार्टिन ने के एंडरसन कूपर को बताया था की फिर से चुनाव अभियान ने महत्वपूर्ण निवेश किया यह ढूँढने मे की यह दाव कितना लाभांश देगा पोल होने पर।",31.89,Medium,30,40,10
766,"campaigns dont spend the kind of money on polling and focus groups unless theyre seriously considering something, martin said on ac360.",जब तक वे किसी बात पर गंभीरता से विचार नहीं करते तब तक अभियानों का खर्च नहीं उठाते ।," अभियान पैसो की तरह मतदान और ध्यान केंद्रित समूहों पर नहीं खर्च करते जब तक कि वे गंभीरता से कुछ पर विचार कर रहे हैं, मार्टिन ने एसी पर कहा।",25.11,Medium,19,30,11
767,"its unclear, however, whether obama knew his team was exploring the swap.","लेकिन, उसकी कल्पनापूर्णता, चाहे उसकी टीम को पता था कि क्या उसकी टीम की ओर मुड़ रही थी ।","यह अस्पष्ट है, हालाकी, क्या ओबामा जानते थे की उनकी टीम बदलाव ढूँढ रही है।",18.21,Bad,19,15,4
768,martin told cnn that he asked daley whether his thenboss knew about the potential shuffle.,मार्टिन ने डॉली से कहा कि क्या उसके उस वक्‍त के जंगलों को इस बीमारी के बारे में पता था या नहीं ।,मार्टिन ने सीएनएन को बताया कि उन्होने डाले से पूछा क्या उनके बॉस को संभावित फेरबदल के बारे में पता था?,35.34,Medium,23,21,2
769,"while daley said he doesnt think the president was aware of the potential change, the former chief of staff admitted that its possible obama knew.","जब डॉली ने कहा कि वह राष्ट्रपति को नहीं लगता कि वह संभव परिवर्तन के बारे में जानता है, तब कर्मचारियों के भूतपूर्व प्रधान ने स्वीकार किया कि इसकी संभावना है कि यह संभवतः ब्लू जानता था ।","जबकि डाले ने कहा कि उन्हे नही लगता की राष्ट्रपति को संभावित परिवर्तन के बारे में पता था ,पूर्व चीफ ऑफ स्टाफ ने माना की यह संभव है कि यह ओबामा को पता था ।",44.34,Medium,38,35,3
770,martin added that double down does not definitively answer whether the political probing reached obamas desk.,मार्टिन ने आगे कहा कि दोहरे नीचे यह निश्‍चित रूप से उत्तर नहीं देता कि राजनीतिक जाँच ओबामा डेस्क तक पहुँच गयी है या नहीं ।,डबल डाउन निश्चितः उत्तर नहीं देगी की क्या राजनीतिक जांच कर ओबामा की डेस्क पर पहुची? मार्टिन ने और बताया।,41.4,Medium,26,20,6
771,cooper asked martin whether he seriously thought obama did not know about the research into dumping biden from the ticket.,कोऑपरिन ने मार्टिन से पूछा कि क्या उसने गंभीरता से विचार किया कि टिकट से बोलीन में अनुसंधान के बारे में पता नहीं था ।,कूपर ने मार्टिन से पूछा कि क्या उन्होंने गंभीरता से सोचा की ओबामा बिडेन डंपिंग टिकट अनुसंधान के बारे में पता नहीं था।,62.58,Good,25,23,2
772,"possibly, martin replied.","शायद, मार्टिन ने जवाब दिया ।","संभवतः, मार्टिन ने कहा।",44.19,Medium,6,4,2
773,fancy a glowinthedark ice cream?,एक अंधेरे आइसक्रीम की कल्पना करें?,ग्लो इन दी डार्क आइस क्रीम पसंद है?,26.96,Medium,6,8,2
774,a british entrepreneur has created the worlds first glowinthedark ice cream using jellyfish.,"एक मशहूर जाल - चालक ने दुनिया - भर में सबसे पहले धूपदार आइसक्रीम बनायी है, जो कि मछली पकड़ने के लिए होती है ।",एक ब्रिटिश उद्यमी ने दुनिया की सबसे पहले ग्लो इन दी डार्क आइस क्रीम जेलिफ़िश का उपयोग कर बनाया है।,31.75,Medium,25,20,5
775,charlie francis has harnessed the fluorescent properties of the marine animal to develop the luminescent snack.,"ये छोटे - छोटे जीव - जंतुओं की तरह होते हैं, जिन्हें सूरज की रोशनी से जाना पड़ता है ।",चार्ली फ्रांसिस ने बेहतरीन नाश्ते का विकास करने के लिए समुद्री जानवर के भरपूर फायदा उठाया है।,11.87,Bad,20,17,3
776,he came up with the idea after reading a research paper on jellyfish and convinced scientists in china to chemically recreate the glowing protein.,उसने यह भी समझा कि यह प्रोटीन किस तरह तैयार किया जाता है ।,उसे यह विचार जेलिफ़िश पर एक शोध पत्र पढ़ने के बाद आया और चीन के आश्वस्त वैज्ञानिकों ने रासायनिक चमक का उपयोग को प्रोटीन को पुनः चमकाने पर किया.,13.19,Bad,14,29,15
777,the ice cream reacts with the eaters tongue raising the ph level in the protein and making it glow.,आइसक्रीम प्रोटीन में से प्रत्येक स्तर को ऊँचा करती है और उसे तेज़ करती है ।,"आइस क्रीम, खानेवाले कि जीभ के साथ प्रतिक्रिया करके प्रोटीन का पीएच स्तर बढ़ा देंगे और आइसक्रीम चमक जाएगी.",23.88,Medium,16,19,3
778,"chris says because the ice cream lights up when it reacts with the heat of the mouth it means the more you lick, the brighter it becomes.","अगर आप अपने मुँह की गर्मी की वजह से आइसक्रीम को तेज़ करते हैं, तो यह तेज़ हो जाता है ।","क्रिस कहते हैं कि आइसक्रीम मुंह की गर्मी से प्रतिक्रिया करने के साथ प्रज्ज्वलित होती है , अर्थात जीतना ज़्यादा चाटोगे, उतना ज़्यादा यह प्रज्ज्वलित होगी.",19.96,Bad,21,26,5
779,"charlie, founder of the lick me im delicious ice cream company, said it is incredible stuff but still at very early days in terms of production, so 200 gets you about 2g of the stuff.","नाटक कंपनी के संस्थापक, मुझे स्वादिष्ट आइसक्रीम कंपनी के संस्थापक, कहा कि यह अविश्वसनीय है लेकिन अभी भी उत्पादन के संदर्भ में बहुत ही जल्दी दिनों में, तो 200 आप सामान के बारे में 2g हो जाता है.",लिक मी आई एम डेलिसियस आइसक्रीम कंपनी के संस्थापक चार्ली ने कहाः यह अविश्वसनीय चीज़ है पर शुरुआती दिनों के उत्पादन से लगभग २ ग्राम सामान मिलेगा.,40.25,Medium,38,27,11
780,the protein we are using in the ice cream reacts with your tongue at neutral ph.,हम आइसक्रीम में उपयोग कर रहे हैं गैर - साक्षियों में आपकी जीभ के साथ.,जो प्रोटीन हम आइसक्रीम मे इस्तेमाल कर रहे है वह जीभ मे न्यूट्रल पीएच के साथ प्रतिक्रिया करेगी.,29.83,Medium,15,18,3
781,so as your mouth warms up the protein it will raise the ph level and the ice cream will glow.,"जैसे - जैसे आपका मुँह प्रोटीन गर्म हो जाता है, वैसे - वैसे यह आपके मुँह में होता है और आइसक्रीम बढ़ती जाएगी ।",जैसे ही मुँह गर्म होता है प्रोटीन पीएच स्तर बढ़ा देंगे और आइसक्रीम चमक जाएगी।,42.96,Medium,24,15,9
782,we have been testing it out over the past few months and it seemed perfect to share it over halloween because it gives that wonderful glow effect.,हम इसे पिछले कुछ महीनों के दौरान परीक्षण कर रहे हैं और ऐसा लग रहा था कि इसे पवित्रीकरण से ज़्यादा पूर्ण रूप से हिस्सा लेना पूर्ण प्रतीत हुआ है क्योंकि यह उस अद्‌भुत चमक का प्रभाव देता है ।,हम पिछले कुछ महीनों से परीख्रण कर रहे है और इसे हेलोवीन पर साझा करने के लिए एकदम सही लग रहा है क्योंकि यह अद्भुत चमक प्रभाव देता है,46.79,Medium,40,29,11
783,it is probably the most expensive ice cream i have made because the jellyfish luminescence is four times more expensive than gold.,"यह शायद सबसे महँगी आइसक्रीम है जो मैंने बनायी है, क्योंकि यह बहुत महँगी होती है, क्योंकि यह सोने से चार गुना ज़्यादा महँगी होती है ।",यह शायद सबसे महंगी आइसक्रीम होगी जो मेने बनाई है क्योंकि जेलिफ़िश की चमक सोने से चार गुना अधिक महंगी है,48.22,Medium,27,21,6
784,so each scoop costs me around 140.,तो हर नुकसान का खर्च 140 के आसपास मुझे.,तो प्रत्येक स्कूप की लागत मुझे आती है पाउंड के आसपास ।,20.79,Medium,9,12,3
785,it tastes pretty good though.,यह हालांकि सुंदर स्वाद.,हालांकि स्वाद बहुत अच्छा है।,38.26,Medium,4,5,1
786,"charlies experimental company, based in bristol, is famed for its unusual flavours including beer, cheese, beef and gold leaf.","इन्हें बियर, पनीर और सोने के पत्ते भी कहा जाता है ।","चार्ली की ब्रिस्टल में आधारित प्रयोगात्मक कंपनी, बियर, पनीर, मांस और सोने की पत्ती सहित असामान्य स्वाद के लिए प्रसिद्ध है।",18.74,Bad,12,21,9
787,but his next creation is set to be even more ambitious.,लेकिन उसकी अगली सृष्टि पर अधिक क़ाबू पाने के लिए सेट किया जाता है।,लेकिन उसकी अगली रचना और भी अधिक महत्वाकांक्षी साबित होनेवाली है।,31.63,Medium,14,11,3
788,he said i really want to develop an invisible ice cream.,उन्होंने कहा कि मैं वास्तव में एक अदृश्य आइसक्रीम विकसित करना चाहते हैं।,उन्होंने कहाः मैं वास्तव में एक अदृश्य आइस क्रीम विकसित करना चाहता था.,85.76,Good,13,13,0
789,"it is inherently impossible because of the refraction caused by the ice crystals which make up the ice cream, but i reckon we will find a way of doing it.","यह स्वाभाविक रूप से असंभव है क्योंकि बर्फ़ के क्रिस्टलों द्वारा उत्पन्‍न किए गए सुधार के कारण, जो आइसक्रीम बनाते हैं, लेकिन मुझे लगता है कि हम इसे करने का एक तरीका ढूँढ़ लेंगे ।","यह स्वाभाविक असंभव है बर्फ क्रिस्टल के कारण जो आइसक्रीम के उपर अपवर्तन बनाते है, लेकिन मुझे लगता है हमे इसे करने का एक रास्ता मिल जाएगा।",54.93,Good,35,27,8
790,"the ice cream harnesses the fluorescent properties of a jellyfish, synthesized by chinese scientists","आइसक्रीम एक झिलिश मछली के फंूँधक गुण को बनाती है, जो कि अंतरिक्षीय वैज्ञानिकों द्वारा निर्मित होती है","आइस क्रीम एक जेलिफ़िश के प्रतिदीप्त गुण की उपयोगिता है, जो चीनी वैज्ञानिकों द्वारा संश्लेषित की गयी है",39.13,Medium,18,18,0
791,rani bagh market was packed with customers.,उसने कहा: “मुझे बहुत अच्छा लगा ।,रानी बाग मार्केट में ग्राहकों से पूरा बाजार अटा पड़ा था।,6.36,Bad,7,11,4
792,the situation was such that people had to wait from 15 to 20 minutes to buy utensils.,स्थिति ऐसी थी कि लोगों को बरतनों को खरीदने के लिए १५ से २० मिनट तक इंतज़ार करना पड़ा ।,हाल यह था कि बर्तन खरीदने के लिए लोगों को से मिनट तक का इंतजार करना पड़ा।,51.05,Good,20,17,3
793,"the same was the case in vajirpur, avantika market, rohini, naharpur, ashok vihar, the central market, and the central market in prashant vihar.","यही मामला था कि वेवधिया बाज़ार में, एक गैर - ईसाई बाज़ार में, श्‍वेत लोगों का माल, रंगाई, दमांग, मध्य बाजार, और पिकचकचक में मध्य बाजार ।","यही हाल वजीरपुर, अवंतिका रोहिणी, नहारपुर, अशोक विहार सेंट्रल मार्केट, व प्रशांत विहार स्थित सेंट्रल मार्केट में रहा।",13.38,Bad,27,18,9
794,"there was a similar scene in the jewellery shops in pitampura, ashok vihar, and model town.","खुदाई करने के बाद, उसने अपने साथ एक बाइबल अध्ययन शुरू किया ।","कुछ ऐसा ही नजारा पीतमपुरा, अशोक विहार, मॉडल टाउन के सर्राफा दुकानों पर भी देखने को मिला।",10.7,Bad,13,17,4
795,many people were shopping for gold and silver ornaments and coins.,बहुत - से लोग सोने और चाँदी के गहने और सिक्के खरीदने के लिए खरीदारी कर रहे थे ।,यहा भी लोगों ने सोने और चांदी के गहनों व सिक्कों की जमकर खरीदारी की।,38.19,Medium,19,15,4
796,"because of this, the outer ring road, along with other markets, were jammed with traffic.","इसके कारण, बाहरी अंगूठी सड़क, साथ ही अन्य बाजारों के साथ, ट्रैफिक जाम हो रहे थे ।",इस कारण बाहरी रिंग रोड सहित अन्य बाजारों में जाम भी लगा रहा।,34.73,Medium,17,13,4
797,because of this people leaving the office had to spend hours in traffic jams on their way home.,इसलिए उन लोगों को अपने घर पर ट्रैफिक जाम में घंटों बिताने पड़े ।,हालांकि आफिस से घर के लिए निकले लोगों घर पहुंचने के लिए घंटों जाम में बिताने पड़े।,36.67,Medium,14,17,3
798,halloween 2013 by the numbers,सन्‌ 2013 की सजग होइए!,हेलोवीन संख्याओ द्वारा,5.1,Bad,5,3,2
799,"when i was little, halloween was magical.","जब मैं छोटा था, तो पवित्रीकरण जादुई था.","जब मैं छोटा था, हैलोवीन जादुई था।",56.03,Good,8,7,1
800,"my sister and i were allowed to eat candy, stay up late and play dressup for the neighborhood.",मुझे और मेरी बहन को घर के आस - पास के लिए देर से और कपड़े पहनने की इजाज़त थी ।,"मेरी बहन और मैं कैंडी खाने, देर से चुप रहने और खेलने के ड्रेस अप पड़ोस के लिए खेलने के लिए अनुमति दी गई ।",23.49,Medium,21,25,4
801,"nowadays, ive become more of a scrooge.","आज, पागल बन जाते हैं.","आजकल, मैं एक लोभी से और अधिक हो गया हु",7.57,Bad,5,10,5
802,i havent signed up for the past two years to give out candy in my apartment and probably wont this year.,मैं पिछले दो साल के लिए ऊपर हस्ताक्षर किया है मेरे घर में मिठाई देने के लिए और शायद इस साल का अभ्यास.,मैं पिछले दो साल के लिए मेरे अपार्टमेंट से कैंडी बाहर देने के लिए साइन इन भी नहीं किया और शायद इस साल तो नहीं ही होगा।,43.25,Medium,23,27,4
803,but stats show that im a black sheep when it comes to halloween.,"लेकिन भारत यह दिखाता है कि जब एक काले भेड़ों की उन्‍नति होती है, तो वे दिखाते हैं कि उन्हें पवित्र करने की ज़रूरत है ।",लेकिन आँकड़े बताते हे की मे एक काली भेड़ हू जब हालोवोवेन आती हे,24.84,Medium,26,14,12
804,"the majority of americans 158 million of them in fact will be celebrating halloween this year, spending a total of 6.9 billion on candy, costumes and decorations, according to the national retail federation.","असल में, इनमें से अधिकांश जीव - विज्ञानी इस साल का उत्सव मना रहे होंगे, और इस साल कुल ६.९ अरब कृषकों, पोशाकों और सजावट पर, राष्ट्रीय भोजन - सामग्री के अनुसार, कुल मिलाकर ६.९ अरब डॉलर खर्च करेंगे ।","नॅशनल रीटेल फेडरेशन के अनुसार , ज़्यादातर अमेरिकन्स वास्तव मे मिलियन इस बार हेलोवीन मना रहे हे।, . बिलियन केंडीऔर वेशभूषा और सजावट पर खर्च करेंगे।",31.31,Medium,40,26,14
805,one thing i do look forward to every halloween are the trends.,एक बात जो मैं हर शुद्ध भाषा की उत्सुकता से प्रत्याशा करता हूँ वह है ।,एक चीज़ जो मे हमेशा देखता आया हू वो है हर . हेलोवीन की प्रवृतियाँ।,14.75,Bad,16,15,1
806,"costumes are expected to account for 1.2 billion dollars out of the 6.9 billion spent, according to the nrf.","एन. ए. के अनुसार, १.१ अरब डॉलर खर्च किए जाने के लिए पोशाकों की अपेक्षा की जाती है ।", के अनुसार कुल खर्च . बिलियन मे से पोशाक के खर्च का अंदाज . बिलियन है,27.39,Medium,19,16,3
807,"this year, sexy inanimate objects are all the rage.","इस साल, सेक्सी निर्जीव वस्तुएँ सभी क्रोध कर रहे हैं.",इस साल सेक्सी निर्जीव वस्तुओ से सभी क्रोधित है।,64.19,Good,10,9,1
808,"women dont have to be sexy professionals anymore they can also be sexy foods like pizza, hamburgers and carrots.","महिलाओं को अधिक सेक्सी पेशेवर होना चाहिए... ... वे भीख़ुदा के जैसे लैंगिक भोजन किया जा सकता है, हैमबर्गर्स और काररोट की तरह.","महिलाओ को वैश्यावृति नही करनी पड़ती क्योकि वो तो सेक्सी खाना जेसे की पिज़्ज़ा, हॅमबर्गर्स और गाजर भी है",27.73,Medium,23,19,4
809,"as for men, i expect we will be seeing a lot of zombies, thanks to the walking dead and ill bet the daft punk space men will make it into our instagram feeds this year.","पुरुषों के रूप में, मैं उम्मीद करता हूँ कि हम बहुत से zmamams देख रहे हैं, मृत चलने के लिए धन्यवाद और बीमार स्थानों के लिए धन्यवाद, पुरुषों यह हमारे sucks में इस साल कर देगा.","मर्दो के लिए मे आशा करता हु की बहुत सारे ज़ॉंबीस,और शुक्रिया चलते मुर्दो की बदोलत अंतरिक्ष पुरुषो के लिए हमारे इंस्टाग्राम फीड्स बनाएगा इस साल।",23.1,Medium,36,26,10
810,"according to google, the highest searched costumes are zombies, batman, pirates and witches.","Pooolele के अनुसार, सबसे ऊँची खोज पोशाकों zimmens, Bamenman, समुद्री डाकू और जादूगर हैं.","गूगल के अनुसार सबसे ज़्यादा ढूंढी जानेवाली पोशाक ज़ॉंबीस, बॅटमॅन, लुटेरे और चुड़ेले होंगी।",19.44,Bad,14,14,0
811,i guess theres nothing wrong with going traditional.,मुझे लगता है पारंपरिक जाने के साथ कुछ भी गलत नहीं है.,मेरा अनुमान है की पारंपरिक होने मे कोई बुराई नही है।,24.96,Medium,12,11,1
812,we dressed our dogs up last year and to my amazement we were not alone.,हम पिछले साल अपने कुत्तों के कपड़े पहने हुए थे और हम अकेले नहीं थे ।,पिछले साल हमने कुत्तो को पोशाक पहनाई और अश्चर्य से हम अकेले नही थे।,43.58,Medium,16,14,2
813,"in fact, americans will spend 330 million on pet costumes this year, according to the nrf.","दरअसल, एन. एफ. आई.", अनुसार अमेरिकी लोग सचमुच मिलियन खर्च करेंगे पालतू पोशाको के लिए।,2.53,Bad,4,11,7
814,thats a lot of ironic hotdog dogs.,यह बहुत ही गर्म कुत्ता है.,यही विडंबना है की बहुत सारे होट्डॉग कुत्तो के साथ है।,17.7,Bad,6,11,5
815,"when it comes to candy, we dont screw around.","जब यह मिठाई के लिए आता है, हम चारों ओर खराब नहीं है.",जब कैंडीकी बात आती है तब हम आसपास नही देखते।,12.14,Bad,13,10,3
816,"americans will spend 1.9 billion on it this year, according to the nielsen company.","एनीसीन कंपनी के अनुसार, इस साल इस साल 1,9 अरब डॉलर खर्च करेंगे.",निलसेन कंपनी के अनुसार अमेरिकन्स इस साल . बिलियन खर्च करेंगे।,46.95,Medium,13,11,2
817,"thats around 600 million pounds worth of hershey bars, lollipops, milk duds, twizzlers and clark bars.",इनकी उम्र करीब 600 करोड़ किलो है ।,"हेयर्षी बार्स, लॉलीपॉप, मिल्क डड्स, ट्विज़्लर्स और क्लार्क बार मिलियन पाउंड के आसपास के है ।",6.74,Bad,8,16,8
818,"thats great news for the 41 million trickortreaters set to take over our neighborhoods, according to the u.s. commerce department.","यह खबर उस वक्‍त 4 करोड़ लोगों को सुनायी गयी थी, जब वे अपने पड़ोस के लोगों से बात कर रहे थे ।",अमेरिकी वाणिज्य विभाग के मुताबिक यह एक अच्छी खबर है की मिलियन ट्रिक ओर ट्रिक्स हमारे पड़ोस मे भाग लेनेवाले है।,13.86,Bad,23,21,2
819,"in fact, we will buy and, who are we kidding, consume 90 million pounds of chocolate during halloween.","वास्तव में, हम खरीदेंगे और, जो हम मजाक कर रहे हैं, पाका के दौरान चॉकलेट के ९० लाख पाउंड खाते हैं.","लेकिन हक़ीकत मे हम, और जो मज़ाक कर रहे है ख़रीदेंगे मिलियन पौंड की चोकॉलेट हेलोवीन के दौरान",30.53,Medium,21,18,3
820,"the one thing we dont want to consume, candy corn and yet nearly 35 million pounds of it are sold around halloween, according to the national confectioners association.","एक बात जो हम नहीं खाना चाहते, चिकनाई का अनाज और फिर भी उसका लगभग ३५ लाख किलो पवित्रीकरण के लिए बेच दिए जाते हैं, राष्ट्रीय उप - संघ के अनुसार ।","कन्फेक्शनरों एसोसिएशन के अनुसारएक चीज़ हम उपयोग नही करेंगे हेलोवीन के दौरान कैंडीकॉर्न, परंतु वो भी बिकेंगी लगभग मिलियन पाउंड्स ।",19.91,Bad,32,21,11
821,thats about 9 billion individual kernels of corn.,कि लगभग ९ अरब दाने के दाने.,वह है मक्का की व्यक्तिगत गुठली अरब के बारे में।,8.74,Bad,7,10,3
822,its a mystery i have yet to solve.,इसकी एक रहस्य मैं अभी तक हल करने के लिए है.,यह एक रहस्य है। अभी तक का समाधान करने के लिए,45.83,Medium,11,11,0
823,nothing is more quintessentially halloween than haunted houses.,कुछ भी नहीं है जो घरों की तुलना में अतिश्‍य रूप से शुद्ध है ।,कुछ भी और अधिक नहीं है तत्वमयी हैलोवीन भूतिया गृहो की तुलना मे।,31.19,Medium,15,13,2
824,"they have the best names, like terror behind the walls which, by the way is in an actual prison, howloscream and the house of shock.","उनके पास सबसे अच्छे नाम हैं, उन दीवारों के पीछे आतंक की तरह जो, रास्ते से एक वास्तविक जेल में हैं, कैसे एशली और सदमे के घर में हैं ।","वे सबसे अच्छा नाम है , दीवार के पीछे आतंक जो,वास्तव मे एक जेल है, चीख़ओचीख और थे हाउस ऑफ शॉक. की तरह।",37.87,Medium,30,23,7
825,"in fact, there are 1,200 officially sanctioned haunted houses in the united states generating about 500 million in revenue, according to america haunts, and that includes those awesome photos of you midpeeing your pants that your friend puts on facebook and you cant take down and then that guy you like sees the photo and leaves a comment like nice face.","वास्तव में, वहाँ १,००,००० आधिकारिक रूप से मान्यताजनक घरों को राजस्व में उत्पन्न कर रहे हैं, और यह भी शामिल है कि आप के मध्य में अपनी पैंट कि अपने दोस्त के चेहरे पर डाल दिया और फिर आप नीचे ले जा सकते हैं और फिर उस आदमी को देखा और एक अच्छा चेहरे की तरह टिप्पणी करते हैं।","अमेरिकन सत्ता के अनुसार वास्तव में, वहा आधिकारिक तौर पर मंजूर भूतहा घर है युनाइटेड स्टेट्स मे जो मिलियन राजस्वा पैदा करते है। और वो भयानक अच्छी तस्वीरे जो तुम्हारा दोस्त फ़ेसबुक पर डालता है और वह आदमी जो तुम्हे देखकर लाइक करता है और कॉमेंट करता है नाइस फेस।",27.26,Medium,59,50,9
826,"finally, lets talk pumpkins.","अंत में, भाषण पंप करते हैं.","अंत में, कद्दू की बात करते हैं।",40.8,Medium,6,7,1
827,"charlie brown introduced us to the great pumpkin when we were kids, and carving a jackolantern is like decorating a christmas tree its something weve done since we were little.","जब हम बच्चे थे, तो ब्लैडिस भूरे भूरे रंग के भूरे रंग के लोग हमें जन्म देते थे, और जब हम छोटे थे तब एक जंगली रंग के पेड़ की तरह है जो कुछ भी हमने किया था ।","चार्ली ब्राउन ने महान कद्दू को पेश किया जब हम बच्चे, थे और एक जैकओलालटेन नक्काशी एक क्रिसमस ट्री सजाने की तरह है यह कुछ है जो हमने किया है जब से हम छोटे से थे।",26.85,Medium,39,36,3
828,"lucky for us, the baby in a pumpkin trend started only last year thanks to pinterest, so most of us grew up carving these gourds not sitting in them.","हमारे लिए भाग्यशाली, एक पंप उद्योग में बच्चा केवल पिछले साल का था, सो हम में से अधिकांश इन भालूों में बैठे नहीं थे ।","नसीब से हमारे लिए , थे बेबी इन ए पंपकिन ट्रेंड पिछले साल ही शुरू हुआ पिनटेरेस्ट की बदौलत, इसलिए हममे से ज़्यादातर बड़े हुए इन गार्ड्स की नक्काशी कर और ना की उनके साथ बेते रहने से।",17.7,Bad,25,38,13
829,"this year, americans will spend around 106 million on pumpkins, according to the u.s. census bureau.","इस साल, मैगनन लोगों की गिनती के हिसाब से करीब 106 करोड़ लोगों की गिनती में बिताए जाएँगे ।","अमेरिकी जनगणना ब्यूरो के अनुसार इस वर्ष, अमेरिकि मिलियन डॉलर के आसपास कद्दू, पर खर्च करेंगे।",11.69,Bad,19,16,3
830,"the jackolantern slowly withering on your front porch probably came from illinois, which grew 542 million pounds of pumpkin this year.","आपके सामने के ओसारे पर धीरे - धीरे सड़ना शायद बीमार लोगों से आया था, जो इस साल क्लोरीन के ५४ लाख पाउंड बढ़ गए ।","जैकओधीरे धीरे मुर्झानेवाला लालटेन अपने सामने के पोर्च पर शायद इलिनोइस से, जो इस साल मिलियन पाउंड कद्दू से बढ़ आया ।",28.53,Medium,26,22,4
831,"if youre looking for extra credit, call tim and susan mathisdon in napa, calif., and try to carve up their 2,032 pound pumpkin.","यदि आप अतिरिक्‍त क्रेडिट की तलाश कर रहे हैं, तो ब्लम और सिंगन मान की ओर बुलाता है, और अपने २,३२ पाउंड पंप निकालने की कोशिश करते हैं ।","यदि आप अतिरिक्त ऋण के लिए देख रहे हैं, फोन टिम और सुसान मतिस्दों नापा में, कालीफ़., और ऊपर उनकी , पाउंड कद्दू उत्कीर्ण करने के लिए प्रयास करें।",27.74,Medium,29,29,0
832,"the mca said in a statement, it was decided that the postage stamp with sachins photograph on it would be issued prior to the start of the match.","एक कथन में कहा गया था, यह निर्णय किया गया था कि मेल - मिलाप के शुरू से पहले उस पर मेपल की तस्वीर से डाक टिकट जारी किया जाएगा ।","एमसीए ने एक बयान में कहा, यह फैसला किया गया कि मैच की शुरुआत से पूर्व प्रस्तुतिकरण के दौरान सचिन की फोटो वाला डाक टिकट जारी किया जाए।",36.14,Medium,31,28,3
833,"afterwards, there would be a joint presentation by the bcci and the mca.","उसके बाद, खसी और मका द्वारा एक संयुक्त प्रस्तुति होती ।",इसके बाद बीसीसीआइ और एमसीए द्वारा संयुक्त प्रस्तुतिकरण होगा।,47.26,Medium,11,9,2
834,"besides that, a special coin would be used for the coin toss that would be kept by the mca.","इसके अतिरिक्‍त, एक विशेष सिक्का का इस्तेमाल उन सिक्के के लिए किया जाता, जो कि चाका द्वारा रखे जाते ।",इसके अलावा टॉस के लिए एक विशेष सिक्के का इस्तेमाल किया जाएगा जिसे एमसीए संभालकर रखेगा।,43.09,Medium,20,16,4
835,"the mca will also publish a 64page brochure, which will have articles about tendulkar and testimonies about him from the business, sporting and journalist around the world.","एमका एक 64 पेजवाले ब्रोशर को भी प्रकाशित कर देगा, जिसके बारे में व्यापार, खेल - कूद और पत्रकारों के बारे में लेख होंगे ।","एमसीए पृष्ठ की विवरणिका भी जारी करेगा, जिसमें तेंदुलकर से जुड़े लेख और उनके बारे में व्यवसाय, खेल और पत्रकार जगत के लोगों के बयान होंगे।",34.6,Medium,25,26,1
836,the association said the limited edition brochures and coins will be distributed to members of the mca and the bcci.,इस संघ ने सीमित संस्करण ब्रोशर और सिक्के दिए और वे बका और खसी के सदस्यों को वितरित किए जाएँगे ।,संघ ने कहा कि सीमित संख्या वाली यह विवरणिका और सिक्के एमसीए और बीसीसीआइ के सदस्यों को बांटे जाएंगे।,37.29,Medium,21,19,2
837,"they said that every day 10,000 masks, 10,000 score cards and 10,000 caps bearing sachins photograph will be distributed.","उन्होंने कहा कि हर दिन 10,000 मास्क्स, 10,000 अंक कार्ड और 10,000 पर स्फीन की तस्वीर बाँटी जाएगी।","उन्होंने कहा कि प्रत्येक दिन मुखौटे, स्कोर कार्ड और टोपियां बांटी जाएंगी जिसमें सचिन के फोटो होंगे।",29.29,Medium,18,17,1
838,land rover rally series announced,देश में भागनेवालों ने श्रंखला की घोषणा की,लैंड रोवर रैली सीरीज़ घोषित,9.37,Bad,8,5,3
839,"the interior has racing seats and sixpoint harness belts, as well as an intercom system.","अंदर की सीटें दौड़ रही हैं और छः तरफ के टायर, साथ ही एक सह - तंत्र हैं ।","इसमें इंटीरियर में रेसिंग सीट हैं तथा छहबिंदु वाली हार्नेस बेल्ट हैं, और साथ ही इंटरकॉम सिस्टम भी है।",14.8,Bad,19,19,0
840,"options include upgraded brakes, a service package providing access to bowler works mechanics, logistic support, and vehicle storage between events.","इसके अलावा, कुछ देशों में भी ऐसा ही होता है ।","इसके विकल्पों में शामिल हैं अपग्रेड किए गए ब्रेक, सर्विस पैकेज जो बॉलर वर्क्स मैकेनिक्स, लॉजिस्टिक सहायता, तथा ईवेंट के बीच वाहन संग्रह तक पहुंच प्रदान करता है।",8.89,Bad,11,28,17
841,"drew bowler, the managing director of bowler motorsport, said rally customers coming to bowler have changed.",उसने कहा कि जादूगर ग्राहकों ने होटलर में आने का फैसला कर लिया है ।,"बॉलर मोटरस्पोर्ट के प्रबन्ध निदेशक, ड्रू बॉलर ने कहाः बॉलर में आने वाले रैली ग्राहक बदल गए हैं।",21.69,Medium,15,18,3
842,"theyre not all experienced racers, but people looking for excitement and adventure, and an achievable path towards worldclass events.","वे सभी अनुभवी दौड़नेवाले नहीं, लेकिन लोग आनन्द और रोमांच की तलाश में हैं, और विश्‍व की घटनाओं की ओर एक सहज मार्ग की तलाश में हैं ।","वे सभी अनुभवी रेसर नहीं है, बल्कि उत्साह और रोमांच तथा विश्वस्तरीय ईवेंट्स की दिशा तक पहुंचा सकने वाले मार्ग की तलाश करने वाले लोग हैं।",35.98,Medium,28,26,2
843,"were delighted to be offering this path in partnership with land rover and the msa, and believe the format offers a new way to experience different rally disciplines in the uk and overseas, and prepare entrants for the rigours and realities of rally raid.","देश के पूछताछ करनेवाले और कैंचा के साथ मिलकर इस मार्ग को प्रस्तुत करने में खुशी हुई, और उस फ़ॉर्मेट पर विश्‍वास करते हुए कि विदेशों और विदेशों में विभिन्‍न प्रचंड अनुशासन का अनुभव करने के लिए एक नया तरीक़ा प्रस्तुत करता है, और सेना के आक्रमणों और वास्तविकताओं के लिए तैयार करता है ।","हम लैंड रोलवर तथा एम.एस.ए. की साझेदारी में यह मार्ग प्रदान करते हुए बहुत प्रसन्न हैं, तथा हम विश्वास करते हैं कि यह फॉरमेट यू.के. और विदेशों में भिन्न रैली विधाओं का अनुभव करने का नया तरीका प्रदान करता है, तथा प्रतियोगी को रैली रैड की कठोरता तथा सच्चाई के लिए तैयार करता है।",36.15,Medium,55,54,1
844,weve really enjoyed developing the defender challenge car itll be a really fun championship.,यह बहुत मज़ेदार साबित हुआ है ।,हमें डिफेन्डर चैलेन्ज कार विकसित करने में वास्तव में मजा आया है यह वास्तव में मजेदार चैम्पियनशिप होगी।,6.68,Bad,7,18,11
845,"additionally, the defender challenge will provide a training and test day in february, as well as the option to compete in desert events in north africa and the middle east.","इसके अतिरिक्‍त, रक्षक चुनौती एक प्रशिक्षण और परीक्षण दिन का प्रबन्ध करेगा, और साथ ही उत्तर में एक पश्‍चिम और मध्य पूर्व की घटनाओं में संघर्ष करने का विकल्प भी प्रदान करेगा ।","इसके अतिरिक्त, डिफेन्डर चैलेन्जर फरवरी महीने में प्रशिक्षण तथा परीक्षण दिवस और साथ ही, उत्तरी अफ्रीका और मिडिल ईस्ट में मरुस्थली ईवेंट में प्रतिस्पर्धा करने का विकल्प भी प्रदान करेगा।",42.24,Medium,33,30,3
846,the dream of firecracker traders of doing good business in the firecracker market in the transport area was not realised.,परिवहन क्षेत्र में आग - बबूला बाज़ार में अच्छे व्यवसाय करने का सपना पता नहीं था ।,ट्रांसपोर्ट एरिया स्थित पटाखा मार्केट में कारोबार करने का पटाखा व्यापारियों का सपना साकार नहीं हुआ।,19.78,Bad,17,16,1
847,the firecracker traders are trapped in a dilemma after the high courts order.,हाई कोर्ट की व्यवस्था के बाद आग - बबूला व्यापारियों को उलझन में डाल दिया जाता है ।,पटाखा व्यापारी हाईकोर्ट के आदेश के बाद मझदार में फंस गए हैं।,34.95,Medium,18,12,6
848,"neither can they do business in the temporary firecracker market in ranjit avenue, nor have they been issued licenses to do business in the transport area.","न तो वे अस्थायी अग्निक बाज़ार में व्यापार कर सकते हैं, न ही वे परिवहन क्षेत्र में व्यापार करने के लाइसेंस जारी किए गए हैं ।","न तो अब वे रंजीत एवेन्यू में बनाई गई अस्थायी पटाखा मार्केट में कारोबार कर सकते हैं, न ही उन्हें ट्रांसपोर्ट एरिया में कारोबार के लिए लाइसेंस जारी किए गए हैं।",39.08,Medium,26,31,5
849,"after its visit to the temporary firecracker market in ranjit avenue the commission, appointed by the punjab and haryana high court, had declared it unsafe.","उसके आने के बाद कुँआरे में अस्थायी आगवाले बाज़ार में भेंट करने के बाद, यह नियुक्‍त किया गया था, जिसे पब्लॉब और हाना हाई कोर्ट ने स्थापित किया था, उसे असुरक्षित घोषित किया था ।",पंजाब एवं हरियाणा हाईकोर्ट द्वारा गठित कमीशन ने अपने दौरे के दौरान रंजीत एवेन्यू स्थित अस्थायी पटाखा मार्केट को असुरक्षित घोषित किया।,34.13,Medium,35,22,13
850,"since no appropriate arrangements were made there, the deputy commissioner was fined ten lakh rupees.","चूँकि वहाँ कोई उपयुक्‍त व्यवस्था नहीं की गयी थी, सरकारी नियुक्‍ति दस रुपये अच्छी थी ।",वहां उचित प्रबंध न होने के कारण अमृतसर के डिप्टी कमिश्नर को दस लाख रुपये का जुर्माना भी ठोका।,14.98,Bad,16,19,3
851,the high court strongly criticised the amritsar administration in its order and questioned the use of such an administration that could not even resolve such a small issue as that of the firecracker traders over a period of the 9 years.,हाई कोर्ट ने बड़े - बड़े इलज़ामों का खंडन किया और इस तरह के प्रशासन के बारे में सवाल किया जो 9 साल से भी ज़्यादा समय तक आग - बबूला व्यापारियों के इस छोटे - से मसले को सुलझा नहीं सकता था ।,हाईकोर्ट ने अपने आदेश में अमृतसर के प्रशासनिक अधिकारियों को जमकर फटकार लगाते हुए कहा है कि ऐसा प्रशासन किस काम का जो नौ वर्ष तक पटाखा व्यापारियों की एक मुश्किल को भी हल नहीं कर पाया।,29.14,Medium,44,37,7
852,no proper place has been allotted to them in the city.,और (ये बात हो रही थीं कि) शहर में उनके लिए कोई सा माल नहीं निकाला गया,उन्हें शहर में उचित जगह उपलब्ध नहीं करवाई जा सकी।,23.32,Medium,17,10,7
853,"thereafter, they were asked to provide appropriate and safe facilities and to issue the licenses for selling firecrackers in jahajgarh market itself.",इसके बाद उनसे कहा गया कि वे सही - सलामत जगह पर जाएँ और अपने घर में आग - बबूला करनेवालों को बेचने के लाइसेंसों पर वाद - विवाद करें ।,इसके बाद उचित सुरक्षा प्रबंध कर पटाखा व्यापारियों को जहाजगढ़ स्थित मार्केट में ही कारोबार के लिए लाइसेंस जारी करने के लिए कहा गया।,25.98,Medium,31,24,7
854,after this order the firecracker traders were happy but the police poured cold water on their joy on friday.,इस आदेश के बाद आगी व्यापारियों ख़ुश थे लेकिन पुलिस ने अपने आनन्द पर ठंडा पानी उंडेला ।,"इस आदेश के बाद भले ही पटाखा व्यापारी खुश हो गए, मगर उनकी खुशियों पर पुलिस ने शुक्रवार को पानी फेर दिया।",31.92,Medium,18,22,4
855,the firearm license branch team arrived in the firecracker market and set up a counter selling forms.,बंदूक के शाखा दल आगक बाज़ार में आए और उन्होंने अपना नाम बेच दिया ।,पुलिस के असलहा लाइसेंस ब्रांच की टीम पटाखा मार्केट में पहुंची और वहां पर काउंटर लगाकर फार्म बेचे।,11.72,Bad,15,18,3
856,"the necessary terms and conditions involved, could not possibly be met in one day.",इसमें शामिल आवश्‍यक शब्द और परिस्थितियाँ संभवतः एक दिन में नहीं मिल सकती थीं ।,"इसके बाद उन्हें जो शर्ते बताई गई, उन्हें एक दिन में पूरा करना असंभव था।",20.38,Medium,15,15,0
857,"asp east gaurav garg, firearms license branch chief, anup kumar, sho sultanvind arun sharma also went to the firecracker market.","जैसे पूर्व Gagagagagagag, बंदूक शाखा प्रमुख, auka, hona avga भी आगक बाजार के लिए चला गया.","एसीपी ईस्ट गौरव गर्ग, असलहा लाइसेंस ब्रांच के इंचार्ज अनूप कुमार, एसएचओ सुल्तानविंड अरुण शर्मा पटाखा मार्केट में पहुंचे।",8.49,Bad,16,19,3
858,they expressed dissatisfaction over the arrangements made by the firecracker traders.,उन्होंने आग - बबूला व्यापारियों द्वारा बनाए गए प्रबंधों पर दोष लगाया ।,उन्होंने पटाखा व्यापारियों द्वारा किए गए प्रबंधों पर असंतोष व्यक्त किया।,56.2,Good,13,11,2
859,so the licenses were not issued to the firecracker traders.,इसलिए इन्हें आग के व्यापारियों तक नहीं पहुँचाया गया ।,इसलिए पटाखा व्यापारियों को लाइसेंस जारी नहीं किए गए।,34.64,Medium,10,9,1
860,diwali is just one day away.,साला बस एक दिन दूर है.,दीपावली को एक दिन शेष बचा है।,18.42,Bad,6,7,1
861,for this reason the firecracker vendors were worried.,इस कारण आगक विक्रेता चिंतित थे ।,इसके चलते पटाखा व्यापारी परेशान हैं।,11.23,Bad,7,6,1
862,the loss of crores of rupees seemed inevitable.,ऐसा लग रहा था कि रुपए - पैसे की कमी है ।,उन्हें करोड़ों रुपये का घाटा सामने नजर आ रहा है।,12.34,Bad,12,10,2
863,"firecracker traders avinash singh, rakesh seth, harish dhawan, harish dua, desraj, satnam singh, manjinder singh and ginni said that if they lost a large amount of money they would sue the district administration.",आगक व्यापारियों ने एक बड़ा पैसा खो दिया है... / मैं,"पटाखा व्यापारी अविनाश सिंह, राकेश सेठ, हरीश धवन, हरीश दुआ, देसराज, सतनाम सिंह, मनजिंदर सिंह और गिन्नी का कहना है कि अगर उन्हें करोड़ों रुपये का घाटा हुआ तो वे जिला प्रशासन पर दावा ठोकेंगे।",7.54,Bad,11,35,24
864,on friday night the angry firecracker traders went on a protest march from jahajgarh to ranjeet avenue.,दिन में गर्म आग के व्यापारियों का पीछा करने के लिए एक विरोध यात्रा पर चला गया.,गुस्साए पटाखा व्यापारियों ने शुक्रवार रात को जहाजगढ़ से लेकर रंजीत एवेन्यू तक रोष मार्च निकाला।,22.61,Medium,17,16,1
865,the shouted slogans against the police and the administration.,पुलिस और प्रशासन के खिलाफ चिल्लाया ।,पुलिस और जिला प्रशासन के खिलाफ नारेबाजी की।,52.49,Good,7,8,1
866,thereafter the business in the temporary firecracker market at ranjeet avenue was also stopped.,उसके बाद अस्थायी अग्निक बाजार में व्यापार भी बंद कर दिया गया ।,इसके बाद रंजीत एवेन्यू में चल रही अस्थायी पटाखा मार्केट में भी कारोबार बंद करवा दिया।,27.28,Medium,13,16,3
867,fire crews called to rescue lost puppy after she got stuck 50ft above the ground on precarious ledge in a quarry,आग चालकों को बचाने के लिए फोन किया गया था... ... वह एक कवर में दरार पर जमीन पर 50 ऊपर फंस गया,एक खदान में जमीन से फीट ऊपर संकटपूर्ण पहाड़ के मुंहाने पर एक खोये हुए पपी को बचाने के लिए अग्निशामक दल को बुलाया गया,24.3,Medium,23,25,2
868,cocker spaniel ruby had run off after she was in a minor road crash,"जब वह एक छोटी सड़क दुर्घटना में थी, उसके बाद मुर्गी का कैरिली चल रहा था",कॉकर स्पैनील रूबी एक छोटी सड़क टक्कर में आने के पश्चात भाग गई थी,25.35,Medium,16,14,2
869,she was spotted three days later by a dog walker trapped in the quarry,उसे तीन दिन बाद एक कुत्ते ने देखा जो दरिया में फँस गया,उसे तीन दिन पश्चात खदान में फंसे एक डॉग वॉकर द्वारा देखा गया,29.35,Medium,13,13,0
870,firefighters abseil down cliff face to pluck the dog from certain death,कुछ देर के लिए कुत्ते को उखाड़ने के लिए चट्टानों के नीचे आग का सामना करते हुए,अग्निशामक कर्मियों ने कुत्ते को मौत के मुंह से बचाने के लिए चट्टान के आगे के हिस्से को रस्सी से नीचे उतारा,30.98,Medium,17,22,5
871,a puppy had a lucky escape after fire crews were called to lift her to safety when she somehow got herself stuck 50ft up on a precarious cliff ledge.,आग चालक दलों के एक भाग्यशाली भागने के बाद उसे सुरक्षा के लिए बुलाया गया था... ... जब वह खुद को किसी तरह एक खड़ी चट्टान की आड़ में फंस गया.,"पपी द्वारा किसी तरह से जमीन से फीट ऊपर संकटपूर्ण पहाड़ के मुंहाने पर फंस जाने के बाद, अग्निशामक कर्मियों को बुलाये जाने से उसे सौभाग्यपूर्ण जीवन मिला।",21.17,Medium,31,28,3
872,nine monthold cocker spaniel ruby had run off after being involved in a road crash on sunday afternoon and survived three days alone before being rescued from a quarry on wednesday.,सूरज की दोपहर को सड़क दुर्घटना में शामिल होने के बाद नौ महीने के मुर्गे का चिटिलिली चल रहा था ।,"नौ महीने की कॉकर स्पैनील रूबी, रविवार दोपहर को एक सड़क टक्कर में आने के बाद भाग गई थी तथा बुधवार को खदान में से बचाये जाने से पहले दिन अकेले गुजारे।",22.37,Medium,21,32,11
873,"her owners scott alderson, 25, and his girlfriend becky hall, 20, were at flappit quarry in denholme, west yorkshire, to be reunited with ruby and have thanked west yorkshire fire and rescue service.","उसके मालिकों ने कॉलॆवरसन, २५, और उसकी प्रेमिका कूली हॉल में २०, पश्‍चिमी कॉली, पश्‍चिमी न्यू यॉर्क में सर्कल के गड्ढे पर थे, जिससे लाल रंग की आग और बचाव सेवा का धन्यवाद किया जा सकता है ।","उनके मालिक स्कॉट एल्डरसन, , तथा उनकी गर्लफ्रेन्ड बेकी हॉल, , डेनहोम, रूबी से फिर से मिलने के लिए पश्मिची यॉर्कशॉयर में फ्लैप्पिट खदान में थे, तथा उन्होंने पश्चिमी यॉर्कशायर आग एवं बचाव सेवा को धन्यवार दिया है।",26.95,Medium,38,38,0
874,they had searched frantically for their missing dog and posted appeals on social networking sites after she had ran into the quarry following the minor accident.,"जब वह छोटी - सी दुर्घटना के बाद अपने लापता कुत्ते की खोज में थी, तो उन्होंने अपने लापता कुत्ते के लिए खोज निकाला था और सोशल नेटवर्क पर सूचना दी थी ।","एक छोटी दुर्घटना के बाद उसके भाग जाने के पश्चात उन्होंने अपने खोये हुए कुत्ते के लिए पागलों की तरह खोज की थी, तथा सोशल नेटवर्किंग साइट्स पर अपील पोस्ट की हुई थी।",41.19,Medium,33,33,0
875,"at around 2.15pm on wednesday, an eagleeyed dog walker spotted ruby on the ledge in the quarry, stranded 50ft up.","सन्‌ 215 के आस - पास, एक उकाब आँखों के कुत्ते की आँखों में तेज़ चमक रही थी ।","बुधवार को दोपहर . बजे, एक तेज नजर वाले डॉक वॉकर ने रूबी को, जमीन से फीट की ऊंचाई पर खदान में पहाड़ पर देखा।",10.51,Bad,19,25,6
876,a technical rescue team from cleckheaton fire station rushed to the scene and abseiled down to rescue ruby and used a pet tube to transport her up the cliff.,एक कंपनी को आग की लपटों से बचाने के लिए एक तकनीकी बचाव दल ने दृश्‍य पर कदम उठाया और उसे बचाने के लिए लाल रंग की नली का इस्तेमाल किया और उसे चट्टान तक पहुँचाने के लिए एक पालतू नली का इस्तेमाल किया ।,क्लेकहीटन फायर स्टेशन से एक तकनीकी बचाव दल घटनास्थल पर पहुंचा तथा रूबी को बचाने के लिए रस्सी के द्वारा नीचे उतारा तथा उसे चट्टान से नीचे लाने के लिए एक पेट ट्यूब का प्रयोग किया।,36.46,Medium,45,36,9
877,specialist technical rescue officer andy clayton said she was in a precarious situation.,विशेषज्ञ तकनीकी बचाव अधिकारी और मिट्टीटन ने कहा कि वह एक भयंकर स्थिति में थी ।,विशेषज्ञ तकनीकी बचाव अधिकारी एन्डी क्लेटन ने कहाः वह एक संकटपूर्ण स्थिति में थी।,61.7,Good,16,14,2
878,she was right in the middle of the cliff face 50ft from the top and bottom.,वह ऊपर और नीचे से 50 लहरों के बीच में सही था.,"वह चट्टान के सामने के हिस्से के बीच में थी, ऊपर एवं नीचे से फीट।",25.43,Medium,12,15,3
879,she did not move a muscle during the rescue she was frozen solid.,वह बचाव के दौरान एक पेशी नहीं चला था... ... वह ठोस था.,"उसने बचाव के दौरान एक भी हरकत नहीं की, वह पत्थर बनी हुई थी।",31.94,Medium,13,14,1
880,but she is fine now.,लेकिन वह अब ठीक है.,लेकिन अब वह अच्छी है।,28.94,Medium,5,5,0
881,she was eating biscuits afterwards.,बाद में वह अण्डोत्सू खा रही थी ।,उसके बाद वह बिस्किट खा रही थी।,33.29,Medium,8,7,1
882,this was a very unusual callout.,यह एक बहुत असाधारण कॉलआउट था.,यह एक बिलकुल असामान्य सहायता की पुकार थी।,16.58,Bad,6,8,2
883,the fact that the dog was spotted is unbelievable.,यह तथ्य कि कुत्ते को देखा गया था अविश्‍वसनीय है ।,बल्कि कुत्ते को देखा जाना ही अविश्वसनीय है।,58.39,Good,11,8,3
884,specialist technical rescue officer peter lau said ruby had a very lucky escape.,विशेषज्ञ तकनीकी बचाव अधिकारी पालतू सालू ने कहा कि एक बहुत भाग्यशाली बचाव था.,विशेष तकनीकी बचाव अधिकारी पीटर लॉ ने कहाः रूबी सौभाग्यपूर्ण तरीके से बची है।,41.17,Medium,14,14,0
885,the potential was there that she could have been very seriously injured or worse.,वहाँ संभव था कि वह बहुत ही गंभीर चोट पहुँचा सकती थी या उससे भी बदतर हो सकती थी ।,उसके गम्भीर रूप से चोटिल होने अथवा और भी खराब स्थिति में होने की संभावना थी।,15.67,Bad,20,16,4
886,ruby was taken to the vets for a checkup and was found to be fine other than exhaustion and dehydration.,इस बीमारी की वजह से शरीर में दर्द बढ़ जाता है और शरीर कमज़ोर पड़ जाता है ।,"रूबी को जांच के लिए एक पशु चिकित्सक के पास ले जाया गया, जहां पर उसे थकावट एवं निर्जलीकरण के अलावा अच्छा पाया गया।",7.61,Bad,18,24,6
887,"miss hall, from halifax, west yorkshire, said watching the rescue was terrifying.",वह कहता है कि बचाव के लिए घर बहुत ही भयानक था ।,"हैलीफैक्स, पश्चिमी यॉर्कशायर से मिस हॉल ने कहाः बचाव कार्य को देखना भयंकर था",11.75,Bad,13,14,1
888,i could not believe that she was up there in the first place.,मैं यकीन नहीं कर सकता था कि वह वहाँ पहली जगह पर था.,पहले तो मुझे विश्वास ही नहीं हुआ कि वह वहां पर कैसे पहुंच गई।,21.11,Medium,13,14,1
889,it was amazing to get her back in our arms.,उसे अपनी बाहों में वापस पाने के लिए अद्भुत था.,उसे वापस अपने हाथों में पाना विस्मयकारी है।,24.98,Medium,10,8,2
890,the vet said that if she became too exhausted and collapsed she would probably have fallen.,"वॉट ने कहा कि अगर वह बहुत थक जाती और गिर जाती, तो शायद वह गिर जाती ।",पशु चिकित्सक ने कहा कि यदि वह बहुत थक जाती तथा गिरती तो निश्चित रूप से नीचे गिर जाती।,36.33,Medium,18,19,1
891,the firefighters were amazing.,आग के खेलों अद्भुत थे.,अग्निशामक दल ने बहुत बेहतरीन कार्य किया।,5.97,Bad,5,7,2
892,it was really daring what they did.,यह वास्तव में वे क्या किया था साहसपूर्ण था.,उन्होंने जो किया वह वास्तव में बहुत हिम्मतवाला काम है।,26.23,Medium,9,10,1
893,we are just so grateful and every single one of them was absolutely tremendous.,हम तो बस इतना आभारी हैं और उनमें से हरेक का दिल बहुत बड़ा था ।,"हम उनके अहसानमंद हैं, तथा वे सभी बेहतरीन थे।",16.7,Bad,16,9,7
894,"mr alderson, from keighley, added we were scared that she might fall but she stayed there.","यीकोली से मोयरसनसन, हमें बताया गया कि वह गिर सकती है लेकिन वह वहाँ रुक सकती है.","कीगली से मि. एल्डरसन ने यह भी कहाः हमें डर था कि वह गिर सकती है, लेकिन वह वहीं पर रही।",40.1,Medium,17,21,4
895,the firefighters were brilliant.,आग के योद्धा शानदार थे.,अग्निशामक दल ने बहुत शानदार कार्य किया।,16.17,Bad,5,7,2
896,i just cant believe where she was.,मैं सिर्फ वह कहाँ था विश्वास नहीं कर सकते हैं.,मुझे विश्वास नहीं होता कि वह वहां पर कैसे पहुंची।,30.93,Medium,10,10,0
897,mick jagger says he never hit on katy perry when she was 18.,वह 18 साल की उम्र में था जब वह क्यगी पर कभी नहीं मारा कहते हैं.,"मिक जैगर का कहना है कि जब कैटी पेरी वर्ष की थीं, तो उन्होंने उस पर प्रहार नहीं किया",15.52,Bad,16,19,3
898,"during an interview with an australian radio show this week, the pop star said she sang backing vocals for jaggers 2004 song old habits die hard.","इस सप्ताह का एक इंटरव्यू के दौरान, पॉप स्टार ने कहा कि वह 2004 पुराने गीत की पुरानी आदतों के लिए समर्थन शीर्षकों को गा रही है.",इस सप्ताह ऑस्ट्रेलियाई रेडियो शो के साथ एक साक्षात्कार के दौरान पॉन स्टार ने कहा कि उन्होंने जैगर के वर्ष के गाने ओल्ड हैबिट्स डाई हार्ड के लिए बैकिंग वोकल्स गाये थे।,25.69,Medium,27,32,5
899,perry said she had dinner with the veteran rocker and that he hit on me when i was 18.,प्रतिरी ने कहा कि वह 18 साल की थी जब वह अनुभवी रॉकर के साथ भोजन किया था और कि वह मुझ पर मारा जब मैं था.,"पेरी ने कहा कि उन्होंने वरिष्ठ रॉकर के साथ डिनर किया था, तथा जब मैं वर्ष की थी, तो उन्होंने मुझ पर प्रहार किया।",34.24,Medium,27,24,3
900,"she added, that was a long time ago, and hes been very kind.","उसने आगे कहा, कि एक लंबे समय पहले था, और वह बहुत दयालु रहा ।","उन्होंने कहा कि यह बात पुरानी हो गई, और वह मेरे साथ अच्छा व्यवहार करते हैं।",17.09,Bad,15,16,1
901,"in a statement thursday, a representative for jagger, 70, says he categorically denies that he has ever made a pass at katy perry.",वह कहता है कि उसे लगता है कि उसका मानना है कि उसने कभी - भी कसबों में से किसी को पार कर लिया है ।, वर्षीय जैगर के प्रतिनिधि ने गुरूवार को एक कथन में कहा कि वह कैटी पैरी पर कभी भी प्रहार करने के बारे में स्पष्ट रूप से इंकार करते हैं।,14.3,Bad,26,29,3
902,the rep adds perhaps she is confusing him with someone else.,वह शायद उसे किसी और के साथ उलझन में डाल रही है ।,"प्रतिनिधि ने यह भी कहाः संभवतः पैरी, किसी अन्य व्यक्ति की गलतफहमी में उनके बारे में कह रही हैं",11.16,Bad,13,19,6
903,perry was one of the singers to make a guest appearance on the rolling stones tour this year.,इस साल चल रहे पत्थरों पर एक मेहमान प्रकट करने के लिए गायकों में से एक था ।,पैरी इस वर्ष रोलिंग स्टोन के टूअर पर मेहमान के रूप में आने वाली गायिकाओं में से एक थीं।,26.27,Medium,18,19,1
904,"her new album, prism, debuted at no. 1 this week.","1 इस सप्ताह में उसके नए एलबम, प्रमाण पत्र, कोई भी नहीं पर.",उनका नया एलबम प्रिज्म इस सप्ताह शीर्ष स्थान पर पहुंच गया।,23.8,Medium,13,11,2
905,george kerevan europe breakup gives scots choice,Genke seveneneng टूटा टूटता है clays Tuts विकल्प देता है,जॉर्ज केरेवनः यूरो विघटन ने स्कॉट्स को विकल्प दिया,12.89,Bad,10,9,1
906,"another day, another independence scare story.","एक और दिन, एक और स्वतंत्रता कहानी.","एक और दिन, स्वतंत्रता के डर की एक और कहानी",59.97,Good,7,10,3
907,this time we are warned that an independent scotland would be required to join the europewide freetravel zone as a condition of eu membership.,इस बार हमें चेतावनी दी जाती है कि एक स्वतंत्र स्टूडलैंड की माँग की जाती है कि पूरी दुनिया में परम सदस्यता की स्थिति के रूप में पूरी दुनिया में प्रवेश करे ।,इस बार हमें चेतावनी दी गई है कि ई.यू. की सदस्यता की शर्त के रूप में पूरे यूरोप में स्वतंत्र यात्रा क्षेत्र के रूप में शामिल होने के लिए स्वतंत्र स्कॉटलैंड की आवश्यकता होगी।,39.92,Medium,33,34,1
908,cue stories about passport controls at berwick and a barbed wire border along hadrians wall.,पासपोर्ट नियंत्रण के बारे में क्यू- वार्ट्ड्ड तार सीमा के पास की दीवार के किनारे।,बरविक पर पासपोर्ट नियंत्रण तथा हैड्रियन की दीवारों पर कंटीले तार की सीमा के बारे में कहानियों का संकेत देते हैं।,39.75,Medium,15,21,6
909,"true, the strathclyde paper pointed out the possible economic benefits of freer movement with the rest of europe, though predictably that did not figure in the headlines.",यह सच है कि टीवी - अखबारों में पता लगाया गया है कि अलग - अलग देशों के लोगों को अलग - अलग देशों से अलग रखा गया है ।,"सत्य है कि स्ट्रैथक्लाइड पेपर ने शेष यूरोप के साथ स्वतंत्र आवागमन के संभावित आर्थिक लाभों के बारे में वर्णन किया, यद्यपि पूर्वानुमानित रूप से हेडलाइन्स में इसका वर्णन नहीं हुआ।",9.75,Bad,30,31,1
910,nor did anyone point out that the eu member states spend much of their time bending their formal rules if it suits them.,किसी को भी यह नहीं बताया गया कि इस नए सदस्य ने अपना ज़्यादातर समय अपने औपचारिक नियमों पर निर्भर रहने में बिताया ।,न ही किसी ने वर्णन किया कि ई.यू. सदस्य अपना अधिकांश समय अपने औपचारिक नियमों को अपनी आवश्यकतानुसार बदलने में व्यतीत करते हैं।,35.2,Medium,24,23,1
911,"since scotland isnt in the schengen area now, continued noncompliance would be a cheap concession for brussels to offer up in return for whatever it really wanted out of the scots.","अब कैंचन क्षेत्र में कैंचीओन क्षेत्र में हैं, जो कुछ भी करने की इच्छा रखता था उसके लिए लगातार गैर - कानूनी तौर पर गैर - कानूनी सज़ा दी जाती थी ।","चूंकि अब स्कॉटलैंड शेंगेन क्षेत्र नहीं है, इसलिए ब्रसेल्स वास्तव में स्कॉटलैंड से जो भी चाहता है, उसे प्राप्त करने के बदले में सतत गैरअनुपालन ब्रसेल्स के लिए सस्ती छूट होगी।",19.23,Bad,32,31,1
912,"so, a nonstory, then.","तो, एक गैर इतिहास, तो.","इसलिए, फिर, अकहानी।",10.72,Bad,5,3,2
913,and one that is so long in the tooth it has become fossilised i first heard the independence means passport controls canard at least 40 years ago.,और एक जो इतना लंबे समय से दाँत में है... ... यह माना जाता है... ... पहली बार स्वतंत्रता का मतलब है पासपोर्ट नियंत्रण कम से कम 40 साल पहले।,"और बात जो इतने लम्बे समय से फंसी है, वह जम गई है। सबसे पहले मैंने स्वतंत्रता का अर्थ है पासपोर्ट नियंत्रण बेबुनियाद खबर लगभग वर्ष पहले सुनी थी।",36.31,Medium,30,29,1
914,yet there is an interesting point lost in this retelling of a whiskery old tale.,फिर भी एक दिलचस्प बात यह है कि पुराने कहानी की इस मरम्मत में एक दिलचस्प बात गुम हो गई है.,फिर भी इस रोचक पुरानी कहानी को फिर से सुनाने में रोचक बिंदु खो गया।,25.39,Medium,21,15,6
915,"why should an independent scotland be expected to do europes bidding, anyway?","फिर भी, एक स्वतंत्र भू - दृश्‍य क्षेत्र की अपेक्षा क्यों की जानी चाहिए?",वैसे भी स्वतंत्र स्कॉटलैंड से यूरोप की बिडिंग करने की अपेक्षा क्यों करनी चाहिए?,41.4,Medium,14,14,0
916,"why trade londons yoke for that of brussels, especially now?","खासकर आज के ज़माने में, धन - दौलत के व्यापार के जूए को क्यों इस्तेमाल किया जा सकता है?","लंदन के योक का ब्रसेल्स के लिए क्यों क्रयविक्रय किया जाए, खास तौर पर अब?",21.7,Medium,19,15,4
917,"here is the real european news the great, postwar plan to unite europe has finally stalled.",यह एक ऐसी बात है जो एक व्यक्‍ति के दिल को छू जाती है ।,"यहां वास्तविक यूरोपीय समाचार हैः यूरोप को संगठित करने की महान, युद्धपश्चात योजना अंततः रुक गई है।",9.19,Bad,15,17,2
918,"with the euro crisis, project europe is officially dead.","यह अनुमान लगाया गया है किदुनिया में हर साल करीब 1,00,000 लोगों की मौत हो जाती है ।","यूरो संकट के साथ, प्रोजेक्ट यूरोप आधिकारिक रूप से मृत हो चुकी है।",12.44,Bad,18,13,5
919,"across the eu, parties which are dedicated to opposing the eu, or to scrapping the euro as a common currency, are gaining ground.","उस वक्‍त के दौरान, जिन लोगों ने इस नए करार का विरोध करने के लिए समर्पण किया है, वे एक आम मुद्रा के तौर पर इस्तेमाल करने के लिए ज़मीन पर जा रहे हैं ।",पूरे ई.यू. में ई.यू. का विरोध करने अथवा समान मुद्रा के रूप में यूरो बंद करने के लिए समर्पित दल मजबूती प्राप्त कर रहे हैं।,37.02,Medium,35,25,10
920,"even in germany, the eurosceptic alternative for germany party founded only this year came from nowhere to grab nearly five million votes in septembers federal elections, thus effectively knocking the free democrats equivalent to our own lib dems out of the bundestag.","यहाँ तक कि किसी भी प्रकार के उत्पादन समूह की स्थापना के लिए ही किसी भी प्रकार के screcates वैकल्पिक केवल इस वर्ष से लगभग पाँच लाख वोट्स संघीय चुनावों को पकड़ने के लिए आया था, इस प्रकार प्रभावकारी रूप से स्वतंत्र डेमोजों को हमारे स्वयं के sms के लिए बराबर दस्तक दे.","यहां तक कि जर्मनी में भी यूरोस्केप्टिल अल्टरनेटिव फॉर जर्मनी पार्टी ने जिसकी स्थापना इस वर्ष ही हुई है अचानक आकर सितम्बर के संघीय चुनाव में लगभग पचास लाख वोट प्राप्त किए, और इस प्रकार फ्री डेमोक्रेट्स हमारे अपने लिब डेम्स के समतुल्य को प्रभावी रूप से बुन्डेसटैग से बाहर किया।",30.07,Medium,53,51,2
921,there has always been domestic opposition to the plan to create a federal europe.,संयुक्‍त राष्ट्र संघ के लिए योजना बनाने की योजना के प्रति हमेशा घरेलू विरोध रहा है ।,संघीय यूरोप का निर्माण करने की योजना का हमेशा ही घरेलू विरोध रहा है।,48.79,Medium,17,14,3
922,"however, the current economic crisis has proved a watershed.","लेकिन, वर्तमान आर्थिक संकट ने पानी को तहस - नहस कर दिया है ।","लेकिन, वर्तमान आर्थिक संकट आमूल परिवर्तनकारक साबित हुआ।",49.72,Medium,14,8,6
923,"the austerity imposed by berlin and the european central bank, coupled with the straitjacket imposed on national economies through adherence to the common currency, has led many people to think project europe has gone too far.","आम मुद्रा का पालन करने के द्वारा राष्ट्रीय सुरक्षा पर लगाए गए ज़ोर - शोर के साथ, अनेक लोगों ने इस बात पर विचार किया है कि असंतुलन बहुत दूर चला गया है ।","बर्लिन और यूरोपियन सेन्ट्रल बैंक द्वारा लगाए गए कठोर नियमों के साथ ही, समान मुद्रा का अनुपालन करने के माध्यम से राष्ट्रीय अर्थव्यवस्थाओं पर लगाई गई बाधाओं के कारण बहुत लोगों को सोचना पड़ रहा है कि प्रोजेक्ट यूरोप बहुत दूर चला गया है।",32.78,Medium,34,44,10
924,the crisis of the euro has little to do with national governments running excessive budget deficits that was true only of greece.,"मगर फिर भी, इस समस्या को सुलझाने के लिए उसे कुछ नहीं करना चाहिए था ।",राष्ट्रीय सरकारों के अत्यधिक बजट घाटे में यूरो के संकट की बहुत अधिक भूमिका नहीं थी ऐसा केवल ग्रीस के मामले में सत्य था।,10.53,Bad,16,24,8
925,"rather, the euro system locked in its members at exchange rates favourable to german exporters something german politicians want to keep.","इसके बजाय, यूरो प्रणाली अपने सदस्यों में बंद कर दी गई थी कुछ प्रमोदक निर्यातकों को बनाने के लिए अनुकूल रूप से कुछ निर्माताओं को रखने के लिए चाहते हैं।","बल्कि, यूरो प्रणाली ने इसके सदस्यों को जर्मन निर्यातकों के पक्ष में मुद्रा विनिमय दर को स्थिर कर दिया ऐसी चीज जिसे जर्मन राजनीतिज्ञ बनाए रखना चाहते हैं।",36.44,Medium,30,28,2
926,"without the possibility of domestic currency devaluation, southern europe finds itself with a builtin productivity disadvantage visàvis germany.",इस बीमारी के शिकार लोगों की संख्या बढ़ रही है ।,"घरेलू मुद्रा अवमूल्यन की संभावना के बिना, दक्षिणी यूरोप अपने आपको जर्मनी की तुलना में उत्पादकता के अंतर्निहित नुकसान वाली स्थिति में पाता है।",6.9,Bad,11,24,13
927,the only recourse is to slash wages and public spending spurred on by berlin.,"एकमात्र सहारा जिसका हिसाब है $२,००० से ज़्यादा है और जो किले के द्वारा प्राप्त किया जाता है ।",एकमात्र उपाय है वेतन तथा सार्वजनिक व्यय को कम करना जिसे बर्लिन द्वारा प्रोत्साहित किया गया है।,30.24,Medium,19,17,2
928,beyond the current budget and currency problems lies a deeper european productivity malaise.,मौजूदा बजट और मुद्रा की समस्याएँ ज़्यादा हद तक बढ़ जाती हैं ।,चालू बजट तथा मुद्रा समस्याओं से कहीं आगे गहरी यूरोपीय उत्पादकता रुग्णता है।,20.03,Medium,13,13,0
929,"as a result of green energy policies imposed by brussels code for subsidising french and german energy firms at the consumers expense european industry pays twice as much for electricity, and four times as much for gas, as in the united states.","और गैस के लिए चार गुना ज़्यादा, जैसे कि संयुक्‍त राष्ट्र संघ में संयुक्‍त राष्ट्र संघ में किया जाता है ।","उपभोक्ताओं के व्यय पर फ्रांसीसी और जर्मन ऊर्जा फर्मों को छूट प्रदान करने के लिए ब्रसेल्स द्वारा लगाई गई हरित ऊर्जा नीतियों के परिणामस्वरूप, यूरोपियन उद्योग संयुक्त राष्ट्र की तुलना में बिजली के लिए दोगुना तथा गैस के लिए चार गुना भुगतान करते हैं।",18.56,Bad,21,44,23
930,"that is a crippling cost disadvantage, as weve already seen at grangemouth.","यह एक अपंग क़ीमत है, जैसे कि हमने पहले ही ग्रीट में देखा है ।","यह पंगु करने वाला लागत नुकसान है, जिसे हम लोगों ने ग्रैंगेमाउथ में पहले ही देखा है।",25.36,Medium,15,17,2
931,all the wage freezes in the world wont stop the european petrochemicals industry being hammered by cheap us shale gas.,दुनिया में सभी व्यवसायों ने पालतू जीव - विज्ञान उद्योग को रोक दिया है... ... हमारे लिए खतरनाक गैस से लैस किया जा रहा है.,"दुनिया में सभी वेतन फ़्रीज कर दिया जाना भी, यूरोपीय पेट्रोकेमिकल्स उद्योग को सस्ती यू.एस. शेल गैस द्वारा प्रभावित होने से नहीं बचा सकता।",27.88,Medium,25,24,1
932,"as a result, revolt is brewing, especially in france, once the eus main cheerleader.","इसके परिणामस्वरूप, विद्रोह बियर है, ख़ासकर बार - बार, एक बार इन्जेक्शन मुख्य ख़ुश करनेवाले ।","परिणामस्वरूप लोगों में विद्रोह की भावना भड़क रही है, खास तौर पर फ्रांस में, जो कभी ई.यू. का प्रमुख प्रशंसक रहा था।",26.03,Medium,16,22,6
933,"after the war, the french political elite saw the eu as a vehicle to keep germany in check, and to give paris equal billing in the world with washington.","युद्ध के बाद, इन राजनैतिक नेताओं ने एक गाड़ी के रूप में देखा कि वह एक गाड़ी है जिसमें से पानी भरने के लिए एक गाड़ी होती है, और संसार में धोने के साथ सहवास करने के बराबर है ।","यूद्ध के पश्चात फ्रांस के शीर्ष राजनीतिज्ञों ने ई.यू. को जर्मनी को नियंत्रित रखने, तथा पेरिस को दुनिया में वांशिगटन के बराबर बिलिंग प्रदान करने के उपाय के रूप में देखा था।",25.45,Medium,40,32,8
934,"but berlin no longer needs paris as a passport to political legitimacy and has imposed its own economic policy on europe, leaving the battered french economy struggling.",लेकिन Trolin अब बैंक के लिए एक पासपोर्ट की जरूरत नहीं है राजनैतिक उत्पीड़न के रूप में... / मैं ... और Srenys पर अपनी आर्थिक नीति लागू की है... / मैं ... / मैं ... / मैं ... / मैं ... / मैं,"लेकिन बर्लिन को अब राजनीतिक वैधता के लिए पासपोर्ट के रूप में पेरिस की आवश्यकता नहीं है, तथा इसने यूरोप पर अपनी खुद की आर्थिक नीतियां लागू की हैं, जिसके कारण फ्रांस की अर्थव्यवस्था डगमगा रही है।",29.6,Medium,43,37,6
935,"result marine le pens rightwing, antieu national front has just won a crucial byelection, knocking the ruling socialists into third place.","इस तरह, वे सरकारी अधिकारियों को तीसरे स्थान पर दस्तक देते हैं ।","परिणामः मैरीन ली पेन के दक्षिणपंथी, ई.यू. विरोधी नेशनल फ्रंट ने हाल ही में हुए उपचुनाव में सत्ताधारी सोशलिस्ट को तीसरे स्थान पर धकेलते हुए विजय प्राप्त की है।",17.16,Bad,13,29,16
936,the front is now the most popular party in france with 24 per cent of the vote a timely warning to british labour that they cant assume a split on the right will automatically favour the left.,अब सामने सबसे लोकप्रिय पार्टी है... ... 25 में से 24 प्रतिशत के साथ एक निश्चित चेतावनी है... ... वे सही काम पर एक विभाजन का मान नहीं ले सकते हैं कि वे छोड़ दिया है.,"इस समय फ्रांस में फ्रंट प्रतिशत वोट के साथ सबसे लोकप्रिय दल है यह ब्रिटिश लेबर के लिए यथासमय चेतावनी है कि वे यह मानकर नहीं चल सकते हैं कि बाएं के लिए विघटन, दाएं के लिए स्वतः ही लाभ हेागा।",30.2,Medium,36,41,5
937,"what is le pen doing with her newfound popularity among the french white, working class?","यी कलम ने अपनी नयी तादाद में श्‍वेत श्‍वेत, काम करनेवाली कक्षा के बीच क्या किया है?","ली पेन फ्रांसीसी गोरों, कामकाजी वर्ग के बीच में अपनी नई मिली प्रसिद्धि के साथ क्या कर रहा है?",22.56,Medium,17,19,2
938,"she wants to use next years eu elections to create an antieu, anticommon currency bloc across the european parliament.","वह अगले साल चुनाव करना चाहती है कि वह विरोधी विरोधी, विद्वणकों के बीच में अनबन उत्पन्‍न करने के लिए चुनाव करे ।","यह दल अगले वर्ष होने वाले ई.यू. चुनावों का उपयोग यूरोपीय संसद में ई.यू. विरोधी, सर्वनिष्ठ मुद्रा विरोधी गुट बनाना चाहता है।",24.6,Medium,23,22,1
939,"if, as is very possible, antieu parties do well in these elections, such a bloc could dominate the european parliament for the first time.","यदि यह बहुत संभव है, तो इन चुनावों में विरोधी पार्टियों को अच्छी तरह से किया जा सकता है, ऐसी ब्लोक पहली बार सरकारी संसद पर अधिकार प्राप्त कर सकता है.","यदि, जैसा कि बहुत संभव है, इन चुनावों में ई.यू. विरोधी दल अच्छा प्रदर्शन करते हैं तो इस प्रकार का गुट पहली बार यूरोपीय संसद को प्रभावित कर सकता है।",41.16,Medium,31,30,1
940,heres my point sometime soon growing antieu and anticommon currency feeling in europe will coalesce to kill the euro.,मुझे लगता है कि मैं इस बात से सहमत नहीं हूँ ।,मेरा दृष्टिकोण यह हैः जल्द ही यूरोप में ई.यू. विरोधी तथा सर्वनिष्ठ मुद्रा विरोधी भावना का संगम यूरो को खत्म कर देगा।,5.84,Bad,12,22,10
941,"the eu wont disappear, but it will revert to something more like the loose europe of the sovereign nations favoured by general de gaulle.",लेकिन यह कुछ और अधिक करने के लिए बदल जाएगा जैसे आम तौर पर द ड गॉज़ द्वारा प्रदान किया गया भगवान द्वारा अनुग्रहित राष्ट्रों का खुला विधन ।,"यूरो पूरी तरह समाप्त तो नहीं होगा, लेकिन यह फुटकर संप्रभु राष्ट्रों का यूरोप जैसे किसी रूप में वापस पहुंच जाएगा जिसे जनरल डि गॉल का समर्थन होगा।",24.69,Medium,29,28,1
942,germany and a few of its satellite economies might keep the euro but france and southern europe will revive their own currencies.,यह अनुमान लगाया गया है कि इस तरह की बीमारियों से लड़ने के लिए उसे पूरी तरह ठीक किया जा सकता है ।,"जर्मनी तथा इसकी कुछ अनुचर अर्थव्यवस्थाएं यूरो को बनाए रख सकती है, लेकिन फ्रांस तथा दक्षिणी यूरोप अपनी मुद्राएँ पुनः आरंभ करेंगे।",11.98,Bad,23,22,1
943,"i expect the uk will distance itself from this project, hoping to cosy up to the us.","मुझे उम्मीद है कि uke अपने आप से दूर इस परियोजना से दूर होगा, हम के लिए casyyyy करने की उम्मीद है.",मुझे अपेक्षा है कि यू.एस के साथ नजदीकियां बढ़ाने की उम्मीद में यू.के. खुद को इस प्रोजेक्ट से दूर रखेगा।,24.17,Medium,22,20,2
944,"however, washingtons growing interest in the pacific suggests britain will be left out in the atlantic cold.","लेकिन, मेस्किक में स्नान - संबंधी दिलचस्पी बढ़ती जाती है ।","तथापि, पैसिफिक में वांशिगटन की बढ़ती हुई रुचि संकेत देती है कि ब्रिटेन को ठंडे अटलांटिक में छोड़ दिया जाएगा।",15.66,Bad,11,20,9
945,where does this leave scotland?,यह कहाँ से जा रहा है ?,इन सबसे पश्चात स्कॉटलैंड का क्या होगा?,6.99,Bad,7,7,0
946,we can choose to be a region of essentially little england.,हम अनिवार्य रूप से छोटे ईंगलैंड का क्षेत्र होने के लिए चुन सकते हैं.,हम लिटिल इंग्लैंड का क्षेत्र आवश्यक रूप से बना रहना चुन सकते हैं।,47.2,Medium,14,13,1
947,or we can defend our own economic interests which includes telling berlin and brussels where to get off.,या हम अपने आर्थिक हितों की रक्षा कर सकते हैं जिसमें अपनी आर्थिक हितों को शामिल करना भी शामिल है जहाँ भाग लेना है ।,अथवा हम अपने खुद आर्थिक हितों की रक्षा कर सकते हैं जिसमें बर्लिन तथा ब्रसेल्स को सही समय पर अलग होने के लिए बताना शामिल है।,47.87,Medium,25,26,1
948,i suspect that scotland could do well inside a looser european arrangement provided we kept our own currency.,मुझे शक है कि हमने अपनी मुद्रा रख ली थी ।,"मुझे लगता है कि स्कॉटलैंड ढीली यूरोपीय व्यवस्था में बेहतर कार्यनिष्पादन कर सकता है, बशर्ते कि हम अपनी खुद की मुद्रा रखें।",16.71,Bad,11,22,11
949,cooperation with other likeminded countries will be easier in a nonfederal europe of the nations.,अन्य प्रकार के बुद्धिमान देशों के साथ सहयोग राष्ट्रों के एक अप्रचलित असंतुलन में आसान होगा ।,गैरसंघीय राष्ट्रों के यूरोप में अन्य समान सोच वाले देशों के साथ मिलजुलकर काम करना आसान होगा।,41.06,Medium,17,17,0
950,otherwise we should consider emulating norway and retaining our economic independence.,हमें अपनी आर्थिक स्वतंत्रता को बनाए रखना चाहिए ।,अन्यथा हमें नॉरवे के मार्ग पर चलते हुए अपनी आर्थिक स्वतंत्रता बनाए रखने के बारे में विचार करना चाहिए।,40.37,Medium,9,19,10
951,"the snp government in scotland is remarkably the most successful antiausterity political movement in europe, having won a spectacular majority in 2011 on the basis of opposing the cuts proposed and implemented by labours chancellor alistair darling and the subsequent torylib dem coalition.","सन्‌ 2011 में जब यह प्रस्ताव जारी किया गया था, तब से ज़्यादातर लोगों को यह देखकर बड़ा ताज्जुब हुआ कि वे अपनी जान बचाने के लिए अपनी जान बचाने के लिए तैयार हो गए हैं ।","स्कॉटलैंड में एस.एन.पी. सरकार उल्लेखननीय रूप से यूरोप में सबसे सफल मितव्ययिताविरोधी राजनीतिक अभियान रहा है, जिसने लेबर के चांसलर एलिस्टेयर डार्लिंग द्वारा प्रस्तावित तथा क्रियान्वित कटौतियों का विरोध करने तथा उसके पश्चात टोरीलिब डेम गठबंधन के आधार पर वर्ष में आश्चर्यजनक बहुमत जीता था।",14.07,Bad,37,45,8
952,it would be ridiculous now for scotland to vote for independence only to accept austerity imposed by berlin and brussels.,अब स्वतंत्रता के लिए वोट देने के लिए... / मैं ... केवल surrlin और sussels द्वारा लगाए गए एक पूंजी को स्वीकार करने के लिए.,"स्कॉटलैंड के लिए इस समय स्वतंत्रता के लिए वोट करना बेतुकी बात होगी, क्योंकि उस स्थिति में इसे बर्लिन और ब्रसेल्स द्वारा लगाए जाने वाले मितव्ययिता के नियम स्वीकार करने होंगे।",29.83,Medium,25,31,6
953,early puberty growing older sooner,शुरू - शुरू में बड़ा होना,समय से पहले यौवनः जल्दी बड़ा होना,24.69,Medium,6,7,1
954,"africanamerican and hispanic girls tend to reach puberty earlier than their white counterparts, research shows.",इस तरह के अध्ययन से पता चलता है कि वे बड़े होने लगते हैं ।,शोध दर्शाते हैं कि अफ्रीकीअमेरिकी तथा हिस्पैनिक लड़कियाँ अपनी उम्र की गोरी लड़कियों की तुलना में कम उम्र में यौवन प्राप्त कर लेती हैं।,9.45,Bad,15,24,9
955,physical changes dont mean puberty is imminent,शारीरिक बदलावों का मतलब समझ में नहीं आता,शारीरिक परिवर्तन का यह अर्थ नहीं है कि यौवन समीप है,19.76,Bad,8,11,3
956,theres no evidence that hormones or other chemicals are to blame,इस बात का कोई सबूत नहीं कि हार्मोन या दूसरे रसायनों पर दोष लगाया जाता है,इस बात के कोई साक्ष्य नहीं हैं कि हॉरमोन अथवा किसी अन्य रसायन को दोष दिया जा सकता है,28.52,Medium,16,19,3
957,experts think the obesity epidemic might be one trigger of early puberty,विशेषज्ञों का मानना है कि यह महामारी शुरू - शुरू में किशोरावस्था की शुरूआत में ही पैदा हो सकती है,"विशेषज्ञों का मानना है कि स्थूलता प्रकोप, कम आयु में यौवन का एक कारण हो सकता है",41.58,Medium,20,17,3
958,the trend toward early puberty is not as pronounced with boys,शुरू - शुरू में बड़े होने का चलन लड़कों से नहीं कहा जाता,समय से पहले यौवन का मामला लड़कों में उतना प्रभावी नहीं है,20.17,Medium,13,12,1
959,former cnn correspondent pat etheridge is a journalist specializing in childrens health and family issues.,भूतपूर्व संवाददाता मुखे से पेथ एथाइडर बच्चों के स्वास्थ्य और पारिवारिक मुद्दों में एक पत्रकार है ।,सी.एन.एन. के भूतपूर्व संवाददाता पैट ईथरिज बच्चों के स्वास्थ्य और पारिवारिक मुद्दों में विशेषज्ञ पत्रकार हैं।,65.73,Good,17,16,1
960,should a mother be alarmed if her daughter begins to sprout breast buds and pubic hair at 7 or 8?,क्या एक माँ को डर होना चाहिए यदि उसकी बेटी ७ या ८ में स्तन - कैंसर का पता लगाने लगती है?,"क्या मां को चिंतित होना चाहिए, यदि उसकी बेटी में या वर्ष की आयु में ही स्तनों का विकास तथा जननांग के बाल निकलना आरंभ हो जाएं?",27.26,Medium,22,27,5
961,"at the annual conference of the american academy of pediatrics this week in orlando, florida, pediatric endocrinologist dr. paul kaplowitz explained that these early physical changes are quite common among american girls and represent a new norm.","इस सप्ताह यालैंडो, वैगनो, कैफीन के जीव विज्ञान - विज्ञानी, कैफीन ने समझाया कि ये प्रारंभिक शारीरिक परिवर्तन आम हैं और एक नया और नम का प्रतिनिधित्व करते हैं ।","इस सप्ताह ऑरलैन्डो, फ्लोरिडा में अमेरिकी बाल चिकित्सा अकादमी के वार्षिक सम्मेलन में बाल चिकित्सा एंडोक्राइनोलॉजिस्ट डॉ. पॉल कैप्लोविट्ज ने स्पष्ट किया कि ये आरंभिक शारीरिक परिवर्तन अमेरिकी लड़कियों में आम बात है, ये नया चलन दर्शाते हैं।",25.28,Medium,30,38,8
962,"i spend a lot of time reassuring parents usually, this does not signal a rapid progression into full puberty, said kaplowitz.","मैं अकसर माता - पिता को आश्‍वासन देने में काफ़ी समय बिताता हूँ, यह पूरी युवावस्था में एक तेज़ प्रगति संकेत नहीं करता ।","कैप्लोविट्ज कहते हैं, मैं बहुतसा समय अभिभावकों को यह भरोसा दिलाने में खर्च करता हूँ कि आम तौर से यह पूर्ण यौवन की दिशा में द्रुत प्रगति को नहीं दर्शाता।",22.89,Medium,24,30,6
963,"obvious signs of development, such as budding breasts, pubic and underarm hair and body odor are appearing sooner in girls.","इस तरह के विकास की साफ निशानियाँ नज़र आती हैं, जैसे स्तन - पान, पब्लू और बाल और शरीर में गंध जल्दी दिखायी देती है ।","विकास के प्रत्यक्ष लक्षण जैसे स्तनों का अंकुरित होना, जननांग और काँख के बाल तथा शारीरिक गंध लड़कियों में समय से पहले दिख रही है।",23.45,Medium,26,25,1
964,but there has been only a slight shift in the age of menarche the first period over the past four decades.,लेकिन पिछले चार दशकों से पहले की अवधि में केवल थोड़ी - सी वृद्धि हुई है ।,लेकिन पिछले चार दशकों में रजोदर्शन प्रथम मासिकधर्म की आयु में बहुत मामूली परिवर्तन रहा है।,30.19,Medium,17,16,1
965,"in the united states, the average age is 12.5 years, down from 12.75 in 1970.","संयुक्‍त राष्ट्र के अनुसार, औसत उम्र १२.५ साल है, जो १९७० में १२.५ से कम है ।","युनाइटेड स्टेट्स में, औसत आयु . वर्ष है, जो वर्ष में . थी।",19.32,Bad,17,13,4
966,"once breasts begin to develop, it takes at least two to three years before menarche, said kaplowitz, also author of early puberty in girls the essential guide to coping with this common problem.","इस समस्या का सामना करने के लिए लड़कियों की शुरूआती लड़कियों का लेखक, कवर - माँ का कहना है कि स्तन - पान सिर्फ दो से तीन साल पहले ही शुरू होता है ।","जब स्तन विकसित होना शुरू होते हैं तो प्रथम रजोदर्शन में कम से कम दो से तीन वर्ष लगते हैं कैप्लोविट्ज बताते हैं , जो लड़कियों में समयपूर्व यौवनः इस आम समस्या से निपटने के लिए आवश्यक मार्गदर्शिका। के लेखक भी हैं",23.66,Medium,34,42,8
967,time is the most accurate test of how puberty is going to progress.,समय सबसे यथार्थ परीक्षा है कि किशोरावस्था में कैसे प्रगति हो रही है ।,यौवन के विकास का सबसे सटीक परीक्षण समय है।,24.96,Medium,14,9,5
968,"there is debate about what constitutes the actual onset of puberty, but it is considered precocious when breast enlargement is accompanied by a growth spurt before age 8.","इस बारे में बहस की जाती है कि जवानी का असली भाग क्या है, लेकिन जब स्तन - पान को बड़ा किया जाता है, तब यह अतिश्‍यक माना जाता है जब उसकी उम्र 8 से ज़्यादा हो जाती है ।","यौवन का आरंभ क्या है, इस बारे में बहस होती है, लेकिन जब वर्ष की आयु से पहले स्तन विकास के साथ वृद्धि होती है दो इसे बालप्रौढ़ कहते हैं।",31.19,Medium,40,30,10
969,"in most cases, the process will slow down or stall something a pediatrician can monitor closely.","ज़्यादातर मामलों में, इस प्रक्रिया को धीमी गति से या नल - जैसी चीज़ को ध्यान में रखते हुए कम किया जा सकता है ।",अधिकांश मामलों में यह प्रक्रिया धीमी हो जाएगी अथवा रुक जाएगी जिसका बाल चिकित्सक नज़दीक से निरीक्षण कर सकते हैं।,27.74,Medium,25,20,5
970,a more rapid progression may warrant tests by an endocrinologist to rule out serious problems such as tumors or cysts.,"एक और तेज़ी से उन्‍नति के लिए एक प्रमोदिस्ट विशेषज्ञ को जाँच - पड़ताल करने की ज़रूरत पड़ सकती है, जैसे कि ट्यूमर या काल - रोग जैसी गंभीर समस्याओं का हल करने के लिए ।",अधिक द्रुत प्रगति की स्थिति में एन्डोक्राइनोलॉजिस्ट द्वारा जांच की आवश्यकता हो सकती है ताकि ट्यूमर्स अथवा सिस्ट जैसी गम्भीर समस्याओं की संभावनाओं को दूर किया जा सके।,26.52,Medium,36,28,8
971,there are treatments to delay early menses and ward off another consequence premature aging of the bones that ultimately can lead to stunted growth and being short as an adult.,इस वजह से कई लोगों को यह बीमारी लगने लगी है ।,"समयपूर्व मासिकधर्म तथा अन्य परिणामों को विलम्बित करने के लिए उपचार हैंः अस्थियों की समयपूर्व आयुवृद्धि, जिसके कारण अविकसित वृद्धि तथा वयस्क के रूप में नाटा कद हो सकता है।",5.6,Bad,12,30,18
972,"recommendations for drug or hormone therapy are based on the childs age, rate of development, growth rate and emotional maturity.","दवा या हार्मोन चिकित्सा के लिए सलाहएँ शिशु की उम्र, विकास की दर, वृद्धि दर और भावात्मक प्रौढ़ता पर आधारित हैं ।","ड्रग अथवा हॉरमोन उपचार के लिए संस्तुतियाँ, बच्चे की आयु, विकास दर, वृद्धि दर, तथा भावनात्मक वयस्कता पर निर्भर करती हैं।",31.29,Medium,22,21,1
973,"psychosocial aspects are important, too.",मानसिक स्वास्थ्य - संबंधी पहलू भी महत्त्वपूर्ण हैं ।,मनोवैज्ञानिक पहलू भी महत्वपूर्ण हैं।,55.79,Good,9,5,4
974,"kaplowitz is cautious with medication but acknowledges, suppressing puberty may alleviate behavioral issues and girls feelings of being different from peers.","जब आप अपने साथी से अलग हो जाते हैं, तो उनकी भावनाओं और भावनाओं को ठेस पहुँच सकती है ।","कैप्लोविट़ज दवाओं के बारे में सजग हैं लेकिन स्वीकार करते हैं, यौवन को दबाना व्यवहारात्मक मुद्दे बढ़ा सकता है, तथा लड़कियों अपने साथियों से अलग महसूस करने लग सकती हैं।",17.69,Bad,20,30,10
975,the other big issue is understandable parents simply dont want their very young daughters having periods.,दूसरी बड़ी समस्या यह है कि माता - पिता सिर्फ यह नहीं चाहते कि उनकी छोटी बेटियों के साथ समय बिताया जाए ।,दूसरी बड़ी समस्या समझी जा सकती हैः अभिभावक बस नहीं चाहते कि उनकी कम आयु की बेटी को मासिकधर्म हो।,42.38,Medium,23,20,3
976,"they worry about the risk of pregnancy or even how they will handle hygiene, said kaplowitz.","वे गर्भावस्था के ख़तरे के बारे में चिंता करते हैं या यह भी कि वे स्वच्छता को कैसे संभालेंगे, केरोलोवा ने कहा ।","कैप्लोविट़ज ने कहा, वे गर्भ के जोखिम के बारे में चिंता करते हैं, या फिर यह कि वे किस तरह से स्वच्छता बनाए रखेंगी।",45.18,Medium,23,24,1
977,"it was a shock, recalls one woman whose daughter started her period at 10.","यह एक सदमा था, याद करती है कि एक स्त्री जिसकी बेटी ने १० साल की उम्र शुरू की थी ।","एक महिला, जिनकी बेटी को वर्ष की उम्रे में मासिक धर्म आरंभ हो गया था, याद करती हैं, यह झटका था।",31.31,Medium,21,21,0
978,"even though there were signs and we had talked about menstruation, she was not emotionally prepared.","हालाँकि वहाँ चिन्ह थे और हमने मासिक - धर्म के बारे में बात की थी, फिर भी वह भावात्मक रूप से तैयार नहीं थी ।","यद्यपि इस बात के लक्षण थे तथा हमने मासिकधर्म के बारे में बात भी की थी, लेकिन वह भावनात्मक रूप से तैयार नहीं थी।",56.14,Good,25,24,1
979,she came home from school scared and upset to be the first among her friends.,वह स्कूल से डर गयी और अपने दोस्तों के बीच पहले होने से परेशान हो गयी ।,वह अपने स्कूल से डरी हुई तथा परेशान लौटी कि अपनी सहेलियों में उसे सबसे पहले मासिक धर्म आरंभ हुआ था।,25.01,Medium,17,21,4
980,there are lots of wellpublicized theories about the causes of precocious puberty.,इस वजह से कई लोगों का मानना है कि किशोर उम्र में बड़े - बड़े बदलाव करने की वजह से उनके पास ढेरों सिद्धांत हैं ।,असामयिक यौवन के कारणों के बारे में बहुत से सुप्रचलित सिद्धांत हैं।,30.39,Medium,26,12,14
981,"yet, theres no consistent body of evidence that hormones in milk or other foods, chemicals in the environment or sexual messages in the media are to blame.","फिर भी, ऐसा कोई प्रमाण नहीं कि संचार में हार्मोन या अन्य भोजन में हार्मोन, पर्यावरण या लैंगिक संदेशों में दोष हैं ।","फिर भी, इस बात के कोई सतत साक्ष्य नहीं है कि दूध अथवा अन्य खाद्यपदार्थों में हॉरमोन, पर्यावरण में रसायन अथवा मीडिया में यौनोन्मुखी संदेशों पर आरोप लगाया जा सके।",29.5,Medium,23,30,7
982,boys like girls are hitting puberty earlier.,लड़कियों की तरह लड़कों को पहले किशोरावस्था में फँसना पड़ता है ।,लड़के भी लड़कियों की ही तरह समयपूर्व यौवन प्राप्त कर रहे हैं।,28.93,Medium,12,12,0
983,kaplowitz contends the premise that holds the most weight is the epidemic of obesity.,इस धारणा का सामना करना मुश्‍किल हो सकता है ।,कैप्लोविट़ज यह नियम निर्धारित करते हैं कि इसका सबसे मुख्य कारण स्थूलता का प्रकोप है।,13.6,Bad,10,15,5
984,he helped conduct a 2001 study of 6 to 9yearold girls that links body fat to the timing of puberty.,उसने 2001 से 9 साल की लड़कियों का अध्ययन करने में मदद दी ।,"उन्होंने वर्ष में से वर्ष की लड़कियों के ऊपर अध्ययन संचालित करने में सहायता की थी, जो शरीर के वसा को यौवन के समय के साथ जोड़ती है।",21.75,Medium,14,28,14
985,"other findings support this conclusion, but there are many other contributing factors.","दूसरे खोज इस निष्कर्ष का समर्थन करते हैं, लेकिन अनेक अन्य कारण हैं ।","अन्य परिणाम इस निष्कर्ष का समर्थन करते हैं, परन्तु इसमें योगदान करने वाले बहुत से अन्य कारक भी हैं।",44.31,Medium,14,19,5
986,"in this country, africanamerican and hispanic girls tend to reach puberty earlier than their white counterparts.","इस देश में, एक नामी नामी नामिक और उसकी लड़कियों की उम्र, उनके सफेद साथियों से ज़्यादा होती है ।","इस देश में, अफ्रीकीअमेरिकी तथा हिस्पैनिक लड़कियों में अपनी आयु वाली गोरी लड़कियों से पहले यौवन प्राप्त करने की प्रवृत्ति होती है।",26.66,Medium,20,22,2
987,there are varying explanations.,इस बारे में अलग - अलग दलीलें दी गयी हैं ।,इस बात के बहुतसे स्पष्टीकरण हैं।,14.85,Bad,11,6,5
988,"globally, patterns of early puberty appear to be influenced by everything from economic conditions to climate to genes.","विश्‍व - भर में, शुरू - शुरू में जवानी के तौर - तरीके हर तरह के होते हैं ।","वैश्विक स्तर पर, समयपूर्व यौवन का प्रतिरूप, आर्थिक स्थितियों से लेकर मौसम व जीन्स तक, सभी चीजों से प्रभावित प्रतीत होते हैं।",13.49,Bad,19,22,3
989,"another conundrum although boys are getting facial and pubic hair at younger ages, the trend toward fullblown early puberty is not as pronounced as it is with girls.","जबकि छोटे उम्र में लड़के चेहरे और उप - बाल देख रहे हैं, छोटी उम्र में पूर्ण - समय की जवानी की ओर यह चलन नहीं जैसा कि लड़कियों के साथ कहा जाता है ।","अन्य पहेलीः यद्यपि लड़के चेहरे व जननांग के बाल कम उम्र में प्राप्त कर रहे हैं, लेकिन पूर्ण रूप से यौवन का चलन उनमें लड़कियों जितना स्पष्ट नहीं है।",34.71,Medium,35,29,6
990,other doctors attending the aap conference reinforced the complexities of the topic.,सम्मेलन में उपस्थित अन्य डॉक्टर इस विषय की जटिलताओं को मज़बूत करते हैं ।,ए.ए.पी. सम्मेलन में उपस्थित होने वाले अन्य चिकित्सकों ने विषय की जटिलताओें का समर्थन किया।,41.57,Medium,14,15,1
991,the appearance of acne and pubic hair is common even in infants and toddlers.,शिशुओं और शिशुओं में भी ऐसा ही होता है ।,यहां तक कि शिशुओं और बच्चों में भी मुहांसे और जननांग के बाल देखा जाना आम हो गया है।,21.77,Medium,10,19,9
992,"we need to be careful about how we identify the true onset of puberty, said dr. lawrence silverman, a pediatric endocrinologist at goryeb childrens hospital in morristown, new jersey.",हमें इस बात का ध्यान रखना चाहिए कि हम बड़ों की जवानी के बारे में सही - सही जानकारी कैसे हासिल कर सकते हैं ।,"मॉरिसटाउन, न्यूजर्सी में गॉरयेब चिल्ड्रेन्स हॉस्पिटल में बाल चिकित्सक एन्डोक्राइनोलॉजिस्ट, डॉ. लॉरेन्स सिल्वरमैन कहते हैं, हमें इसके बारे में सावधान रहने की आवश्यकता है कि हम यौवन के वास्तविक आरंभ की किस तरह से पहचान करते हैं।",17.02,Bad,25,37,12
993,parents should not hesitate to get guidance from their pediatrician about how to talk with their child.,अपने बच्चे से बात करने के बारे में माता - पिता को अपने सौतेले बच्चों से मार्गदर्शन लेने से पीछे नहीं हटना चाहिए ।,अभिभावकों को इस बारे में राय लेने के लिए अपने बाल चिकित्सक से मार्गदर्शन लेने में संकोच नहीं करना चाहिए कि अपने बच्चों से कैसे बात करें।,44.16,Medium,24,27,3
994,"it may mean having a soonerthanexpected conversation, kaplowitz advised.",इसका मतलब हो सकता है कि हमें जल्दी से उम्मीद की गयी बातचीत करनी चाहिए ।,"कैप्लोविट्ज ने सलाह दी, इसका अर्थ अपेक्षित समय से पहले बातचीत करना हो सकता है।",29.03,Medium,16,15,1
995,"if you remain calm, your child usually will respond well.","अगर आप शांत रहें, तो आपका बच्चा आम तौर पर अच्छा रहेगा ।",यदि आप शांत रहेंगे तो आपका बच्चा सामान्यतः ठीक से उत्तर देगा।,40.04,Medium,13,12,1
996,"girls who blossom early need reassurance that, even when it happens ahead of schedule, the process is a normal part of life.","जो लड़कियाँ जल्दी फूलती हैं, उन्हें आश्‍वासन की ज़रूरत है कि, जब समय - समय पर यह होता है, तब भी जीवन का सामान्य भाग है ।",समय से पूर्व विकास करने वाली लड़कियों का यह भरोसा दिलाए जाने की आवश्यकता होती है कि भले ही यह समय से पूर्व हो रहा हो लेकिन यह सामान्य जीवन का हिस्सा है।,23.3,Medium,27,33,6
997,a drop in temperature of 3.1 degrees was recorded on thursday.,31 डिग्री के तापमान में एक बूँद को काटा गया था ।,वीरवार को तापमान में . डिग्री सेल्सियस गिरावट दर्ज की गई।,27.7,Medium,12,11,1
998,the rain and cold wind on wednesday night made people feel cold.,रात को बारिश और ठंडी हवा की वजह से लोग ठंड महसूस करते थे ।,बुधवार रात को हुई बारिश व ठंड हवा ने लोगों को खूब ठंड का एहसास कराया।,23.83,Medium,15,16,1
999,on thursday people left for the markets and their other destinations wearing sweaters.,दिन में लोगों को बाजारों के लिए और उनकी दूसरी मंज़िलों के जूते पहने हुए छोड़ दिया.,वीरवार को लोग स्वेटर पहन कर बाजारों व अपने गंतव्य की ओर निकले।,20.44,Medium,17,13,4
1000,after the first rain of the winter people took out their quilts.,सर्दियों के पहले बारिश के बाद... ... लोगों की अपने कटर बाहर ले गया.,सर्दी की पहली बारिश होने पर लोगों ने रजाई भी निकाल ली है।,23.61,Medium,14,13,1
1001,people were seen enjoying the sunshine in the morning.,सुबह को लोग धूप का मज़ा लेते हुए देख रहे थे ।,सुबह में लोग धूप का आनंद लेते भी नजर आए।,33.22,Medium,12,10,2
1002,once the climate changes there will be relief from colds and other illnesses but after that the clouds kept playing hide and seek with the sun.,एक बार जब मौसम बदल जाएगा तब ठंड और दूसरी बीमारियों से राहत मिलेगी ।,"मौसम बदलते ही जुकाम आदि बीमारी से भी काफी राहत मिलेगी, लेकिन उसके बाद दिनभर बादल छाए रहने से धूप छांव का सिलसिला जारी रहा।",21.91,Medium,15,25,10
1003,the children also went to school wearing sweaters.,बच्चे कपड़े पहनने के लिए स्कूल भी गए ।,बच्चे भी स्वेटर पहन कर अपने स्कूल पहुंचे।,24.34,Medium,9,8,1
1004,according to the air force weather department the maximum temperatures on thursday was 25.1 degree celsius and the minimum temperatures was 13.7 degree celsius.,"हवा के मौसम विभाग के मुताबिक, दिन में कम तापमान 25 डिग्री सेल्सियस और कम तापमान 1337 डिग्री का होता था ।","वहीं, एयरफोर्स मौसम विभाग के मुताबिक वीरवार को अधिकतम तापमान . डिग्री सेल्सियस व न्यूनतम तापमान . डिग्री सेल्सियस रहा।",45.49,Medium,22,20,2
1005,7.8 millimetres of rainfall was recorded.,"7.8,000 बारिश के बारे में लिखा गया था ।",जबकि . मिलीमीटर बारिश दर्ज की गई।,14.86,Bad,9,7,2
1006,according to the weather department the skies will be cloudy.,मौसम के अनुसार आकाश बादल बरसेगा.,मौसम विभाग के अनुसार आगे भी आसमान पर बादल छाए रहेंगे।,28.36,Medium,6,11,5
1007,jet makers feud over seat width with big orders at stake,बंदरगाह पर बड़े आदेशों के साथ विमानों का सामना करना,सीट चौड़ाई के लिए विवाद से जेट निर्माताओं के बड़े ऑर्डर्स दांव पर ।,12.71,Bad,10,14,4
1008,"a row has flared up between leading plane makers over the width of touristclass seats on longdistance flights, setting the tone for a bitter confrontation at this months dubai airshow.",हवाई - जहाज़ बनानेवाले विमानों के बीच लंबे अरसे से घूमने - फिरने के लिए हवाई - अड्डे पर एक कतार लगी हुई है ।,इस महीने के दुबई ऐर्शो के लिए झगड़े के लिए लय स्थापित करते हुए एक होड़ लग गयी है लंबी दूरी की उड़ानों के लिए पर्यटकक्लास की सीटों की चौड़ाई के लिए अग्रणी विमान निर्माताओं के बीच,17.63,Bad,25,37,12
1009,"the dispute focuses on the width of seats provided on longhaul flights for economy passengers not always the ones most courted by airlines, but whose allocated space holds the key to efficiency claims for the latest jets offered by airbus sas and boeing co.",इस झगड़े की वजह से हवाई जहाज़ के यात्रियों के लिए लंबी - चौड़ी सीटें बनायी जाती हैं और वे हमेशा सबसे ज़्यादा अदालती नहीं होते ।,"विवाद लंबी उड़ानों के विमानो मे ईकॉनोमी क्लास की सीट की चौड़ाई पर केंद्रित है, हमेशा जैसे एरलाइन्स द्वारा दिए जाने जैसे नही परंतु जिसकी आबंटित स्थान दक्षता को लेटेस्ट जेट एरबस और बोईन्ग कंपनी ने कुंजी होने का दावा किया है ।.",15.84,Bad,27,43,16
1010,"airbus this week called for an industry standard that would provide for a seat at least 18 inches 46 cm wide in economy cabins, but its u.s. archrival boeing says it should be for airlines to decide.","इस सप्ताह हवाई जहाज़ ने एक उद्योग स्तर की माँग की जो कम - से - कम १८ सेंटीमीटर चौड़ा सीट प्रदान करेगा, लेकिन इसके भूतपूर्व भाग में ।",एरबस इस इस हफ्ते ईकॉनोमी कॅबिन मे कम से कम इंच ४६ सेमी की विस्तृत सीट दे ऐसे इंडस्ट्री मानक की आशा की है लेकिन यह एरलाइन्स द्वारा तय होना चाहिए उसके मुख्याप्रतिद्वंद्वी बोइंग का कहना है ।,15.09,Bad,29,38,9
1011,"the dispute comes as plane makers vie to sell everlarger versions of their twinengined longdistance aircraft, with potentially record orders expected at the november 1721 event.","यह विवाद तब आता है जब विमान बनानेवाले अपने दो बड़े - बड़े संस्करणों को बेचने की कोशिश करते हैं, और संभव है कि रिकॉर्ड 1721 की घटना पर प्रत्याशित था ।",विवाद विमान निर्माताओ के बीच तब आता है जब की घटना के बाद संभावित दर्ज किए गये ऑर्डर मे से लंबी दूरी के एरक्रॅफ्ट के जुड़वां इंजन के बड़े वर्सन को बेचने की होड़ लगी ।,27.44,Medium,32,36,4
1012,how the back of the plane is laid out particularly whether seating is 9 or 10 abreast is central to the economic performance claims being made for new minijumbo jet designs.,"विमान की पीठ विशेष रूप से किस तरह जाँच की जाती है कि क्या सीट 9 या 10 के बराबर है, आर्थिक प्रदर्शन के लिए केंद्र है जो दावा करता है कि नए छोटे - छोटे जेट विमानों के लिए बनाया जा रहा है ।",विमान का पिछला विभाग कैसे बनाया गया है विशेष रूप से कि क्या सीटिंग या बराबर है अधिक क्षमता के दावो को ध्यान मे रखते हुए मिनी जंबो जेट्स के डिज़ाइन तैयार किए जा रहे है?,32.17,Medium,45,36,9
1013,boeing says its revamped 777x will hold 406 people based on economy seats more than 17 inches wide and set out 10 in each row.,अखबार कहता है कि इसके दोबारा तैयार किए गए 777x लोगों को 20 इंच से ज़्यादा ऊँची जगह पर रखा जाएगा और हर पंक्‍ति में 10 रख दिया जाएगा ।,बोइंग का कहना है यह बनाया है जो लोगों को इंच चौड़ी और एक पंक्ति मे लोगो एकनामिक विभाग मे रखेगा ।,22.36,Medium,30,22,8
1014,airbus says the competing version of its a350 will carry 350 people in 18inchwide economy seat laid out 9 abreast.,"हवाई - जहाज़ कहते हैं कि सन्‌ 1850 में, सन्‌ 1850 में, दुनिया - भर में करीब 350 लोगों को अपनी मंज़िल पर ले जाया जाएगा ।",एयरबस का कहना है की के साथ होड़ करते हुए यह लोगों को इंच छोड़ी बराबर रखी सीट में ले जाएगा।,22.45,Medium,27,21,6
1015,plane giants often trade blows on technical matters through advertising in the trade press.,व्यापार प्रेस में विज्ञापन के माध्यम से विमान - चालक अकसर तकनीकी मामलों पर वार करते हैं ।,विमान दिग्गज अक्सर व्यापार प्रेस में विज्ञापन के माध्यम से तकनीकी मामलों पर व्यापार प्रहार करते है ।,66.63,Good,18,18,0
1016,"now, airbus is appealing directly to the public ahead of the dubai airshow, where the 777x is expected to dominate with more than 100 orders.","अब, हवा के सीधे रूप से आटेई हवाई - दृश्‍य - दृश्‍य दिखाने के लिए आकर्षक है, जहाँ ७77x से ज़्यादा आदेशों पर प्रभुता करने की अपेक्षा की जाती है ।","अब, एयरबस के साथ दुबई ऐर्शो मे से अधिक ऑर्डर पर हावी होने की आशा है, ऐसा आगे जनता को अपील कर रही है।",19.11,Bad,31,24,7
1017,"it recently previewed what may be the start of a new ad war by showing financiers a slide illustrating three people squashed together at a restaurant, titled would you accept this?","हाल ही में यह दिखाया गया था कि एक नए युद्ध की शुरूआत क्या हो सकती है, जो एक स्लाइड शो दिखाने के द्वारा तीन लोगों को एक रेस्तराँ में इकट्ठा किया जाता है, जिसका शीर्षक है आप इसे स्वीकार करेंगे?",हाल ही मे यह देखा जा रहा है की विगियापन युद्ध की शुरुआत कुछ भी रही हो ये फिनँसेरो को यह दिखाते हुए एक साथ एक रेस्तरा मे तीनो एक साथ क्या यह आप स्वीकार करोगे?,37.19,Medium,41,36,5
1018,"boeing is proposing longdistance flying in seats narrower than regional turboprops, said airbus sales chief john leahy.",हवाई जहाज़ की बिक्री के मुख्य लेसेरे की बिक्री ने कहा कि सीटों पर लंबी दूरी पर उड़ान मचा रही है ।,एयरबस बिक्री प्रमुख जॉन लेही ने बोइंग क्षेत्रीय टर्बो से भी संकरीसीटों में लंबी दूरी की उड़ान पेश कर रही है कहा।,29.58,Medium,22,22,0
1019,"as diets change, people get bigger but plane seating has not radically changed.","भोजन के परिवर्तन के तौर पर, लोग बड़े होते हैं लेकिन विमान सीटों में भारी बदलाव नहीं हुआ है ।","बदलाव के रूप मे , लोगों को भले बड़ा मिल रहा हो, लेकिन विमान बैठने का तरीका बदला नहीं है।",30.41,Medium,20,20,0
1020,"between the early 1970s, when the boeing 747 jumbo defined modern longhaul travel, and the turn of the century, the weight of the average american 40 to 49yearold male increased by 10 per cent, according to u.s. health department data.","सन्‌ 1970 के दशक की शुरूआत में, जब 747 डेमबो ने आधुनिक लंबा सफर के बारे में बताया, और इस सदी की बारी, औसत अमिकन 40 से 49 प्रतिशत की औसत उम्र के लड़के की गिनती 10 प्रतिशत बढ़ गयी ।","अमरीकी स्वास्थ्य विभाग के आंकड़ों के अनुसार के दशक के बीच जब बोइंग जंबो आधुनिक लंबे समय यात्रा परिभाषित किया , और सदी के औसत वर्षीय अमेरिकी नर वजन प्रतिशत वृद्धि हुई ।",25.37,Medium,41,33,8
1021,"the waist of the average 21stcentury american male is 39.7 inches, according to u.s. health statistics.",यह अनुमान लगाया गया है कि हर साल दस लाख से ज़्यादा लोगों की मौत हो जाती है ।,"अमेरिकी स्वास्थ्य सांख्यिकी के अनुसार वीं सदी मे औसत अमेरिकी पुरुष की कमर . इंच, है।",9.53,Bad,19,16,3
1022,"airbus says its rival is sticking to a seat concept from the 1950s, when the average girth of the newly christened jet set was narrower.",हवाई जहाज़ कहते हैं कि इसका विरोधी 1950 के दशक से सीट की धारणा से जुड़ा हुआ है ।,"एयरबस का कहना है की इसका प्रतिद्वंद्वी की एक सीट अवधारणा से चिपके हुए है जब नये नाम जेट सेट की औसत परिधि संकरी थी , ।",17.59,Bad,19,27,8
1023,airbus says it has commissioned research suggesting an extra inch in seat width improves sleep quality by 53 per cent.,"हवाई - जहाज़ कहते हैं कि इसने सीट चौड़ाई में एक अतिरिक्‍त इंच का सुझाव दिया है, जिससे 53 प्रतिशत सोने का गुण बढ़ता है ।",एयरबस का कहना है की उन्होने रिसर्च कमिशन स्थापित किया है जो सीट की चौड़ाई में एक अतिरिक्त इंच फीसदी नींद की गुणवत्ता में सुधार का सुझाव दे।,33.08,Medium,26,28,2
1024,boeing disputes airbuss figures on seat measurements and says it is not up to manufacturers to step into decisions on how airlines balance fares and facilities.,सीट माप पर हवाई - जहाज़ के अंदरूनी हिस्सों में आपसी झगड़ों को सुलझाने के लिए यह कहना सही नहीं होगा कि हवाई जहाज़ का संतुलन और सुविधाओं के बारे में क्या फैसला किया जा सकता है ।,"बोइंग ने एयरबस के सीट माप के आँकड़ो पर विवाद किया , और कहा है की यह निर्माताओं के फैसले पर निर्भर नहीं है की कैसे एयरलाइंस किराए और सुविधाओ के बीच संतुलन बनती है ।.",27.76,Medium,38,36,2
1025,it also says research shows cabin experience depends on more than the width of a seat.,यह खोज भी दिखाती है कि कैबिन का अनुभव एक सीट की चौड़ाई से ज़्यादा पर निर्भर करता है ।,"यह भी कहते हैं, की रिसर्च से पता चलता है एक सीट की चौड़ाई से अधिक केबिन के अनुभव पर निर्भर करता है।",44.62,Medium,20,23,3
1026,"it really comes down to providing flexibility to airlines and allowing them to do the things that they believe they need to do to be successful, said boeing cabins expert kent craver.",वे मानते हैं कि उन्हें कामयाबी हासिल करने की ज़रूरत है ।,बोइंग केबिन विशेषज्ञ केंट क्रावेर ने कहा कि.यह वास्तव में एयरलाइनों को लचीलापन प्रदान करने मे और उन चीजों पर जिन्हेविश्वास है कि वे सफल होने के लिए क्या करने की जरूरत है यह बताते है ।,13.69,Bad,12,37,25
1027,they dont want us to dictate to them what makes them profitable.,वे नहीं चाहते कि हम उनसे पूछें कि उन्हें किस बात से फायदा होता है ।, वे हमें यह नही बताना चाहते की उन्हे किससे लाभ है।,31.21,Medium,16,11,5
1028,they know their business better than anyone else.,वे अपने व्यापार बेहतर किसी और से बेहतर जानते हैं.,उन्हे उनके व्यवसाय का बेहतर पता है किसी और की तुलना मे।,24.94,Medium,10,12,2
1029,"for flyers it is about more elbow room, but for suppliers it is increasingly an issue that could affect earnings.","यह और भी ज़्यादा क्रिप्टो रूम के बारे में है, लेकिन आपूर्ति के लिए यह एक ऐसा मुद्दा है जो कमाई को प्रभावित कर सकता है ।","फ्लाइयर्स के लिए यह कोहनी कमरे के बारे में है, लेकिन आपूर्तिकर्ताओं के लिए यह तेजी से एक मुद्दा है कि यह आय को प्रभावित कर सकता है।",53.01,Good,27,28,1
1030,"behind the dispute is a race for plane orders with at least 700billion of estimated business at list prices in coming decades, enough to tip the scales of u.s. and european exports.","इस झगड़े के पीछे विमान के आदेशों की एक दौड़ होती है जो आनेवाले दशकों में अनुमानित व्यवसाय की सूची में कम - से - कम ७,००,००० मूल्यों के साथ होती है, जो कि यू. एस.","इस विवाद के पीछे कम से कम अरब डॉलर के व्यापार का अंदाज है विमान ऑर्डर की स्पर्धा अमेरिकी और यूरोपीय निर्यात का तराजू टिप करने के लिए आने वाले दशकों में, पर्याप्त है।",24.71,Medium,36,34,2
1031,"as reuters first reported in july, seat layout is exactly what drives the battle between the latest jets.","जैसा कि पहले बताया गया था, सीट लेआउट उसी तरह है जो नवीनतम जेटों के बीच लड़ाई को चलाता है ।","रायटर की रिपोर्टने बताया जुलाई में पहली बार,की क्या सीट लेआउट वास्तव में नये जेट विमानों के बीच लड़ाईका मुद्दा है।",30.84,Medium,21,21,0
1032,"both airbus and boeing claim 20 per cent better efficiency per seat in their latest twinengined longhaul designs than the market leader in that segment, the 365seat boeing 777300er.",इस खंड में बाज़ार के नेता की तुलना में हवाई - जहाज़ और बिस्कुट हर 20 प्रतिशत बेहतर मात्रा में 20 प्रतिशत का दावा करते हैं ।,"एयरबस और बोइंग ने दावा किया की प्रति सीट प्रतिशत कार्यदक्शता हुई है उनके नये जुड़वा एंजिन डिज़ाइन मे उस खंड के लीडर की, सीट बोइंग एर की तुलना मे।",27.5,Medium,27,30,3
1033,boeings performance claims depend in part on comparing the 10abreast 777x with an original 9abreast 777 design.,"इसका मतलब है कि यह काम सिर्फ 10axx की तुलना में किया जा सकता है, जो मूल 9a77 डिज़ाइन के साथ होता है ।",बोइंग के प्रदर्शन का दावा निर्भर करता है वाला एक्स वन मूल वाला डिजाइन के साथ तुलना पर ।,22.74,Medium,24,19,5
1034,the gain in unit costs is blunted compared with 10abreast now in use.,एक इकाई के खर्चों में मिलनेवाले लाभ की तुलना अब इस्तेमाल में 10aagle से की गयी है ।,इकाई लागत में लाभ के साथ बराबर अब तुलना का उपयोग हुआ है।,21.72,Medium,18,13,5
1035,"the reason boeing are doing this is to cram more seats in to make their plane more competitive with our products, said kevin keniston, head of passenger comfort at europes airbus.","इसका कारण यह है कि विमान हमारे उत्पादों के साथ ज़्यादा प्रतिस्पर्धा करने के लिए अपने विमान को और अधिक सीटों पर बैठने के लिए है, ने कहा, एग्विन म्यून ने कहा, Ukanssssssss पर सांत्वना का प्रमुख ।","केविन केनिस्टन, यूरोप के एयरबस यात्री सुविधा के हेड का कहना है बोइंग का यह उनके विमान हमारे उत्पादों, के साथ और अधिक प्रतिस्पर्धी बनाने के लिए और अधिक सीटों पर कब्जा करने के लिए कर रहा है ।",42.6,Medium,38,39,1
1036,"on the other hand, analysts say full 10seatperrow cabins for existing 777s suggest many passengers are voting for the denser layout, which may go hand in hand with cheaper fares.","दूसरी ओर, अनुमानों से पता चलता है कि मौजूदा 777 के लिए पूरा 10 बजे के घर में बहुत सारे यात्री, घने खाका के लिए वोट दिए जाते हैं, जो शायद लकड़ी की मात्रा के साथ हाथ में हाथ बँटाए ।","दूसरी तरफ, विश्लेषकों का कहना है पूरे सीटप्रति पंक्ति केबिन मौजूदा के लिए सुझाव है कि कई यात्रियों का डेनसर लेआउट के पक्ष मे है, जो साथ ही साथ सस्ते किराए के साथ जा सकते हैं।.",25.21,Medium,41,36,5
1037,"eighteen inches in seat width would be great for passengers, but the reality is that from a business point of the airbus proposal is driven by the threat of the 777, said cabin interiors expert mary kirby, founder and editor of the runway girl network.","सीट चौड़ाई के 18 इंच यात्रियों के लिए बहुत बड़ा होगा, लेकिन हकीकत यह है कि हवाई अड्डे के प्रस्ताव से 777 के आस - पास के अंदर के अंदर के अंदर के अंदर के अंदर के अंदर के अंदर के अंदर के अंदर के अंदर के अंदर का हिस्सा था, जिसका ज़िक्र उसने किया था ।","केबिन अंदरूनी विशेषज्ञ मेरी कर्बी, संस्थापक और संपादक के रनवे लड़की नेटवर्क ने कहा अठारह इंच की सीट चौड़ाई यात्रियों के लिए बहुत बढ़िया रहेगा, लेकिन वास्तविकता यह है कि एयरबस का यह व्यापार बिंदु प्रस्ताव की धमकी के द्वारा संचालित है",30.47,Medium,57,42,15
1038,airbus and boeing do not supply seats but offer a catalogue of suppliers for airlines to choose from.,"हवाई जहाज़ और बफलिंग सीटें प्रदान नहीं करते, लेकिन हवाई जहाज़ से चुनने के लिए प्रबन्ध करते हैं ।",एयरबस और बोइंग सीटों की आपूर्ति नहीं करते लेकिन एयरलाइंस के लिए आपूर्तिकर्ताओं से चुनने के लिए एक सूची प्रदान कर रहे हे।,30.86,Medium,19,23,4
1039,globetrotting jet sellers even carry tape measures to check on competing layouts.,विश्‍वव्यापी जेट विक्रेताओं के लिए टेप का काम भी करते हैं ।,दुनिया भर के जेट विक्रेता भी इस लेआउट्स स्पर्धा पर जाँच करने के सावधानीपूर्वक उपाय करे।,20.54,Medium,12,16,4
1040,"while boasting comfort, all builders also offer jets with highdensity layouts for lowcost airlines and regional travel.","जब वे सांत्वना देते हैं, तो सभी विमानों को कम हवाई जहाज़ और क्षेत्रीय यात्रा के लिए उच्च स्तर भी प्रदान करते हैं ।","ज़्यादा आराम करते हुए, सभी बिल्डर्स भी जेट विमानों की कम लागत वाली विमान सेवाओं और क्षेत्रीय यात्रा के लिए उच्च घनत्व वाली लेआउट्स दे रहे हे।",38.3,Medium,24,27,3
1041,airbus offers a 10abreast a350 but says it has not yet sold it.,हवाई जहाज़ एक १०५० ५० रुपए देते हैं लेकिन कहते हैं कि अब तक इसे बेच नहीं दिया है ।,एयरबस दे रहा हे एक बराबर लेकिन कहते हैं इसे अभी बेचा नहीं है।,35.02,Medium,20,14,6
1042,"until recently, airbus was stressing the need for more cabin customization by offering wider aisle seats on some of its jets.","हाल ही में, हवाई - जहाज़ अपने कुछ विमानों पर अतिरिक्‍त सीटें प्रदान करने के द्वारा ज़्यादा कैबिनीकरण की ज़रूरत पर ज़ोर दे रहा था ।","पर हाल ही में जब तक, एयरबस ने अधिक केबिन सुविधा की जरूरत के लिए इसके जेट विमानों में से कुछ पर व्यापक कॅबिन सीटों पर ज़ोर दिया।",29.08,Medium,26,28,2
1043,"without the support of the only other maker of large modern jets, experts say its call for a new industry standard is unlikely to fly, but could distract from a wave of 777x sales.","बड़े आधुनिक जेटों के एकमात्र अन्य निर्माता के समर्थन के बिना, विशेषज्ञ कहते हैं कि एक नए उद्योग मानक के लिए अपनी पुकार उड़ान के लिए संभव नहीं है, लेकिन 777x बिक्री की लहर से ध्यान भंग कर सकते हैं ।","आधुनिक जेट विमानों का अन्य निर्माता के समर्थन के बिना एक नए उद्योग स्टॅंडर्ड पर उड़ान भरने , की संभावना नहीं है लेकिन यह बिक्री की लहर से विचलित कर सकता है।",53.29,Good,41,32,9
1044,new antinicotine vaccine could take the pleasure out of smoking,इस वैक्सीन से धूम्रपान करने का नया सुख मिल सकता है,नयी एंटीनिकोटीन वैक्सीन धूम्रपान का आनंद समाप्त कर सकती है,32.18,Medium,11,10,1
1045,scientists have developed an antinicotine vaccine that could take the pleasure out of smoking a cigarette.,वैज्ञानिकों ने एक टीका - टीका वैक्सीन विकसित की है जो धूम्रपान से ख़ुशी प्राप्त कर सकता है ।,"वैज्ञानिकों ने एक एन्टीनिकोटीन वैक्सीन विकसित की है, जो कि धूम्रपान से मिलने वाले मजे को समाप्त कर सकती है।",53.36,Good,19,20,1
1046,a single dose of the vaccine was able to protect mice against nicotine addiction for life.,इस वैक्सीन की एकल खुराक जीवन के लिए निःसंतान लत से बचने में समर्थ हुई ।,"वैक्सीन की एक ही खुराक, चूहों को पूरी जिंदगी के लिए नीकोटीन की लत से सुरक्षित रखने में सक्षम थी।",31.37,Medium,16,20,4
1047,"further tests are needed before starting human trials, which would take several years, but professor ronald crystal of weill cornell medical college in new york said the early signs are good.","इंसान की परीक्षाओं को शुरू करने से पहले और भी कई परीक्षाओं की ज़रूरत होती है, जो कई सालों तक चलती रहती हैं ।","मनुष्य पर परीक्षण आरंभ किये जाने से पहले आगे और परीक्षण की आवश्यकता है, जिसके में कई वर्ष लग सकते है, लेकिन न्यूयॉर्क में वील कॉर्नेल मेडिकल कॉलेज के प्रोफेसर रोनाल्ड क्रिस्टल ने कहा कि आंरभिक संकेत सकारात्मक हैं।",15.83,Bad,24,39,15
1048,"we are very hopeful that this kind of vaccine strategy can finally help the millions of smokers who have tried to stop, exhausting all the methods on the market today, but find their nicotine addiction to be strong enough to overcome these current approaches, prof cornell said.","हम बहुत आशा करते हैं कि इस प्रकार के वैक्सीन योजना आख़िरकार उन लाखों लोगों की मदद कर सकती है जिन्होंने बाजार पर सभी तरीक़ों को रोक देने की कोशिश की है, और बाज़ार में हर तरीक़े से थका हुआ परिश्रम किया है, लेकिन उनका गला घोंटने की लत इन वर्तमान दृष्टिकोण को पार करने के लिए काफ़ी मज़बूत होने के लिए पाए जाते हैं, प्रोफाइल ने कहा ।","प्रोफेसर कॉर्नेल ने कहा कि हमें बहुत उम्मीद है कि इस प्रकार के वैक्सीन की रणनीति अंततः लाखों धूम्रपान करने वालों की सहायता कर सकता है, जिन्होंने आज के समय में बाजार में मौजूद सभी पद्धतियों का प्रयोग करते हुए धूम्रपान छोड़ने का प्रयास किया है, लेकिन उन्होंने पाया कि निकोटीन की उनकी लत, इन मौजूदा पद्धतियों से कहीं अधिक शक्तिशाली है।",33.46,Medium,69,62,7
1049,the new vaccine contains a harmless virus that has been engineered to carry the genetic information to make antinicotine antibodies.,नए वैक्सीन में एक असुरक्षित वाइरस है जो आनुवंशिक जानकारी को उत्पन्‍न करने के लिए निर्मित किया गया है ।,"नये वैक्सीन में एक हानिरहित वायरस है, जिसे एन्टीनिकोटीन एन्टीबॉडीज बनाने के उद्देश्य से आनुवंशिक सूचना पहुंचाने के लिए तैयार किया गया है।",34.14,Medium,20,23,3
1050,"the virus selectively infects liver cells, which then start to make a steady stream of the antibodies.","इस बीमारी के लक्षण, कलेजे की कोशिकाओं में पाए जाते हैं, जो उस वक्‍त खून की नलियों में पाए जाते हैं ।","यह वायरस, चुनिंदा रूप से यकृत कोशिका को संक्रमित करता है, जो कि उसके पश्चात एन्टीबॉडीज की एक स्थायी धारा बनाना शुरू कर देती है।",14.34,Bad,22,25,3
1051,"the antibodies hunt down any nicotine molecules in the bloodstream, neutralising them before they reached the brain, preventing a smoker from getting a nicotine hit.","रक्‍त - वाहिकाओं में से किसी भी अणु को शिकार करते हैं, और इससे पहले कि वे मस्तिष्क तक पहुँच जाएँ, धूम्रपान करने से दूर रहते हैं ।","एन्टीबॉडीज रक्त में किसी भी निकोटीन अणुकणिका की खोज करते हैं, तथा उन्हें मस्तिष्क में पहुंचने से पहले निष्प्रभावी करने के द्वारा धूम्रपानकर्ता के अन्दर निकोटीन की तलब उठने से रोकता है।",28.54,Medium,28,32,4
1052,"in tests, vaccinated mice who were subsequently given nicotine continued with their normal activity.","फिर भी, कुछ ही समय बाद, उसे बिना खमीर के निकाला जाता था ।","परीक्षण में, वैक्सीन दिये गये चूहे जिन्हें कि बाद में निकोटीन दिया गया, वे अपनी सामान्य क्रियाकलाप करते रहे।",9.31,Bad,14,19,5
1053,"but mice who had not been given the vaccine chilled out, say the researchers, a sign that the nicotine had reached their brains.","लेकिन उन चूहेों को जिन पर वैक्सीन नहीं दी गयी थी, वे कहते हैं, यह एक संकेत है कि निःसंतान उनके मस्तिष्क तक पहुँच चुके थे ।","शोधकर्ता कहते हैं कि लेकिन जिस चूहे को वैक्सीन नहीं दिया गया था, उसे अच्छा लगा, यह एक संकेत था कि निकोटीन उसके मस्तिष्क तक पहुंचा था।",43.7,Medium,27,27,0
1054,the experiments are described in the journal science translational medicine.,पत्रिका के विज्ञान अनुवाद चिकित्सा में किए गए परीक्षणों का वर्णन किया गया है ।,"इस प्रयोग को, साइंस ट्रांसलेशनल मेडिसिन नामक पत्रिका में वर्णित किया गया था।",26.04,Medium,15,13,2
1055,previous tobacco vaccines failed because they contained antibodies.,तंबाकू के बारे में पहले से पता चला है कि उन्हें बीमारी है ।,"पहले के तम्बाकू के वैक्सीन इसलिए विफल हो गये थे, क्योंकि उनमें एन्टीबॉडीज था।",18.23,Bad,14,14,0
1056,the jabs had to be given so frequently to keep antibody levels topped up that they proved expensive and impractical.,"इन्हें अकसर शरीर के अलग - अलग हिस्सों में बाँटा जाना पड़ता था, जिन्हें वे महँगी और महँगी साबित करते थे ।","उसमें नियमित अन्तराल पर खुराक देना होता था, ताकि एन्टीबॉडीज का स्तर बना रहे, लेकिन वह महंगा तथा अव्यवहारिक साबित हुआ।",16.73,Bad,22,21,1
1057,"but the cost of the new vaccine is likely to be far lower, because it turns liver cells into antibody factories.","लेकिन इस नए वैक्सीन की कीमत बहुत कम होती है, क्योंकि यह कलेजे की कोशिकाओं को शरीर की कोशिकाओं में बदल देता है ।","लेकिन नये वैक्सीन की कीमत बहुत होने की उम्मीद की जा रही है, क्योंकि यकृत कोशिका को एन्टीबॉडी की फैक्टरी बना देगा।",41.2,Medium,24,22,2
1058,"prof crystal said that if a future human vaccine was completely safe it could be given to children before they were tempted to try a cigarette, preventing nicotine addiction.","प्रोफवुड ने कहा कि यदि एक भावी मानव वैक्सीन को पूरी तरह सुरक्षित रखा गया था, तो बच्चों को यह दिया जा सकता था कि वे धूम्रपान करने के लिए प्रलोभित हो जाएँ, और धूम्रपान की लत छोड़ दें ।","प्रोफेसर क्रिस्टल ने कहा कि यदि भविष्य की मानव वैक्सीन पूरी तरह सुरक्षित रही तो इसे बच्चों को, सिगरेट आजमाने के लालच से पहले दिया जा सकता है, जिससे उनको निकोटीन की लत से बचाया जा सके।",40.86,Medium,40,37,3
1059,but more likely it would be used by smokers to quit.,लेकिन शायद धूम्रपान करने के लिए इसे छोड़ने के द्वारा ज़्यादा इस्तेमाल किया जाए ।,लेकिन संभवतः इसका प्रयोग धूम्रपान करने वाले व्यक्तियों द्वारा धूम्रपान छोड़ने के लिए प्रयोग किया जायेगा।,37.72,Medium,15,16,1
1060,"they will know if they start smoking again, they will receive no pleasure from it due to the nicotine vaccine, and that can help them kick the habit, he said.","वे जानते होंगे कि अगर वे धूम्रपान फिर से शुरू करेंगे, तो उन्हें यह कोई सुख नहीं मिलेगा, क्योंकि यह उन्हें यह लत छोड़ने में मदद दे सकती है, उसने कहा ।","उन्होंने कहा कि उन्हें पता चलेगा कि यदि वे फिर से धूम्रपान आरंभ करते हैं तो वे निकोटीन की वैक्सीन के कारण उन्हें धूम्रपान से कोई आनंद नहीं मिलेगा, जो कि उनकी आदत छुड़ाने में सहायता कर सकता है।",30.02,Medium,32,39,7
1061,british scientists said the results were interesting but warned far more research was needed.,मगर फिर भी हमें और भी खोजबीन करने की ज़रूरत थी ।,"ब्रिटिश वैज्ञानिकों ने परिणाम को रोचक बताया, लेकिन बहुत अधिक शोध किये जाने की आवश्यकता की चेतावनी दी।",6.74,Bad,12,18,6
1062,"the cause of the death of the tigress was not clear, even after the postmortem.","टी. बी.) की मौत का कारण स्पष्ट नहीं था, उस पोस्टिमिमम के बाद भी।",पोस्टमार्टम के बाद भी बाघिन के मौत की वास्तविक वजह से परदा नहीं उठ सका।,28.1,Medium,14,15,1
1063,"the forest department, giving an evasive answer, said that primafacie, the tigress seemed to have died a natural death.","जंगल के विभाग ने, जिसका जवाब था, कहा कि मानसीफास की मौत स्वाभाविक लग रही थी ।",वन विभाग इस बारे में गोलमोल जवाब देते हुए प्रथम दृष्टया बाघिन की मौत को स्वाभाविक बता रहा है।,24.45,Medium,17,19,2
1064,on thursday night the forest employees of the pawalgarh conservation reserve of the ramnagar forest department found a tigresss body near the khichadi drain.,आज रात को ये कीड़े जंगल के जंगल के मज़दूरों को कुएँ के पास के कुएँ के पास एक टीरे के पास एक टीला शरीर मिला ।,गुरुवार रात रामनगर वन प्रभाग के वन कर्मियों को पवलगढ़ कंजरवेशन रिजर्व खिचड़ी नाले के समीप एक बाघिन का शव मिला था।,14.15,Bad,27,22,5
1065,the tigresss body was intact and no signs of wounds or injury were found on the body.,शरीर पर घाव या चोट का कोई चिन्ह नहीं पाया जाता था ।,बाघिन के शव के सभी अंग सुरक्षित होने के साथ ही उस पर कोई घाव या चोट आदि के निशान भी नहीं थे।,18.12,Bad,13,23,10
1066,"on friday an autopsy was conducted on the body of the tigress by ctr veterinarian bharat and kotabagh veterinarian hema rathore in the presence of the conservator of forests, vivek pandey, the ctr deputy director, saket badola, dfo kahakasha naseem, and sdo j.s. karkee.","हर दिन, सा. यु. पू.","शुक्रवार को वन संरक्षक विवेक पांडे, सीटीआर के उपनिदेशक साकेत बडोला, डीएफओ कहकशा नसीम, एसडीओ जीएस कार्की की मौजूदगी में सीटीआर के पशु चिकित्सक भरत व कोटाबाग की पशु चिकित्सक हेमा राठौर द्वारा बाघिन के शव का पोस्टमार्टम किया गया।",1.75,Bad,5,40,35
1067,"according to sources, during the autopsy, the internal organs of the tigress were reported to be damaged.",इनकी मदद से इन्हें नुकसान पहुँचा जा सकता है ।,सूत्रों की मानें तो पोस्टमार्टम के दौरान बाघिन के आतंरिक शव खराब होना बताया जा रहा है।,11.7,Bad,10,17,7
1068,because of this the actual cause of death of the tigress was not known.,इस टी. बी.,इससे बाघिन की वास्तविक मौत के कारणों का पता नहीं लग पाया।,2.62,Bad,3,12,9
1069,department officials are giving evasive answers about the death of the tigress.,विभाग के अधिकारी टी. वी.,बाघिन की मौत पर विभागीय अधिकारी गोलमाल जवाब देते रहे।,20.81,Medium,5,10,5
1070,"however, to test for the presence of poison, the internal organs have been sent to ivri barelli for a toxicology test.","लेकिन, विष की मौजूदगी के लिए परीक्षण करने के लिए, आंतरिक अंगों को ज़हरीले पदार्थ के परीक्षण के लिए भेजा गया है ।",फिर भी बाघिन के आतंरिक अंगों को जहर की पुष्टि के लिए होने वाली टोप्सीकोलोजिकल जांच के लिए आइवीआरआइ बरेली भेजा गया है।,30.46,Medium,23,23,0
1071,"vivek pandey, the conservator of forest western circle, said that the tigresss death could be considered as natural.",वे कहते हैं कि जंगल के पश्‍चिमी वृत्त के एक हिस्से को स्वाभाविक माना जा सकता है ।,वन संरक्षक पश्चिमी वृत्त विवेक पांडे ने बताया कि बाघिन की मौत को स्वाभाविक ही कहा जा सकता है।,39.67,Medium,18,19,1
1072,there were no traces of poison in the body.,शरीर में ज़हर का कोई निशान नहीं था.,बाघिन के शव से जहर आदि के कोई लक्षण नहीं मिले हैं।,12.88,Bad,8,12,4
1073,"however, a search of the surrounding areas was carried out and the viscera were sent to be tested for the presence of poison.","लेकिन, आस - पास के क्षेत्रों की खोज की गई और वुल्फिस को विष की उपस्थिति के लिए परखा गया ।",फिर भी इसके लिए आसपास के क्षेत्र को सर्च किए जाने के साथ ही जहर की पुष्टि के लिए बिसरा जांच को भेजा हा रहा है।,25.09,Medium,21,26,5
1074,tripodi denies being influenced by obeid,Pacod द्वारा प्रभावित होने का अविश्‍वास,त्रिपोडी ओबाइड द्वारा हमें प्रभावित किया जा रहा से इनकार करते हैं।,22.36,Medium,6,12,6
1075,former nsw labor minister joe tripodi will be investigated by the states corruption watchdog.,"भूतपूर्व श्रम मंत्री, जोरगीला यात्राोडी की जाँच की जाएगी राज्य भ्रष्टाचार घड़ी की जाँच की जाएगी।",पूर्व एनएसडब्ल्यू श्रम मंत्री जोए त्रिपोडी पर स्टेट करप्सन वॉचडॉग द्वारा जांच की जाएगी।,31.82,Medium,16,14,2
1076,"former nsw minister joe tripodi has denied changing maritime leases policy at the request of his political mentor eddie obeid, who had hidden interests in three properties on governmentcontrolled land.","भूतपूर्व नीशी मंत्री ने अपने राजनीतिक संरक्षक आबॉबी की मांग पर बदलावी समय नीति को अस्वीकार किया है, जो सरकारी नियंत्रण के तीन गुणों में छिपा था ।","पूर्व एनएसडब्ल्यू श्रम मंत्री जोए त्रिपोडी पर समुद्री पट्टों कि नीति का खंडन उसके राजनीतिक गुरु एडी ओबाइड के अनुरोध पर करने से इनकार किया हैं पूर्व न्यू साउथ वेल्स के संरक्षक एडी ओबाइड , जिनका सरकारनियंत्रित तीन भूमियो मे छिपा स्वार्थ था।",26.63,Medium,28,43,15
1077,"the independent commission against corruption icac on friday widened its inquiry into whether mr obeid lobbied several state ministers to have leases at circular quay, where the obeids owned two restaurants and a cafe, renewed without going to tender after their expiration in august 2005.","भ्रष्टाचार के विरुद्ध एक स्वतंत्र कार्य - नियुक्‍ति ने इस बात की जाँच की कि क्या mrriribiodedes कई सरकारी सेवकों ने bobibids के पास दो होटलों और एक कसबों के पास, जो एक प्रौटे में अपने पूर्व - पश्‍चिम में नरम होने के बाद नए सिरे तक नए सिरे से जाने के लिए जा रहे हैं या नहीं ।","भ्रष्टाचार के खिलाफ स्वतंत्र आयोग शुक्रवार को जांच विस्तृत कि,के क्या श्री ओबाइड ने कई राज्य मंत्रियों से पैरवी की पट्टों नीति के के परिपत्रो के उल्लंघन के लिए? जहाँ ओबाइड के स्वामित्व वाली दो रेस्तरां और कैफे, बिना टेंडर के रिन्यू की गयी अगस्त में अपने समय समाप्ति के बाद।",25.01,Medium,59,51,8
1078,"its now investigating allegations mr tripodi knew of mr obeids secret interest in the properties, after evidence given by mr tripodis former deputy chief of staff, lynne ashpole, on thursday.","अब वे दावा कर रहे थे कि मिरओबीनी इन गुणों में गुप्त दिलचस्पी की जाँच कर रही है, और सबूतों के बाद, ब्लोड्‌स के भूतपूर्व संरक्षक कर्मचारी दल द्वारा दिए गए सबूतों का पता चला है ।","लिन अश्पोले, पूर्व उप चीफ ऑफ स्टाफ द्वारा गुरुवार को दिए गए साक्ष्यों के बाद यह आरोप की श्री त्रिपोडी श्री ओबाइड के छुपे स्वार्थ जानते थे? की अब जांच हो रही है।",25.15,Medium,37,33,4
1079,during years of discussions starting in 2005 the government had been pushing for the leases to go to public tender.,सन्‌ 2005 में शुरू होनेवाली चर्चा के दौरान सरकार ने जनता के सामने कोमल होने के लिए साक्षियों पर दबाव डाला था ।, में चर्चाओं के वर्षों के दौरान सरकार ने पट्टों के लिए पब्लिक टेंडर शुरू किए जाने के लिए दबाव दिया था।,35.87,Medium,23,21,2
1080,the lessees were against this and also wanted longer terms.,कम - से - कम इस के खिलाफ थे और अब वे ज़्यादा शब्दों की भी माँग कर रहे थे ।,पट्टेदार इस के खिलाफ थे और वे और समय चाहते थे।,38.81,Medium,21,11,10
1081,"in 2009 leases for the circular quay enterprises, which earned the obeids about 2.5 million annually, were renewed without going to public tender.",सन्‌ 2009 में इस वर्ग के बारे में जानकारी दी गयी ।," में पट्टों के लिए परिपत्र के एंटरप्राइज़स, जिससे ओबाइड ने सालाना . करोड़ डॉलर कमाए, बिना पट्टों के टेंडर से रिन्यू किए गये.",6.79,Bad,12,23,11
1082,"mr tripodi, who was ports minister from february 2006 until november 2009, was initially in favour of public tenders.","सन्‌ 2006 में, सन्‌ 2009 तक, आम जनता के लिए कोमल कोमल होने की शुरूआत हुई ।","श्री त्रिपोडी, जो फ़रवरी से नवंबर तक दरगाहों के मंत्री थे, शुरू में पब्लिक टेंडर के पक्ष में थे।",10.87,Bad,17,19,2
1083,"but he denied the changes were made at the request of mr obeid, who mr tripodi acknowledged was urging a shift in government lease policy.",लेकिन उन्होंने इस बदलाव को ठुकरा दिया ।,"लेकिन उन्होने श्री ओबाइड के अनुरोध पर परिवर्तन के लिए मना कर दिया , श्री त्रिपोडी ने सरकारी पट्टे नीति मे बदलाव का आग्रह किया था",16.64,Bad,8,26,18
1084,"a phone transcript tabled in icac showed calls in august and september 2007 between mr obeid, mr tripodi and steve dunn, a senior bureaucrat who had come into the ports ministry after working under mr obeid in the fisheries department.","सन्‌ 2007 में, मैक्लीट्‌स के नाम पर एक फ़ोन आया जो मछली - विभाग में काम करने के बाद तिग्रिस नाम के शहर में आया था ।","एक फोन कॉल्स में पेश प्रतिलेख मे अगस्त और सितम्बर मे श्री ओबाइड और श्री त्रिपोडी और स्टीव डन, एक वरिष्ठ आधिकारिक जो बंदरगाहों मंत्रालय काम करने के बाद श्री ओबाइड के मत्स्य विभाग में आए थे",20.15,Medium,27,37,10
1085,"was the matter being discussed in the course of these telephone conversations the development of the commercial lease policy, assistant commissioner anthony whealy asked mr tripodi.","इस बारे में ज़्यादा जानकारी देने के बाद, इस विषय पर चर्चा की जा रही थी कि व्यापार नीति के विकास में क्या - क्या शामिल है ।","सहायक आयुक्त एंथनी श्री से पूछा। क्या वाणिज्यिक पट्टे नीति का विकास मामले की टेलिफोन बातचीत, में चर्चा की जा रही थी?",30.27,Medium,28,22,6
1086,"no, mr tripodi replied.","नहीं, मीटर यात्राी ने जवाब दिया.","नहीं, श्री त्रिपोडी ने उत्तर दिया।",23.57,Medium,6,6,0
1087,i cant remember what was discussed but it definitely wasnt that.,मैं याद कर सकते हैं कि क्या विचार किया गया था लेकिन यह निश्चित रूप से किया गया था.,"मैं याद नहीं कर सकता की क्या चर्चा की थी, लेकिन यह निश्चित रूप से नहीं था।",46.27,Medium,19,17,2
1088,definitely not between myself and mr obeid.,निश्चित रूप से अपने और Mrobiid के बीच नहीं.,निश्चित रूप से नहीं मेरे और श्री ओबाइड के बीच।,42.25,Medium,9,10,1
1089,"israeli warplanes attack target inside syria, official says",हैरी नाम की एक सरकारी का कहना है कि युद्ध के तूफानों ने सारिया के अंदर के हमले का निशाना बनाया,अधिकारियो का कहना है कि इजरायली लड़ाकू विमानों ने सीरिया में धावा बोला ।,31.96,Medium,21,14,7
1090,"israeli warplanes struck a target inside the syrian port city of latakia thursday night, a senior administration official confirms to fox news.",यह एक बड़ा प्रशासनी प्रशासनी अधिकारी है जो खबरों की पुष्टि करता है ।,"इजरायली लड़ाकू विमानों ने सीरिया के बंदरगाह शहर लटाकिया को गुरुवार की रात मे लक्ष्य बनाया, एक वरिष्ठ प्रशासनिक अधिकारी ने फॉक्स न्यूज कि पुष्टि की ।",18.34,Bad,14,27,13
1091,"the official did not specify what the target was, but said there was at least one.","अधिकारी ने नहीं बताया कि लक्ष्य क्या था, लेकिन कहा कि कम से कम एक था.","अधिकारी ने मकसद क्या था यह नहीं बताया, लेकिन वहाँ कम से कम एक मकसद जरुर था।",49.63,Medium,16,17,1
1092,the associated press reports the target was russianmade sa125 missiles.,सम्बद्ध प्रेस रपट लक्ष्य को निकाला गया था 125 मिसाइल.,एसोसिएटेड प्रेस की रिपोर्ट बताती है कि टारगेट रसियन मिसाइले एसए थी ।,16.51,Bad,10,13,3
1093,at least twice earlier this year israel launched airstrikes on shipments of missiles inside syria.,"इस साल कम - से - कम दो बार इस साल से पहले, सिलिया के अंदर के मिसाइलों की चोरी के लिए हवाई जहाज खोल दिया जाता है ।",इसराइल इस वर्ष में कम से कम दो बार पहले भी सीरिया के अंदर मिसाइलों पर हवाई हमले कर चूका है।,35.74,Medium,29,21,8
1094,foreign workers on 457 visas could undergo genuineness test,4507 वीज़ा में विदेशियों को सच्ची परीक्षा का सामना करना पड़ सकता था, वीजा पर विदेशी कर्मचारी प्रमाणिकता परीक्षण से गुजर सकते है,23.39,Medium,13,10,3
1095,a genuineness test for foreign workers on 457 visas is being considered by the government as it contemplates expanding a crackdown.,"सन्‌ 457 के वसंतों पर विदेशियों के लिए सच्ची परीक्षा, सरकार को दी जा रही है ।","सरकार द्वारा वीजा पर विदेशी कर्मचारियों के लिए एक प्रमाणिकता परीक्षण के बारे में विचार किया जा रहा है, क्योंकि इसका उद्देश्य एक कठोर कार्यवाही का विस्तार करना है।",20.77,Medium,17,29,12
1096,"the test, if adopted, would be applied through a criteria aimed at preventing 457s being used to fill unskilled positions or as a back door way to move family and friends to australia.","अगर उसे गोद लिया जाता है, तो यह एक ऐसी कसौटी है जो 457 लोगों को अपने परिवार और दोस्तों की तरफ ले जाने के लिए इस्तेमाल की जाती है ।","यदि अपनाया जाता है तो यह परीक्षण, ऑस्ट्रेलिया में अकुशल पदों को भरने अथवा प्रच्छन्न तरीके से परिवार एवं मित्रों को पहुंचाये जाने के लिए प्रयोग किये जाने वाले को रोकने के उद्देश्य से बनाये गये एक मानदण्ड के माध्यम से लागू किया जायेगा।",19.83,Bad,31,44,13
1097,"a government discussion paper was released today as former labor mp maxine mckew slammed the governments rhetoric about foreign workers, saying it could offend australias neighbours.",आज सरकारी चर्चा पत्र को पहले मज़दूरों के तौर पर रिहा किया गया था ।,"आज एक सरकारी चर्चा पत्र जारी किया गया था, विदेशी कर्मचारियों के बारे में सरकार के शब्दाडम्बर की निन्दा करते हुए भूतपूर्व लेबर एम.पी. मैक्सीन मैकक्यू ने आज कहा कि यह ऑस्ट्रेलिया के पड़ोसी देशों को क्रुद्ध कर सकता है।",17.96,Bad,15,40,25
1098,"loud declarations about foreigners getting to the back of the queue and aussie jobs first are a very unpleasant throwback to a time when unions demanded a protected labor market, she told the australia india institute today.","जब एक व्यक्‍ति एक सुरक्षित मज़दूर बाज़ार की माँग करता है, तो उसने विदेशियों के बारे में ज़ोरदार घोषणा की ।","उन्होंने आज अमेरिका इण्डिया इंस्टीट्यूट से कहा कि विदेशी लोग कतार के अंत में पहुंच रहे हैं तथा ऑस्ट्रेलियाई लोगों को नौकरी पहले के बारे में जोरदार बयानबाजी एक ऐसे समय पर बहुत ही अप्रिय दोहराव है, जबकि यूनियन्स ने एक सुरक्षित श्रम बाजार की मांग की हुई है।",19.11,Bad,21,49,28
1099,"historically, that meant it was white labour that had to be protected and if some in the region saw echoes of that historic artifact, i wouldnt be surprised.","इतिहास में, इसका अर्थ था कि यह श्‍वेत परिश्रम था जो उस क्षेत्र के कुछ लोगों को सुरक्षित रखा जाना था और यदि उस ऐतिहासिक कला - यंत्र के समान था, तो मैं आश्‍चर्यचकित होगा ।","ऐतिहासिक रूप से, इसका अभिप्राय यह था कि श्वेत श्रमिकों को सुरक्षा प्रदान किया जाना चाहिए था तथा यदि क्षेत्र में कुछ लोगों ने उस ऐतिहासिक साक्ष्य की प्रतिध्वनि देखी हो, तो मुझे आश्चर्य नहीं होगा।",35.62,Medium,36,36,0
1100,the discussion paper outlines 12 measures that were previously considered by former immigration minister chris bowen.,इस बारे में इस लेख में बताया गया है ।,"चर्चा पत्र में उपायों की रूपरेखा दर्शायी गई है, जिन पर भूतपूर्व आप्रवास मंत्री क्रिस बोवेन द्वारा पहले विचार किया गया था।",8.83,Bad,10,22,12
1101,"immigration minister brendan oconnor, who was yesterday in sri lanka where he is meeting officials about people smuggling, has implemented five of the recommended changes with the remainder under consideration.","इसके अलावा, यह भी बताया गया है कि इस तरह के बदलावों की वजह से बाकी लोगों के लिए किए गए बदलावों की अहमियत कम हो गयी है ।","आप्रवास मंत्री ब्रेंडन ओकॉनर जो कि कल श्रीलंका में थे, जहां पर वह तस्करी करने वाले लोगों के बारे में अधिकारियों से मिले, ने पांच संस्तुत परिवर्तनों को क्रियान्वित कर दिया है, जबकि शेष विचाराधीन हैं।",13.64,Bad,29,36,7
1102,if the genuineness criteria was adopted a visa applicant could be scrutinised about whether the nomination is genuine in circumstances where the nominee is a relation or personal associate of an owner or relevant person of the sponsoring business.,"अगर इस बारे में सही नज़रिया बनाए रखा जाए, तो फिर ऐसे हालात में क्या किया जा सकता है, जब कोई व्यक्‍ति अपने मालिक के साथ रिश्‍ता या किसी और के साथ रिश्‍ता जोड़ता जोड़ता है?","यदि प्रमाणिकता मानदण्ड को अपनाया जाता तो, वीजा आवेदक की जांच इस बारे में की जा सकती है कि क्या नामांकन ऐसी परिस्थितियों में सच्चा है, जिसमें नामांकित व्यक्ति, वीजा प्रायोजित करने वाले व्यक्ति के स्वामी अथवा सुसंगत व्यक्ति का सम्बन्धी अथवा व्यक्तिगत साथी है।",19.26,Bad,36,45,9
1103,businesses could also be required to account for the number of 457 visa holders after previously businesses who had intended to sponsor a small number of workers then employed hundreds.,"व्यापार की माँग भी की जा सकती थी कि पहले के व्यापारों के बाद 4507 वीज़ा अधिकारीों की संख्या का हिसाब दें, जिन्होंने उस समय सैकड़ों मज़दूरों को सहयोग देने का इरादा किया था ।","व्यवसायियों को वीजा धारकों की संख्या की गणना रखने की आवश्यकता हो सकता है, क्योंकि पहले व्यवसायी जो कि कम संख्या में कर्मचारियों को प्रायोजित करना चाहते थे, ने सैकड़ों लोगों को काम पर रख लिया।",26.66,Medium,35,36,1
1104,"meanwhile, a 35yearold sri lankan asylum seeker died of a suspected heart attack after arriving on an asylum boat at christmas island this week.",इस सप्ताह क्लोरोस द्वीप में एक शरण नाव पर पहुँचने के बाद एक संदेही दिल के दौरे के 35 साल की खोज - बीन की गई ।,"इस दौरान, वर्षीय श्रीलंकाई शरण साधक, इस सप्ताह क्रिसमस आईसलैण्ड पर एक शरणार्थी नाव में आने के पश्चात संदिग्ध हृदयाघात से मर गया।",20.79,Medium,27,23,4
1105,the mans distraught nineyearold son travelled to australia with him and has been comforted since the death of his father on wednesday by an adult cousin who was also on the vessel.,उस आदमी ने नौ साल के बेटे को उसके साथ एक कुएँ में स्थानांतरित किया और उसे तब से सांत्वना मिली जब तक कि उसके पिता की मृत्यु एक वयस्क चचेरे भाई के साथ भी थी जो जहाज़ पर भी था ।,"उस व्यक्ति का व्याकुल नौ वर्षीय पुत्र उसके साथ यात्रा पर ऑस्ट्रेलिया आया हुआ था, तथा बुधवार को उसके पिता की मृत्यु के पश्चात उसके एक वयस्क चचेरे भाई ने ढांढस बंधाया है, जो कि उसी पोत पर थे।",32.25,Medium,42,39,3
1106,"australian authorities rushed the man to christmas island hospital, where he died.",एक वक्‍त ऐसा आया जब एक आदमी की मौत हो गयी ।,"ऑस्ट्रेलियाई अधिकारियों ने उस व्यक्ति को क्रिसमस आईसलैण्ड अस्पताल पहुंचाया, जहां पर उसकी मृत्यु हो गई।",6.61,Bad,12,16,4
1107,a study aiming to increase the benefits to scotland of the hs2 rail project has been announced by the uk government.,एक अध्ययन का उद्देश्‍य है कि डायक्लूट परियोजना के संकाण्डन को बढ़ाने के लाभों को बढ़ाना ।,ब्रिटिश सरकार द्वारा रेल परियोजना से स्कॉटलैंड के लाभों में वृद्धि के लिए अध्ययन की घोषणा की गई है।,26.5,Medium,17,19,2
1108,the work by hs2 ltd suggests highspeed services to scotland and the north of england will start as soon as phase one opens in 2026.,"सन्‌ 2026 में जब एक चरण शुरू हो जाएगा, तब इस काम की शुरूआत हो जाएगी ।"," द्वारा कार्य स्कॉटलैंड और इंग्लैंड के उत्तरी भाग में उच्च गति सेवाओं को इंगित करते हैं, जो में प्रथम चरण के साथ जल्द ही शुरू हो जाएंगे।",13.81,Bad,17,27,10
1109,transport minister baroness kramer said the project would bring the uk together.,परिवहन मंत्री बार्रामिस ने कहा कि परियोजना को एक साथ लाना होगा।,परिवहन मंत्री बैरोनेस क्रेमर ने बताया कि इस परियोजना से ब्रिटेन एक हो जाएगा।,36.95,Medium,12,14,2
1110,scottish transport minister keith brown said he was excited to work with the uk government on the plan.,उसने कहा कि वह योजना पर uke सरकार के साथ काम करने के लिए उत्सुक था।,स्कॉटलैंड के परिवहन मंत्री कीथ ब्राउन ने कहा कि इस परियोजना पर ब्रिटेन सरकार के साथ काम करके वे बहुत उत्साहित हैं।,31.74,Medium,16,22,6
1111,phase one will consist of a new high speed rail line between london and the west midlands.,एक चरण में एक नया उच्च गति की रेल रेखा होगी... ... झीलों और पश्‍चिम के बीच.,प्रथम चरण में लंदन और वेस्ट मिडलैंड्स के बीच नई उच्च गति रेल लाइन शामिल होगी।,26.07,Medium,17,16,1
1112,"when phase two is completed, lines will run to manchester and leeds.","जब दो चरण पूरे हो जाते हैं, पंक्तियाँ पुरुष व लेस्टर और लीविस तक जाती हैं.","दूसरा चरण पूरा हो जाने पर, लाइनें मैनचेस्टर और लीड्स तक पहुँच जाएँगी।",28.28,Medium,16,13,3
1113,in june the government revised the estimated cost of building the highspeed link between london and the north of england from 32.7bn to 42.6bn.,"सन्‌ 327ख से 42बी तक, सरकार ने अनुमान लगाया था कि इस बात की गारंटी दी गयी है कि इस इलाके और उत्तर - पश्‍चिम एशिया के बीच की दीवार बनाने का खर्च बहुत बड़ा है ।",जून में सरकार ने लंदन और उत्तरी इंग्लैंड के बीच उच्च गति लिंक के निर्माण की लागत को . बिलियन से संशोधित करके . बिलियन कर दिया।,22.24,Medium,37,27,10
1114,"the uk government, which has been holding talks with transport scotland, has instructed hs2 ltd to look at further rail capacity and journey time improvements for northern england and scotland.","किक सरकार, जो परिवहन के साथ भाषण दे रही है, ने Dsus2 को निर्देशित किया है कि अधिक क्रूरता क्षमता और उत्तरी ईंगलैंड और कैंओलैंड के लिए यात्रा समय सुधार करें.","ब्रिटिश सरकार ने, जो स्कॉटलैंड परिवहन से बातचीत कर रही थी, लिमिटेड को उत्तरी इंग्लैंड और स्कॉटलैंड के लिए रेल क्षमता और यात्रा के समय को और बेहतर बनाने की संभावनाओं पर विचार करने का निर्देश दिया।",31.24,Medium,31,37,6
1115,this is to include the possibility of eventual journey times from glasgow and edinburgh to london of three hours or less.,इसमें तीन घंटे या उससे भी कम समय की संभावना शामिल है ।,इसमें ग्लासगो और एडिनबर्ग से लंदन तक संभावित यात्रा समय को तीन घंटे या कम करने की संभावना शामिल है।,37.41,Medium,13,20,7
1116,baroness kramer said our goal for hs2 is for a truly national network that will bring the uk and its cities closer together.,बार्रामर ने कहा कि हमारे लक्ष्य को Dsss2 के लिए वास्तव में एक राष्ट्रीय नेटवर्क के लिए है जो कि ku और उसके शहरों को एक साथ ले जाएगा।,"बैरोनेस क्रेमर के अनुसारः के लिए हमारा लक्ष्य वास्तविक राष्ट्रीय नेटवर्क है, जो यूके और उसके शहरों को करीब लाएगा।",48.48,Medium,29,20,9
1117,we are driving forward hs2 because the benefits it will bring are huge.,हम आगे गाड़ी चला रहे हैं क्योंकि इससे हमें बहुत फायदे होंगे ।,"हम के साथ आगे बढ़ रहे हैं, क्योंकि इसके लाभ बहुत अधिक होंगे।",38.62,Medium,13,13,0
1118,without it we face a crisis in capacity on our rail network.,इसके बिना हम हमारी क्रूरता नेटवर्क पर एक संकट का सामना कर रहे हैं.,इसके बिना हम अपने रेल नेटवर्क की क्षमता से संबंधित समस्याओं का सामना करेंगे।,36.89,Medium,14,14,0
1119,"but it is also about connectivity, across the uk 18 cities including glasgow and edinburgh will be better connected because of hs2.",लेकिन यह bukag 18 शहरों के पार भी है जिसमें gs2 के कारण बेहतर जुड़े होंगे।,"लेकिन यह ग्लासगो और एडिनबर्ग सहित ब्रिटेन के शहरों की कनेक्टिविटी के बारे में भी है, जो के कारण और अच्छी तरह जुड़ जाएंगे।।",22.67,Medium,16,24,8
1120,scottish secretary alistair carmichael added todays announcement is good news for scotland.,आज की घोषणा की जा रही है कि कैंचलैंड के लिए अच्छी खबर है।,स्कॉटिश सचिव एलिस्टेयर कारमाइकल के अनुसारः आज की घोषणा स्कॉटलैंड के लिए अच्छी ख़बर है।,35.47,Medium,14,15,1
1121,"for the scottish government, keith brown called on mr carmichael to unequivocally back scotlands inclusion in the hs2 network.",द न्यू यॉर्क टाइम्स्‌ (अंग्रेज़ी) रिपोर्ट करता है ।,"स्कॉटिश सरकार के लिए, कीथ ब्राउन ने श्री कारमाइकल से नेटवर्क में स्कॉटलैंड की स्पष्ट वापसी की अपील की।",8.16,Bad,9,19,10
1122,"mr brown said high speed rail has the potential to bring huge economic benefits to scotland, but also adds scotlands economic weight to the overall case for high speed rail across britain.",लेकिन यह भी कहा जा सकता है कि हवा में तेज़ रफ्तार से चलने की वजह से हवा की रफ्तार कम हो जाती है ।,"श्री ब्राउन ने बतायाः उच्च गति रेल से स्कॉटलैंड को भारी आर्थिक लाभ होने की संभावना तो है, लेकिन इससे पूरे ब्रिटेन में उच्च गति रेल के पूरे मामले में स्कॉटलैंड पर आर्थिक भार भी बढ़ेगा।",10.94,Bad,25,36,11
1123,"so we are excited to work in partnership with the uk government to examine options for bringing high speed rail to scotland, creating benefit for all and complementing the glasgowedinburgh line which the scottish government is already planning.",इसलिए हम uuk सरकार के साथ साझा करने के लिए विकल्प लाने के लिए उत्साहित कर रहे हैं... ... उच्च गति की रेल के लिए विकल्प लाने के लिए...,"इसलिए हम ब्रिटिश सरकार की भागीदारी में कार्य करने के प्रति उत्साहित हैं, ताकि हम स्कॉटलैंड में उच्च गति रेल लाने, सभी के लिए लाभ का सृजन करने और ग्लासगोएडिनबर्ग लाइन की पूर्ति करने हेतु विकल्पों की जांच कर सकें, जिसकी स्कॉटिश सरकार पहले से ही योजना बना रही है।",20.52,Medium,29,50,21
1124,i look forward to reviewing the report of the investigation with uk ministers next year and together decide on the next steps.,मैं अगले साल टैक सेवकों के साथ जांच की रिपोर्ट पर पुनर्विचार करने की उत्सुकता से प्रत्याशा करता हूँ और अगले चरणों पर साथ मिलकर निर्णय करता हूँ ।,मैं अगले वर्ष ब्रिटिश सरकार के मंत्रियों के साथ जांच रिपोर्ट की समीक्षा करने और आगे की कार्रवाई पर साथ मिलकर निर्णय लेने के लिए तत्पर हूँ।,40.63,Medium,29,27,2
1125,aircraft electronic device rules to stay in force in australia for now,हवाई जहाज़ की मदद से आज के लिए विमान - यंत्रों का इस्तेमाल किया जा सकता है,विमान विद्युत उपकरण नियम अभी ऑस्ट्रेलिया में प्रभावी रहेंगे,15.14,Bad,17,9,8
1126,australian airline passengers will need to continue turning off their tablets and smart phones during takeoff and landing despite moves in the us to loosen regulations covering the devices.,"जब हम जहाज़ पर सवार होते हैं, तो हमें उन नियमों को अपने ऊपर हावी नहीं होने देना चाहिए जो हम आसानी से लिख सकते हैं ।"," में उपकरण सम्बन्धित विनियमनों में नरमी बरते जाने वाले कदम के बावजदू, ऑस्ट्रेलियाई वायुयान यात्रियों को उड़ान भरते समय तथा विमान उतरते समय अपने टेब्लेट और स्मार्ट फोन बंद करना जारी रखना होगा।",12.64,Bad,27,33,6
1127,"the us federal aviation administration has left the way open for american carriers to change their procedures so that passengers will be able to read ebooks, watch videos or play games on their devices during critical phases of flight provided they remain in airplane mode.","हवाई जहाज़ के बड़े - बड़े केंद्रों में, विमान - चालकों ने विमान - व्यवस्था के कठिन चरणों में वे हवाई जहाज़ में रह रहे हैं, इसलिए यात्रियों को उनके कार्यों को बदलने के लिए रास्ता खुला रखा है ताकि वे ईबुक, वीडियो या खेलों को पढ़ सकें या खेल सकें ।"," संघीय विमानन प्रशासन ने अमेरिकी वायुयान सेवा कम्पनियों को अपने प्रक्रियाएं बदलने के लिए विकल्प खुला छोड़ा है, ताकि उड़ान के महत्वपूर्ण चरणों के दौरान यात्री ईबुक पढ़ने, वीडियो देखने अथवा अपने उपकरण पर गेम खेलने में सक्षम होंगे, बशर्ते वे उपकरण वायुयान मोड में रहें।",26.04,Medium,52,46,6
1128,passengers can already do this during the bulk of a flight but many people find it annoying to be unable to access their ebooks during takeoffs and landings.,हवाई सफर के दौरान यात्री पहले से ही ऐसा कर सकते हैं ।,"यात्री अभी ही बहुत सी उड़ानों के दौरान ऐसा कर सकते हैं, लेकिन बहुत से लोगों को उड़ान भरने तथा विमान उतरते समय अपनी ईबुक आदि तक पहुँच करने में अक्षम होना अच्छा नहीं लगता।",18.2,Bad,13,35,22
1129,"australian carriers are looking at the decision, which requires us carriers to undertake a massive amount of work to meet the requirements, but have indicated they have no immediate plans to change their procedures.",लेकिन उन्होंने बताया है कि उन्हें अपने तरीके बदलने की कोई योजना नहीं है ।,"ऑस्ट्रेलियाई वायुयान सेवा कम्पनियाँ इस निर्णय पर विचार कर रही हैं, जिसके अनुसार वायुयान सेवा कम्पनियों को इस आवश्यकता को पूर्ण करने के लिए बहुत अधिक कार्य करने होंगे, लेकिन उन्होंने संकेत दिया है कि अपनी प्रक्रियाओं में परिवर्तन करने के लिए उनके पास कोई तत्काल योजना नहीं है।",16.0,Bad,15,49,34
1130,the civil aviation safety authority also said it was looking at the announcement but emphasised that restrictions on the use of electronic devices in critical phases of flight were still in place in australia.,यह घोषणा पर भी ज़ोर दिया गया कि उड़ान के कठिन चरणों में इलेक्ट्रॉनिक यंत्रों के प्रयोग पर प्रतिबंध अब भी क़ाबू में थे ।,"नागरिक विमानन सुरक्षा प्राधिकरण ने यह भी कहा कि वह घोषणा के बारे में विचार कर रही है, लेकिन जोर दिया कि ऑस्ट्रेलिया में अभी भी उड़ान के महत्वपूर्ण चरणों में विद्युत उपकरणों के उपयोग पर प्रतिबंध प्रभावी हैं।",27.76,Medium,25,39,14
1131,"casa currently has no specific regulations governing the use of electronic devices in aircraft, it said the issue is covered by regulations which require aircraft operators to ensure safety is maintained at all times and passengers to comply with the safety instructions given by crew members.",हवाई जहाज़ में इलेक्ट्रॉनिक उपकरणों का इस्तेमाल करने के लिए अब तक कोई खास नियम नहीं बनाए गए हैं ।,"वर्तमान में के पास, विमान में विद्युत उपकरणों के उफयोग को नियंत्रित करने वाला कोई विशिष्ट विनियमन नहीं है, प्राधिकरण ने कहा, यह मुद्दा विनियमनों के अन्तर्गत आता है, जिसके अनुसार विमान सेवा संचालन कम्पनियों को सुनिश्चित करना होता है कि सुरक्षा व्यवस्था हमेशा पूरी तरह से बनी हुई है, तथा यात्रियों को चालक दल के सदस्यों द्वारा दिए जाने वाले सुरक्षा निर्देशों का अनुपालन करना होता है।",9.34,Bad,20,68,48
1132,"virgin, which has already been talking to casa about extending the use its inflight wifi entertainment system, was amenable to a change but said it would take its lead from the regulator.",यह एक परिवर्तन के लिए एक परिवर्तन था लेकिन कहा कि यह अपने नेतृत्व को रीकर से ले जाएगा.,"वर्जिन जो अपने इनफ्लाइट वाईफाई मनोरंजन सिस्टम के उपयोग को विस्तारित करने के बारे में के साथ पहले से ही बातचीत कर रही है, वह इस परिवर्तन का पालन करने के लिए तैयार है, लेकिन उसने विनियामक के निर्देश पर आगे की कार्यवाही करने के लिए कहा।",14.7,Bad,19,47,28
1133,"we would welcome a review by casa into allowing the use of electronic devices because we really do think it will improve the customer experience now that we have wireless inflight entertainment on our planes, a spokesman said.","एक वक्‍ता ने कहा कि अब हम अपने हवाई - जहाज़ के लिए सहज मनोरंजन का मज़ा ले रहे हैं, क्योंकि हम सोचते हैं कि यह वास्तव में ग्राहक अनुभव को बेहतर करेगा क्योंकि अब हम अपने हवाई - अड्डे के बारे में सोचते हैं ।","प्रवक्ता ने कहा कि हम विद्युत उपकरणों के उपयोग की अनुमति दिए जाने के मामले में द्वारा समीक्षा का स्वागत करेंगे, क्योंकि हमें वास्तव में ऐसा लगता है कि यह ग्राहकों को बेहतर अनुभव प्रदान करेगा, क्योंकि अब हमारे पास वायरलेस इनफ्लाइट मनोरंजन हमारे विमानों में है।",31.65,Medium,46,47,1
1134,qantas said it would stick with the current rules for now.,यह अब के लिए वर्तमान नियमों के साथ जुड़ा हुआ होगा.,क्वांटास ने कहा कि यह अभी वर्तमान नियमों का पालन करेगी।,34.06,Medium,11,11,0
1135,"our current policy is that electronic devices cannot be used during takeoff and landing and we have no immediate plans to change that, it said.",हमारी वर्तमान नीति यह है कि उड़ान भरने और उतरने के दौरान इलेक्ट्रॉनिक यंत्रों का इस्तेमाल नहीं किया जा सकता और हमारे पास उस बदलाव को बदलने की कोई जल्दी योजना नहीं है ।,"इसने कहा कि हमारी वर्तमान नीति के अनुसार उड़ान भरने तथा विमान उतरने के दौरान विद्युत उपकरणों का उपयोग नहीं किया जा सकता है, तथा इसे परिवर्तित करने की हमारे पास कोई तत्काल योजना नहीं है।",47.16,Medium,34,36,2
1136,the faa ruling applies to american airlines.,"एक नियम पर गौर कीजिए, जो जीव - विज्ञानी हवाई जहाज़ पर लागू होता है ।"," निर्णय, अमेरिकी एलरलाइनों पर लागू होते हैं।",25.81,Medium,16,7,9
1137,"however, we are always interested in regulatory developments that could benefit passengers and we will certainly be taking a close look at the faas decision and the reasons behind it.","लेकिन, हम हमेशा उन पुनर्भरणीय विकासों में दिलचस्पी रखते हैं जो यात्रियों को लाभ पहुँचा सकते हैं और हम निश्‍चित रूप से उस निर्णय को और उसके पीछे के कारणों को देखते रहेंगे ।","वैसे, हम हमेशा ही ऐसे विनियामक विकासों में रुचि रखते हैं, जो यात्रियों को लाभ पहुंचा सकें तथा हम निश्चित रूप से के निर्णय तथा उसके पीछे के कारणों पर विचार करेंगे।",52.89,Good,34,32,2
1138,"for us carriers, the impact of the ruling will vary from airline to airline and will depend on the age of their fleet.","हमारे किसानों के लिए, सरकार का प्रभाव हवाई जहाज़ से भिन्‍न होगा और उनके बेड़े की उम्र पर निर्भर रहेगा ।","इस निर्णय का प्रभाव, प्रत्येक वायुयान सेवा कम्पनी पर अलगअलग होगा तथा उनके विमान की आयु पर निर्भर करेगा।",27.2,Medium,21,19,2
1139,"carriers will need to prove their planes can tolerate radio interference from mobile devices as well as revise manuals, training materials, carryon baggage programs and passenger briefings.",विमानों को अपने विमानों को साबित करने की ज़रूरत होगी कि वे मोबाइल उपकरणों से रेडियो हस्तक्षेप को बरदाश्‍त कर सकते हैं ।,"वायुयान सेवा कम्पनियों को यह प्रमाणित करने की आवश्यकता होगी कि उनके विमान मोबाइल उपकरणों से रेडियो व्यतिकरण को सहन कर सकते हैं, साथ ही उन्हें अपनी नियम पुस्तिकों, प्रशिक्षण सामग्री, कैरीऑन बैगेज प्रोग्राम तथा यात्रियों को संक्षिप्त विवरण देने में संशोधन करना होगा।",25.89,Medium,23,44,21
1140,"once an airline verifies the tolerance of its fleet, it can allow passengers to use handheld, lightweight electronic devices such as tablets, ereaders, and smartphonesat all altitudes, the faa said.",एक बार हवाई जहाज़ अपने बेड़े की सहनशीलता को बढ़ावा देता है ।," ने कहा कि एयरलाइनों द्वारा उनके विमान की सहनीयता के सत्यापन के पश्चात वह यात्रियों को सभी ऊंचाइयों पर हाथ में पकड़ने वाले, हल्के वजन के विद्युत उपकरण जैसे कि टेब्लेट, ईरीडर्स तथा स्मार्टफोन उपयोग करने की अनुमति देगा।",7.59,Bad,13,39,26
1141,"in rare instances of low visibility, the crew will instruct passengers to turn off their devices during landing.",इस तरह वे यात्रियों को हुक्म देंगे कि वे जहाज़ से उतरने के लिए अपना सामान बंद कर दें ।,"कम दृश्यता के विरल मामलों में, चालक दल यात्रियों को विमान उतरने के दौरान अपने उपकरण बंद करने का निर्देश देगा।",27.66,Medium,20,21,1
1142,the group also recommended that heavier devices should be safely stowed under seats or in overhead bins during takeoff and landing.,उस समूह ने यह भी सिफ़ारिश की कि उड़ान भरने और उतरने के दौरान भारी - भरकम यंत्रों को आसानी से सीटों के नीचे या शीर्ष के नीचे ही रखा जाना चाहिए ।,समूह ने उड़ान भरने तथा विमान उतरने के दौरान भारी उपकरणों को सुरक्षित तरीके से सीट के नीचे रखने अथवा ऊपरी डिब्बों में रखने का सुझाव भी दिया है।,35.92,Medium,33,29,4
1143,pawnbrokers shine in singapore as middle class feel the pinch,बंग्लादेश में सजग होइए!,सिंगापुर में मध्यम वर्ग द्वारा कठिनाई महसूस किए जाने के कारण पॉनब्रोकर्स की चांदी,5.73,Bad,4,14,10
1144,"at a pawnshop in bendemeer shopping centre in singapore, janani amirthalinga is swapping a gold bangle, ring and pair of earrings to pay her daughters school fees.","इस तरह वे अपनी बेटियों को स्कूल की फीस देने के लिए सोना, अंगूठी और बाल के दो जोड़े लगा देते हैं ।","सिंगापुर में बेंडेमीयर शॉपिंग सेन्टर में पॉनशॉप में जनानी अमीरथलिंगा अपनी बेटी की स्कूल फीस का भुगतान करने के लिए अपनी सोने की चूड़ी, अंगूठी तथा झुमके देकर नकदी ले रही हैं।",20.94,Medium,23,32,9
1145,"my husband and i have just bought a house so all my moneys stuck there, mrs amirthalinga says.","मेरे पति और मैं सिर्फ एक घर खरीदा है तो मेरे सारे पैसे वहाँ फंस गए हैं, एक बदमाश कहते हैं.","श्रीमती अमीरथलिंगा ने कहा, मेरे पति तथा मैने हाल ही में घर खरीदा है, इसलिए हमारा सारा पैसा उसमें फंसा हुआ है।",24.65,Medium,21,22,1
1146,"even though she earns s3,000 2,400 a month as an administrator and her husband works as well, the monthly family income is insufficient, she says.","हालाँकि वह एक प्रशासक और उसके पति के रूप में एक महीने में २,५०० डॉलर कमाती है, फिर भी मासिक परिवार की आमदनी अपर्याप्त है, वह कहती है ।","वे कहती हैं कि, यद्यपि वे एडमिनिस्ट्रेटर के रूप में , सिंगापुर डॉलर , यू.एस. डॉलर कमाती हैं, तथा उनके पति भी नौकरी करते हैं, लेकिन परिवार की मासिक आय अपर्याप्त रहती है।",34.28,Medium,29,33,4
1147,"indeed, such is demand across parts of southeast asia where household debt is rising that valuemax, where she is carrying out her transaction, this week became the third pawnshop to list on the singapore stock exchange.","वास्तव में, ऐसी माँग दक्षिण - पूर्वी एशिया के भागों के पार की जाती है जहाँ घर का कर्ज़ बढ़ता जा रहा है, जहाँ वह अपने लेन - देन से बाहर ले जा रही है, यह सप्ताह गीत गृह की सूची पर सूचीबद्ध करने के लिए तीसरा पैदला बन गया ।","वास्तव में, दक्षिणपूर्व एशिया के हिस्सों में ऐसी ही मांग है जहां घरेलू ऋण में वृद्धि हो रही है वैल्यूमैक्स जहां वे अपना लेनदेन कर रही हैं, इस सप्ताह सिंगापुर स्टॉक एक्सचेन्ज पर सूचीबद्ध होने वाली तीसरी पॉनशॉप बन गई।",31.07,Medium,51,40,11
1148,"pawning jewellery is not merely a fast way to land cash s1,300 in ms amirthalingas case but almost as cheap as unsecured bank loans.","इसके बजाय, यह सिर्फ एक बहुत ही पेचीदा बैंक के उधार के बराबर होता है ।","आभूषण गिरवी रखना नकदी प्राप्त करने का एकमात्र तरीका नहीं है सुश्री अमीरथलिंगा के मामले में , सिंगापुर डॉलर बल्कि लगभग असुरक्षित बैंक लोन जितना सस्ता भी है।",8.86,Bad,16,28,12
1149,"typically pawnbrokers in singapore charge an effective annual percentage rate of 17 per cent, just above the 15.4 per cent offered at united overseas bank, a local lender with a branch in the same shopping centre.","आम तौर परrogor में एक प्रभावी वार्षिक प्रतिशत दर १७ प्रतिशत है, केवल १५ प्रतिशत से अधिक, एक दूसरे देशों के बैंक में भेंट किए गए एक स्थानीय ऋणी बैंक में, जो उसी बाज़ार में एक शाखा के साथ एक स्थानीय ऋणदाता है ।","आम तौर पर सिंगापुर में पॉनब्रोकर प्रतिशत प्रति वर्ष ब्याज लेते हैं, जो युनाइटेड ओवरसीज बैंक द्वारा पेश किए जाने वाले . प्रतिशत से थोड़ा ही अधिक है, जो स्थानीय ऋणदाता है जिसकी उसी शॉपिंग सेन्टर में शाखा है।",32.99,Medium,44,39,5
1150,"however, pawnbrokers have the advantage of not requiring credit checks or proof of salary, and can arrange loans faster than banks.","इसके अलावा, यह भी हो सकता है कि उसके माल को बैंक से भी तेज़ रफ्तार से भर जाए ।","तथापि, पॉनब्रोकर्स के पास क्रेडिट की जांच अथवा वेतन का प्रमाण की आवश्यकता न होने का लाभ है, तथा वे बैंक की तुलना में अधिक तेजी से ऋण उपलब्ध करा सकते हैं।",12.24,Bad,20,32,12
1151,hence millions of people across the region are turning to pawnshops as families feel the squeeze from rising living costs and ballooning household and consumer debt.,इसलिए यहाँ के इलाके में लाखों लोग पैदल चलकर चले जा रहे हैं ।,परिवारों द्वारा जीवनयापन के बढ़ते हुए खर्चों तथा घरेलू और उपभोक्ता ऋण में वृद्धि के कारण कठिनाई का सामना करने के कारण इस क्षेत्र में लाखों लोग पॉनशॉप का रुख कर रहे हैं।,15.73,Bad,14,33,19
1152,"after five years of robust growth since the global financial crisis, and cheap credit fuelled by loose monetary policy in advanced economies, lower and middleincome families are turning to pawn shops to make up the difference as their economies slow.","जब से विश्‍वव्यापी आर्थिक संकट के पाँच साल बीत चुके हैं, और अधिक आर्थिक नीति में आर्थिक नीति द्वारा अनियंत्रित आर्थिक नीति द्वारा ख़राब रूप से ईंधन कम हो गया है, तब से कम और बीच में आ रहे परिवारों ने पैदल की दुकानों में परिवर्तन की ओर मोड़ लिया है ताकि वे इस अंतर को धीमी गति से बढ़ा सकें ।","वैश्विक वित्तीय आपदा के पश्चात पाँच वर्षों तक मजबूत वृद्धि, तथा विकसित अर्थव्यवस्थाओं में सरल मौद्रिक नीति के कारण सस्ते क्रेडिट के बाद, अपनी अर्थव्यवस्था के मंद पड़ने के कारण निम्न तथा मध्यम आय वाले परिवार अपनी आवश्यकताएँ पूरी करने के लिए पॉनशॉप का रुख कर रहे हैं।",22.62,Medium,62,48,14
1153,"this week standard poors, the rating agency, cited increasing household leverage, mainly from rising mortgages, as a risk factor for asian banks creditworthiness.","इस सप्ताह के मानक ग़रीब, रेटिंग विभाग ने, जिसका ज़िक्र बढ़ा - चढ़ाकर किया गया है, मुख्यतः बढ़ते कर्ज़ों से लेकर, जैसे कि यूरोपियन बैंक के बड़े होने का खतरा है ।","इस सप्ताह रेटिंग एजेन्सी, स्टैन्डर्ड्स एंज पुअर्स ने मुख्यतः बढ़ते हुए बंधक मोर्टगेज के कारण बढ़ते हुए घरेलू लाभ को, एशियाई बैंकों की ऋणपात्रता के लिए जोखिम कारक बताया।",26.24,Medium,32,29,3
1154,"it said that malaysia, thailand and singapore had the highest household debt to gross domestic product ratios in asia.","यह कहा जाता है कि मेपल्या, क्रैपलैंड और गाब्रॉर का सबसे बड़ा घराने का ऋण था जो कया में घरेलू उत्पाद अनुपात के लिए होता था ।","इसने कहा कि एशिया में मलेशिया, थाईलैंड तथा सिंगापुर में सकल घरेलू उत्पाद के अनुपात में उच्चतम घरेलू ऋण है।",30.02,Medium,27,20,7
1155,"malaysia topped the list at 80 per cent of gdp, up from 60 per cent in 2008.",सन्‌ 2008 में 60 प्रतिशत से भी ज़्यादा लोगों की सूची बनाने का काम शुरू हो गया ।,"मलेशिया जी.डी.पी. के प्रतिशत के साथ इस सूची में सर्वोच्च स्थान पर है, जबकि वर्ष में यह प्रतिशत थी।",15.9,Bad,18,19,1
1156,"economists are also worried about high levels of consumer debt in thailand, which this week narrowly emerged from technical recession.",इस हफ्ते तकनीकी से भारी - भरकम लोगों की जान भी जा सकती है ।,"अर्थशास्त्री थाईलैंड में उपभोक्ता ऋण के उच्च स्तरों के बारे में चिंतित हैं, जो इस सप्ताह तकनीक मंदी से हल्कासा उभरा है।",11.91,Bad,15,22,7
1157,"on thursday, data showed continued export weakness, and a softening in consumer demand.","लेकिन, कुछ ही समय बाद, उसने एक बार फिर एक बार फिर अपना काम जारी रखा ।","गुरुवार को, डेटा ने सतत निर्यात मंदी तथा उपभोक्ता मांग में कमी दिखाई है।",10.98,Bad,17,14,3
1158,"bottom line is that with costs rising, people in the middle to lower end of the income scale will be looking to supplement their income wherever they can, says song seng wun, economist at cimb, a malaysian bank.","इस बात को ध्यान में रखते हुए, कुछ लोगों का कहना है कि खर्चा कम होने के बाद, वे अपनी आमदनी के हिसाब से जहाँ भी जा सकते हैं वहाँ के बीच के लोग अपनी आमदनी के हिसाब से काम कर रहे हैं ।","मलेशियाई बैंक, सी.आई.एम.बी. में अर्थशास्त्री सॉन्ग सेंग वुन ने कहा, निर्णायक बिंदु यह बात है कि बढ़ती हुई कीमतों के साथ, आय पैमाने के मध्यम से निम्न वर्ग में आने वाले लोग अपनी आय हरसंभव तरीके से बढ़ाने का प्रयास करेंगे।",18.45,Bad,44,41,3
1159,"historically high prices for gold in the past two years have added to the rush to pawn personal belongings, as people take the opportunity to cash in the value of their family jewellery.","पिछले दो सालों में सोने के लिए ऐतिहासिक रूप से ऊँची क़ीमती कीमतों ने मुख्य व्यक्‍तिगत संपत्ति को पार किया है, जैसे लोग अपने पारिवारिक रत्न के मूल्य में पैसा लेने का अवसर लेते हैं ।","पिछले दो वर्षों में सोने के मूल्यों में ऐतिहासिक रूप से उच्च मूल्यों ने लोगों को व्यक्तिगत सम्पत्तियों को गिरवी रखने के लिए प्रेरित किया है, क्योंकि वे अपने परिवार के आभूषणों के मूल्य भुनाने के अवसर का लाभ उठा रहे हैं।",37.87,Medium,36,42,6
1160,"in singapore, about 70 per cent of items pawned at the citystates 200 pawn outlets are gold.","गॉर में, शहर के 200 मीटर की दूरी पर लगभग 70 प्रतिशत चीज़ें सोने की होती हैं ।",सिंगापुर में सिटीस्टेट के पॉन आउटलेट में गिरवी रखी गई प्रतिशत वस्तुएं सोना हैं।,20.41,Medium,18,14,4
1161,"people are saying the gold price looks good, lets pawn grandmas gold chain and get it back next month, says mr song.","लोग कहते हैं कि सोने की कीमत अच्छा लग रहा है, पैदल ग्रेग्रेस सोना श्रृंखला और अगले महीने इसे वापस पाने के लिए, mer गीत कहते हैं.","लोग कह रहे हैं सोने का भाव अच्छा लग रहा है, चलो दादी मां की सोने की चेन गिरवी रख देते हैं, तथा अगले महीने वापस ले लेंगे।",39.15,Medium,27,28,1
1162,"in thailand the largest pawnshop operator, easymoney, has seen an up to 20 per cent rise in the number of customers using its outlets in recent months.",हाल के महीनों में ग्राहकों की संख्या में 20 प्रतिशत से 20 प्रतिशत ग्राहकों की गिनती बढ़ रही है ।,"थाईलैंड की सबसे बड़ी पॉनशॉप संचालक, ईजीमनी, ने हाल के महीनों में अपने आउटलेट का इस्तेमाल करने वाले ग्राहकों की संख्या में प्रतिशत वृद्धि देखी है।",34.28,Medium,20,26,6
1163,"such is the growth in the pawn business that valuemax, operator of the outlet at bendemeer and of 15 others like it in singapore, plans to expand not only in neighbouring malaysia where it has four shops but outside asia too, says yeah lee ching, valuemaxs executive director.","इस तरह की वृद्धि है पैदल व्यवसाय में जो max के मूल्य का मूल्य है, बाहर मोड़ पर बाहर के ऑपरेटर और 15 अन्यों के जैसे कि गाउर में इस तरह के गीत गाते हैं, पड़ोसी चारिया में केवल चार दुकानों में वृद्धि करने की योजना जहाँ इसके पास चार दुकानों है, लेकिन जैसे कि उनमें भी है, हाँ secing, मूल्य प्रबंधकों का कहना है।","गिरवी रखने के व्यवसाय में इतनी वृद्धि है कि बेन्डीमीर में आउटलेट के संचालक वैल्यूमैक्स तथा सिंगापुर में इसके जैसे अन्य, न केवल अपने पड़ोस में, मलेशिया में विस्तार करने की योजना बना रहे हैं जहां इसकी चार दुकानें हैं, बल्कि एशिया के बाहर भी विस्तार करने की योजना बना रहे हैं, वैल्यूमैक्स की कार्यकारी निदेशक याह ली चिंग कहती हैं।",31.43,Medium,65,61,4
1164,the company will fund that by using 60 per cent of s66m it raised this week in a listing on the singapore stock exchange.,कंपनी को पैसे देंगे कि इस हफ्ते 60 प्रतिशत का इस्तेमाल करके इस हफ्ते गीतप के बदले की एक सूची में किया जाएगा ।,"कम्पनी इसका वित्तपोषण, सिंगापुर स्टॉक एक्सचेन्ज पर इस सप्ताह लिस्टिंग में प्राप्त मिलियन सिंगापुर डॉलर के प्रतिशत इस्तेमाल से करेगी।",21.28,Medium,24,20,4
1165,"while some discount lenders have come under fire for high interest rates, ms yeah says that not only does pawning offer cheaper rates than other lenders, it also does not add directly to debt.","जबकि कुछ ऋण देनेवाले उच्च ब्याज दरों के लिए आग में आ गए हैं, एम जी जी हाँ कहता है कि न केवल किसी दूसरे ऋणियों के अलावा पैदल की दरों को ही नहीं देता, यह भी सीधे उधार देने के लिए नहीं होता ।","जबकि उच्च ब्याज दरों के कारण कुछ डिस्काउन्ट लेन्डर्स ऋणदाता की आलोचना हुई है, लेकिन सुश्री याह कहती हैं कि गिरवी रखने अन्य ऋणदाताओं की तुलना में न केवल सस्ती दर मिलती है, बल्कि यह प्रत्यक्ष रूप से ऋण में वृद्धि भी नहीं करता है।",24.51,Medium,45,45,0
1166,"customers are mortgaging items that they already own, and monetising personal assets does not increase household debt, she says.","ग्राहक पहले से ही ऐसी चीज़ों का इस्तेमाल कर रहे हैं, जो वे पहले से ही कर रहे हैं, और व्यक्‍तिगत संपत्ति लेने से परिवार का कर्ज़ नहीं बढ़ जाता, वह कहती है ।","वे कहती हैं, ग्राहक ऐसी वस्तुओं को गिरवी रखते हैं जो उनके पास पहले से हैं, तथा व्यक्तिगत परिसम्पत्तियों को भुनाना घरेलू ऋण में वृद्धि नहीं करता।",29.47,Medium,34,27,7
1167,"theres an increased social acceptance of pawnbroking as a means to secure short term, secured financing.","यहाँ पैदल चलना एक बड़ी सामाजिक स्वीकृति है जिस से थोड़ी देर सुरक्षित, सुरक्षित आर्थिक रूप से सुरक्षित रखा जा सकता है ।",अल्पकालिक व सुरक्षित वित्तीय सहायता प्राप्त करने के लिए पॉनब्रोकिंग की सामाजिक स्वीकार्यता बढ़ रही है।,28.63,Medium,23,16,7
1168,nor are the types of people who use pawnbrokers only the financially stretched.,"और न ही वे ऐसे लोगों की तरह होते हैं जो थिओब्रोकर्स का प्रयोग करते हैं, सिर्फ आर्थिक रूप से ।",ऐसा नहीं है कि पॉनब्रोकर्स को केवल वित्तीय रूप से कमजोर व्यक्ति ही इस्तेमाल करते हैं।,29.12,Medium,21,16,5
1169,"wealthy people in singapore also use valuemax outlets, pawning gold bars or rolex watches, which can command up to 60 per cent of their purchase price in cash.","गॉर में धनवान लोग सोने के पट्टे या भूमिका अदा करते हैं, जो पैसों की कीमत में 60 प्रतिशत से भी ज़्यादा रुपए देने की आज्ञा दे सकते हैं ।","सिंगापुर में धनी व्यक्ति भी वैल्यूमैक्स आउटलेट का इस्तेमाल करते हैं, वे गोल्ड बार अथवा रोलेक्स घडि़यां गिरवी रखते हैं जिससे उनके खरीद मूल्य का प्रतिशत तक नकद भुगतान मिल सकता है।",21.33,Medium,30,32,2
1170,we see customers from all walks of life.,हम जीवन के सभी मार्गों से ग्राहकों को देखते हैं.,हमारे पास समाज के सभी वर्गों के ग्राहक आते हैं।,39.86,Medium,10,10,0
1171,"they include wealthy individuals who need to borrow short term for business ventures or investments, or small businesses with a need to tide over their cash flow needs, says ms yeah.","वे कहते हैं कि अमीर लोग हैं जिन्हें व्यापार या निवेश करने के लिए कम समय उधार लेने की ज़रूरत है, या कम व्यवसायों की ज़रूरत है, जो अपनी नकदी प्रवाह की ज़रूरतों को पार करने की ज़रूरत के साथ, हाँ कहते हैं ।","सुश्री याह कहती हैं, इनमें धनी व्यक्ति शामिल हैं जिन्हें व्यावसायिक उपक्रम अथवा निवेश हेतु थोड़े समय के लिए ऋण की आवश्यकता है, अथवा छोटे व्यवसाय जिन्हें अपनी नकदी प्रवाह आवश्यकताओं को पूर्ण करने की आवश्यकता है।",31.86,Medium,44,37,7
1172,sometimes they just need the money very quickly.,कभी - कभी उन्हें बस जल्दी पैसे की ज़रूरत होती है ।,कभीकभी उन्हें मात्र बहुत कम समय में धन की आवश्यकता होती है।,30.36,Medium,12,12,0
1173,"nita ambani, the wife of indias most important businessman mukesh ambani, is celebrating her 50th birthday on november 1, 2013.","नताता अवीही की पत्नी, जो सबसे महत्वपूर्ण व्यापारी टंशशश की पत्नी है, उसे 50वें जन्मदिन का जश्‍न सन्‌ 2013 में मनाया जा रहा है ।",इंडिया के सबसे बड़े बिजनेसमैन मुकेश अंबानी कि वाइफ नीता अंबानी नवंबर को अपना वां जन्मदिन मना रही हैं।,20.72,Medium,25,19,6
1174,nita is celebrating her birthday in jodhpur and not in mumbai.,नियाता उसके जन्मदिन का जश्‍न मना रही है ।,नीता अपना बर्थडे मुंबई में नहीं बल्कि जोधपुर में मना रही हैं।,17.71,Bad,9,12,3
1175,she has organized a big party to mark the occasion.,उसने अवसर को विशिष्ट करने के लिए एक बड़ी पार्टी संगठित की है.,उन्होंने इस मौके पर एक बहुत बड़ी पार्टी का आयोजन किया।,26.08,Medium,13,11,2
1176,many big bollywood stars have arrived in jodhpur to the attend the party. in the late evening of october 31st many big stars were seen catching a flight to jodhpur from mumbai airport.,अक्‍तूबर ३१ की आख़री शाम में अनेक बड़े - बड़े तारों को मांबा हवाई अड्डे से मुक्‍त करने के लिए उड़ान भरी हुई नज़र आती थी ।,इस पार्टी में शिरकत करने के लिए बॉलीवुड के कई बड़े सितारे जोधपुर पहुंचे। अक्टूबर की देर शाम को कई बड़े सितारों को मुंबई एयरपोर्ट पर जोधपुर की फ्लाइट पकड़ते देखा गया।,22.01,Medium,27,32,5
1177,"among these stars were karisma kapoor, geeta basra, vinod khanna and his wife kavita khanna, abhishek kapoor, anu malik, shekhar kapoor, raj kumar hirani, rakesh om prakash mehra, rahul bose, etc.","इनमें से एक तारे थे कासीना, गेना, टानानाना और उसकी पत्नी कानानानानाना, एक कुखाई, सुहराहरा, तहाहरा, राकहरा, रालहराहरा, राघाखाशा, सुआ, बाघा, बाघा, बांख, बाख, बांख, बाख, खकाना, खकाना, बाना।","इन सितारों में करिश्मा कपूर, गीता बसरा, विनोद खन्ना और उनकी वाइफ कविता खन्ना, अभिषेक कपूर, अनु मलिक,शेखर कपूर, राज कुमार हिरानी,राकेश ओम प्रकाश मेहरा,राहुल बोस आदि के नाम शामिल हैं।",17.69,Bad,29,31,2
1178,"you can imagine, when such big names were invited, how big the party was.","आप कल्पना कर सकते हैं, जब ऐसे बड़े नाम बुलाए गए, तो पार्टी कितनी बड़ी थी ।","जाहिर है इतने बड़े नाम जब पार्टी में शामिल होंगे तो यह जलसा कितना बड़ा होगा, इसका अंदाजा आप लगा सकते हैं।",25.64,Medium,17,22,5
1179,325m rescue package for tassie health,325mosie स्वास्थ्य के लिए पैकेज को बचाने के लिए,टैजी के स्वास्थ्य के लिए मिलियन डॉलर का बचाव पैकेज,42.23,Medium,9,10,1
1180,the federal government insists a 325 million rescue package for tasmanias ailing health system has tough conditions attached that will ensure the state government cant waste the funds.,"संघीय सरकार बीमार स्वास्थ्य प्रणाली के लिए एक ३२५ करोड़ बचाव पैकेज पर ज़ोर देती है, जिसमें कठिन परिस्थितियाँ सम्मिलित हैं जो राज्य सरकार को पैसा बरबाद कर सकती हैं ।",संघ सरकार ने जोर देकर कहा है कि तस्मानिया के बीमार होते जा रही स्वास्थ्य प्रणाली के लिए मिलियन डॉलर के बचाव पैकेज के साथ कठोर शर्तें भी जुड़ी हैं जो सुनिश्चित करेंगी कि राज्य सरकार निधि की बरबादी न कर सके।,37.84,Medium,31,42,11
1181,"federal health minister tanya plibersek has announced the commonwealth is taking urgent action to head off a crisis caused by the island states aging population, higher rates of chronic disease and system constraints.","इस द्वीप की आबादी बुढ़ापे की आबादी, बुढ़ापे की बीमारी और विश्‍व - व्यवस्था के प्रतिबंधों की ऊँची दरें हैं ।","संघीय स्वास्थ्य मंत्री तान्या प्लिबरसेक ने घोषणा की है कि राष्ट्रमंडल, द्वीप राज्य की बूढ़ी होती जनसंख्या, जीर्ण बीमारियों की उच्च दर, तथा सिस्टम की सीमाओं के कारण मौजूदा संकट का समाधान करने के लिए तत्काल कार्रवाई कर रहा है।",11.63,Bad,21,40,19
1182,"the funding, over four years, was decided after government consultations with tasmanian independent mp andrew wilkie.",चार साल से भी ज़्यादा समय तक सरकार ने साक्षियों के बारे में अपनी राय पेश करने का फैसला कर लिया था ।,"चार वर्षों के दौरान किए जाने वाले वित्तपोषण का निर्णय, तस्मानिया के स्वतंत्र सांसद एन्ड्रू विल्की के साथ सरकार के परामर्श के पश्चात किया गया था।",17.43,Bad,23,26,3
1183,"the government has come up with an emergency rescue package we believe will address the unique challenges faced by the state, ms plibersek said today.","सरकार एक आपातकालीन बचाव पैकेज के साथ आयी है जिसके बारे में हम विश्‍वास करते हैं कि राज्य द्वारा सामना की गयी अनोखी चुनौतियों का पता चलेगा, आज के बड़े - बड़े पैमाने पर बोली जाती है ।","सुश्री प्लिबरसेक ने आज कहा, सरकार आपातकालीन बचाव पैकेज लाई है, जिसके बारे में हमारा विश्वास है कि यह राज्य द्वारा सामना किए जा रही खास चुनौतियों का समाधान करेगी।",48.31,Medium,38,30,8
1184,the 325 million package includes a 31 million elective surgery blitz.,325 लाख पैकेजों में 31 लाख से भी ज़्यादा डॉक्टरों का ऑपरेशन हुआ है ।, मिलियन डॉलर के पैकेज में मिलियन डॉलर की वैकल्पिक सर्जरी योजना भी शामिल है।,14.69,Bad,15,14,1
1185,an additional 2600 operations including orthopedic and cataract surgery will help clear a backlog.,"इसके अतिरिक्‍त २600 आपरेशनों में, जिसमें याकम्पिक और बिल्ली के ऑपरेशन सम्मिलित हैं, पीठ - पट्टी को साफ करने में मदद मिलेगी ।","ऑर्थोपैडिक तथा मोतियाबिंद सर्जरी समेत अतिरिक्त ऑपरेशन, पिछले एकत्रित मामलों का समाधान करने में सहायता करेंगे।",24.87,Medium,23,16,7
1186,"theres also money for walkin clinics in hobart and launceston, better afterhospital care, medical specialist training, mental health services and the rollout of personal electronic health record systems in local hospitals.",हॉरट और लाराटन में चलने के लिए भी पैसे मिलते हैं ।,"इसमें होबार्ट और लॉनसेस्टशन में वॉकइन क्लिनिक, अस्पताल से जाने के बाद बेहतर देखभाल, चिकित्सा विशेषज्ञों के प्रशिक्षण, मानसिक स्वास्थ्य सेवाओं तथा स्थानीय अस्पतालों में व्यक्तिगत इलेक्ट्रॉनिक स्वास्थ्य अभिलेख प्रणाली आरंभ किए जाने के लिए भी धन शामिल है।",8.16,Bad,12,39,27
1187,"these investments respond to the ideas that frontline clinicians have told me will be the best ways to tend to tasmanias health system, ms plibersek said.",ये निवेश उन विचारों के प्रति प्रतिक्रिया दिखाते हैं जो सामने लाइन फ़िक्स्सियन्सन्सिया स्वास्थ्य प्रणाली की ओर प्रवृत्त होने के लिए मुझे बताया गया है.,"सुश्री प्लिबरसेक ने कहा, ये निवेश, अग्रणी चिकित्सकों द्वारा तस्मानिया की स्वास्थ्य प्रणाली को बेहतर बनाने के लिए मुझे बताए गए सर्वोत्तम तरीकों के अनुरूप हैं।",35.28,Medium,25,26,1
1188,the minister insisted the tasmanian government would face a strict reporting and accountability regime.,पादरी ने हठ किया कि हुमेनियन सरकार एक सख़्त रिपोर्ट और जवाबदेही के शासन का सामना करेगी ।,मंत्री ने जोर देते हुए कहा कि तस्मानिया की सरकार सख्त रिपोर्टिंग तथा जवाबदेही शासन का सामना करेगी।,47.3,Medium,18,18,0
1189,the state would have to maintain current funding levels in order to receive commonwealth cash and report monthly on where it was spending the extra funds.,इस तरह के पैसों के बारे में ज़्यादा जानकारी देने के लिए सरकार को अपने पास पैसे रखने की ज़रूरत होती ।,"राज्य को राष्ट्रमंडल धन प्राप्त करने के लिए वर्तमान वित्तपोषण स्तर बनाए रखना होगा, तथा प्रत्येक महीने रिपोर्ट देना होगा कि अतिरिक्त निधि का कहां व्यय किया जा रहा है।",13.86,Bad,22,30,8
1190,a threeperson commission will be set up to ensure the state is delivering services as effectively and efficiently as possible.,यह निश्‍चित करने के लिए एक तीन व्यक्‍तिगत नियुक्‍ति स्थापित की जाएगी कि राज्य सेवा को प्रभावकारी रूप से और कुशलता से उपलब्ध किया जा रहा है ।,राज्य द्वारा यथासंभव प्रभावी और कुशल तरीके से सेवा प्रदान किया जाना सुनिश्चित करने के लिए तीन सदस्यों के आयोग का गठन किया जाएगा।,35.18,Medium,28,24,4
1191,mr wilkie today said the 325 million would count for little unless its followed by genuine reform to put tasmanias public health system on a more sustainable footing.,आज गिलीकी ने कहा कि ३.५ करोड़ लोगों की संख्या कम होगी जब तक कि इसके बाद तक कि वे सार्वजनिक स्वास्थ्य प्रणाली को अधिक स्थायी बनाए रखने के लिए असली सुधार न करें ।,"श्री विल्की ने कहा कि मिलियन डॉलर का अर्थ तब तक बहुत अधिक नहीं होगा, जब तक तस्मानिया की सार्वजनिक स्वास्थ्य प्रणाली को और अधिक संवहनीय स्तर पर पहुंचाने के लिए वास्तविक सुधार न किए जाएं।",38.23,Medium,35,36,1
1192,he nevertheless praised the government for responding to his request for urgent assistance which he first raised with the prime minister at the beginning of may.,"फिर भी उसने सरकार की प्रशंसा की क्योंकि उसने अत्यावश्‍यक सहायता के लिए अपनी निवेदन स्वीकार की, जिसे उसने पहली बार प्रधान मंत्री के साथ शायद शुरू में उठाया था ।","फिर भी उन्होंने, तत्काल सहायता के लिए उनके अनुरोध पर प्रतिक्रिया करने के लिए सरकार की प्रशंसा की, जिसे वे सबसे पहले मई के आरंभ में प्रधानमंत्री के सामने लाए थे।",42.85,Medium,31,31,0
1193,"im hopeful the federal assistance package will go a long way towards taking the states public health system off the critical list, mr wilkie said.","संघीय सहायता पैकेज इस बात की गारंटी दे रहा है कि सरकारी स्वास्थ्य प्रणाली को पूरा करने के लिए एक लंबा रास्ता होगा, महत्वपूर्ण सूची में से एक merlilkkke ने कहा.","श्री विल्की ने कहा, मुझे उम्मीद है कि राज्य री सार्वजनिक स्वास्थ्य प्रणाली को संकटग्रस्त सूची से अलग करने की दिशा में संघीय सहायता पैकेज बहुत सहायक सिद्ध होगा।",38.79,Medium,31,29,2
1194,according to the state government these additional elective procedures will largely reverse the recent cuts.,राज्य सरकार के अनुसार ये अतिरिक्‍त चुनावात्मक तरीके ज़्यादातर हाल ही में कटौती को उलट देंगे ।,"राज्य सरकार के अनुसार, ये अतिरिक्त वैकल्पिक प्रक्रियाएं मुख्यतः हाल में की गई कटौतियों को पूर्ववत कर देंगी।",36.99,Medium,17,18,1
1195,but federal opposition health spokesman peter dutton believes todays announcement is a bandaid solution.,लेकिन संघीय स्वास्थ्य प्रवक्‍ता भू - विश्‍वास करते हैं कि आज घोषणाओं का एक समूह - विरोधी समाधान है ।,लेकिन संघीय विपक्षी स्वास्थ्य प्रवक्ता पीटर डट्टन का मानना है कि आज की घोषणा बैंडएड समाधान है।,44.97,Medium,20,17,3
1196,"the reason we are here is that the labor state government ripped 430 million out of its health system, he told abc tv.","हम यहाँ कर रहे हैं कारण यह है कि श्रम राज्य सरकार ने अपनी स्वास्थ्य प्रणाली से 430 लाख को चीरा, उसने एक बिलवी को बताया.","उन्होंने ए.बी.सी. टी.वी. से कहा, हम यहां इस कारण से हैं क्योंकि लेबर स्टेट सरकार ने अपनी स्वास्थ्य प्रणाली में मिलियन डॉलर ले लिए हैं।",36.67,Medium,26,25,1
1197,you cant have a state government ripping out almost halfabillion dollars and the commonwealth put in 300 million and pretend its a good news day.,आप एक राज्य सरकार लगभग आधा डॉलर और आम पैसा 300 लाख में डाल दिया है और एक सुसमाचार के दिन का नाटक कर सकते हैं.,राज्य सरकार द्वारा लगभग आधे अरब डॉलर ले किए जाने तथा राष्ट्रमंडल द्वारा मिलियन डॉलर दिए जाने को आप अच्छे समाचार वाले दिन के रूप में नहीं मान सकते।,25.03,Medium,26,29,3
1198,mr dutton called on ms plibersek to guarantee that not one dollar out of the rescue package would be spent on additional bureaucracy.,इस बात की गारंटी देने के लिए कि बचाव पैकेज में से एक भी डॉलर नहीं खर्च होगा ।,श्री डट्टन ने मांग की कि सुश्री प्लिबरसेक को गारन्टी देनी चाहिए कि बचाव पैकेज में से एक भी डॉलर अतिरिक्त नौकरशाही पर व्यय नहीं किया जाएगा।,33.68,Medium,19,27,8
1199,guillaume niclouxs adaptation of denis diderots novel boasts exceptional production design and period detail but is also heavier going than it should be.,लेकिन यह भी इससे भी भारी हो सकता है ।,"डेनिस डिडेरॉट के उपन्यास के गिलौम निकलौक्स द्वारा रूपांतरण में बेहतरीन प्रोडक्शन डिजाइन तथा समय अवधि का विवरण है, लेकिन यह जितना होना चाहिए था, उससे कहीं अधिक हो गया है।",8.22,Bad,10,31,21
1200,"unfolding in 1760s france, it tells the grim story of suzanne, a young aristocrat sent to a convent by her family.","सन्‌ 1760 में, यह मेसोन की भयानक कहानी बताती है ।","फ्रांस का सन का समय दर्शाता हुआ यह उपन्यास, सुजान नाम युवा रईस की दुखद कथा बयां करता है जिसे उसके परिवार के सदस्य कॉन्वेन्ट भेज देता है।",7.75,Bad,11,28,17
1201,"when she rebels, she experiences extreme cruelty at the hands of a wantonly sadistic mother superior and becomes an object of erotic fascination for another.","जब वह विद्रोह करती है, तो वह केवल एक गरीब माँ के हाथों अत्यधिक क्रूरता का अनुभव करती है और दूसरे के लिए आकर्षण का एक पात्र बन जाती है ।","जब वह विद्रोह करती है तो वह स्वेच्छाचारी परपीड़क मदर सुपीरियर के हाथों अत्यधिक क्रूरता का सामना करती है, तथा दूसरी के लिए कामुक आकर्षण की वस्तु बन जाती है।",50.79,Good,31,30,1
1202,the film never slips into prurience or sensationalism and thats the problem.,इस फिल्म में कभी - भी रंग - बिरंगेपन या हुनर नहीं आते और ना ही यह समस्या है ।,यह फिल्म कभी भी कामुकता या सनसनी में नहीं जाती और यही समस्या है।,31.64,Medium,20,14,6
1203,"the earnest solemnity of the storytelling risks making it a hair shirtlike ordeal for audiences, too.",कहानी की गंभीरता से जाँच करने से लोगों के लिए भी इसका कारण होता है ।,कथावर्णन की दृढ़ गम्भीरता के कारण दर्शकों के लिए इसमें उबाऊ फिल्म बनने का जोखिम भी है।,22.12,Medium,16,17,1
1204,"the csas vicechancellor, dr. munna singh, has decided to charge an entrance fee to the park because of the litter being left in the park.",इस बीमारी के शिकार लोगों के लिए यह बहुत मुश्‍किल हो सकता है ।,सीएसए के कुलपति डॉ. मुन्ना सिंह ने उद्यान में फैली गंदगी के चलते बगीचे में प्रवेश शुल्क लगाने का निर्णय लिया है।,10.97,Bad,14,22,8
1205,the departments have been given a 15 day ultimatum to clean the park.,विभागों को पार्क को साफ करने के लिए 15 दिन की मोहलत दी गयी है ।,वहीं विभागों की खस्ताहाल दशा को दुरुस्त करने के लिए दिन का अल्टीमेटम दिया है।,30.51,Medium,16,15,1
1206,on friday morning at ten oclock the vicechancellor randomly inspected the deputy director of parks department and director of research along with the parks department.,"एक दिन सुबह दस बजे वसंत के वक्‍त, उप - राष्ट्रपति ने भू - दृश्‍य विभाग के उप - निर्देशक और पार्क विभाग के साथ - साथ शोध विभाग के निर्देशकों की जाँच की ।",कुलपति ने शुक्रवार सुबह दस बजे उद्यान विभाग के साथ उपनिदेशक बीज एवं प्रक्षेत्र व निदेशक शोध का औचक निरीक्षण किया।,32.05,Medium,35,21,14
1207,"during this time more than a dozen employees of these departments, including the director, were found absent from their posts.","इस दौरान इन विभागों के एक दर्जन से ज़्यादा कर्मचारियों को, जिनमें निर्देशक भी शामिल था, अपने पोस्टों से अलग पाया गया ।",इस दौरान उन्होंने इन विभागों में निदेशक समेत दर्जन भर से अधिक कर्मचारियों को अपनी सीट से नदारद पाया।,43.28,Medium,23,19,4
1208,after reprimanding them he warned that their wages would be cut if they were found absent again.,उसने उन्हें फटकारने के बाद चेतावनी दी कि अगर वे पीछे फिर गए तो उन्हें इसका फल ज़रूर मिलेगा,फटकार लगाने के बाद उन्होंने अगली बार अनुपस्थित पाए जाने पर वेतन काटने की चेतावनी दी।,31.02,Medium,19,16,3
1209,"the director of the university, dr. naushad khan, said that a monthly pass of rs.30 would be charged for this purpose.","विश्‍वविद्यालय के निर्देशक, डीर ने कहा कि इस उद्देश्‍य के लिए एक मासिक - धर्म का एक मासिक क्षेत्र होगा ।",विश्वविद्यालय के मीडिया प्रभारी डॉ. नौशाद खान ने बताया कि महीने भर सैर के लिए रुपये का पास बनवाना होगा।,25.81,Medium,21,20,1
1210,people would be able to visit the park for a daily fee of 1 rs.,लोग इस पार्क में 1 rs के एक दैनिक भुगतान के लिए भेंट करने में समर्थ होंगे ।,रोजाना एक रुपये की फीस पर लोग बगीचे में जाकर सैर कर सकेंगे।,18.17,Bad,18,13,5
1211,work will be done systematically the files from various departments will be put in front of the vicechancellor under a system.,काम अलग - अलग विभागों की फ़ाइलें अलग - अलग तरह से एक कर दिया जाएगा ।,सिस्टम से होगा कामः कुलपति के सामने विभिन्न कार्यो से संबंधित आने वाली फाइलें एक सिस्टम के तहत पहुंचेंगी।,11.54,Bad,17,19,2
1212,no employee will have the right to enter the office of the vicechancellor with their files.,किसी कर्मचारी को अपनी फाइलों के साथ उपभोग के पद में प्रवेश करने का अधिकार नहीं होगा।,हर कर्मचारी को अपनी फाइल लेकर कुलपति कार्यालय में दाखिल होने का अधिकार नहीं होगा।,54.09,Good,17,15,2
1213,the officer concerned will present the files to the vicechancellor.,अधिकारी चिंतित फाइलों को Enuncher के सामने प्रस्तुत करेंगे.,संबंधित अधिकारी उनकी फाइनल कुलपति तक पहुंचाएंगे।,23.42,Medium,9,7,2
1214,"syria has destroyed its chemical weapons making ability, watchdog group says","टाइरिया ने अपने रासायनिक हथियारों को नष्ट कर दिया है क्षमता बनाने की क्षमता बनाने के लिए, घड़ीकुट समूह का कहना है",निगरानी करने वाले समूह ने कहा कि सीरिया ने अपने रासायनिक हथियार बनाने की क्षमता को नष्ट कर दिया है,61.67,Good,22,20,2
1215,"syria has destroyed critical equipment for producing chemical weapons and poison gas munitions, the global chemical weapons watchdog said thursday as fierce clashes raged in the countrys north, close to one of the sites where toxic agents are believed to be stored.",उसने कहा कि इस देश में चारों तरफ भयंकर - से - भयानक युद्ध लड़े जा रहे हैं ।,"गुरुवार को निगरानी करने वाले समूह ने कहा कि सीरिया ने रासायनिक हथियार तथा जहरीली गैस युद्ध सामग्री बनाने के लिए महत्वपूर्ण उपकरणों को नष्ट कर दिया है, जबकि सीरिया के उत्तरी भाग में उग्र संघर्ष उभर कर आया, जो उस स्थान के बहुत करीब है जहां विषाक्त एजेंट रखे गए माने जाते हैं।",9.57,Bad,19,54,35
1216,"also thursday, a syrian activist group said more than 120,000 people have been killed since the start of the countrys civil war nearly three years ago.","इसके अलावा, एक दल ने कहा कि करीब तीन साल पहले देश के गृह - युद्ध की शुरूआत से 10,000 से भी ज़्यादा लोग मारे गए हैं ।","साथ ही गुरुवार को, सीरियन आंदोलन समूह ने कहा है कि लगभग तीन वर्ष पहले आरंभ हुए सीरिया के गृह युद्ध के आरंभ से लेकर अब तक लगभग , लोग मारे जा चुके हैं।",23.88,Medium,28,34,6
1217,the announcement by the organization for the prohibition of chemical weapons came one day ahead of the nov.,अंतर्राष्ट्रीय हथियारों की मनाही के लिए संगठन ने एक घोषणा की जो नोव से एक दिन आगे आयी ।,रासायनिक हथियार निषेध संगठन की यह घोषणा नवम्बर की अंतिम तिथि से एक दिन पहले हुई है,28.81,Medium,19,17,2
1218,1 deadline set by the haguebased organization for damascus to destroy or render inoperable all chemical weapon production facilities and machinery for mixing chemicals into poison gas and filling munitions.,इस तरह के हथियार इस्तेमाल करने के लिए इस्तेमाल किए जाते हैं ।,जिसे हेग स्थित संगठन ने डमस्कस को सभी रासायनिक हथियार उत्पादन इकाइयों तथा विषाक्त गैसों में रसायन मिलाने तथा युद्ध सामग्री में भरने के लिए इस्तेमाल होने वाली मशीनरी को नष्ट करने अथवा अप्रभावी बनाने के लिए निर्धारित किया था।,14.92,Bad,13,40,27
1219,the completion of what is essentially the initial stage of destruction is a significant milestone in an ambitious timeline that aims to destroy all of damascus chemical weapons by mid2014.,इसका मतलब है कि सन्‌ 2014 के आस - पास के मौसम के सभी रासायनिक हथियारों को नष्ट करने का लक्ष्य रखा गया है ।,"मुख्य रूप से विनाश के आरंभिक चरण का पूर्ण होना, इस महत्वाकांक्षी घटनाक्रम में सार्थक मील का पत्थर है जिसका उद्देश्य वर्ष के मध्य तक डमस्कस के सभी रासायनिक हथियारों नष्ट करना है।",27.16,Medium,25,33,8
1220,destruction of the equipment means that syria can no longer produce new chemical weapons.,इस उपकरण का विनाश करने का मतलब है कि टाइटेरिया अब नए रासायनिक हथियार पैदा नहीं कर सकती ।,उपकरण नष्ट करने का अर्थ है कि सीरिया अब नए रासायनिक हथियार नहीं बना सकता।,53.14,Good,19,15,4
1221,"however, damascus still has to start destroying existing weapons and stockpiles.",लेकिन अब भी मौजूदा हथियारों और काठों का नाश करना शुरू हो गया है ।,"हालांकि, डमस्कस को मौजूद हथियार और संग्रह को अभी भी नष्ट करना है।",25.53,Medium,15,13,2
1222,"the country is believed to have around 1,000 metric tons of chemicals and weapons including mustard gas and the nerve agent sarin.","यह विश्‍वास किया जाता है कि इस देश में १,००० टन रसायन और हथियार होते हैं जिनमें राई की गैस और नसों का तंत्रिका - तंत्र भी शामिल है ।","माना जाता है कि सीरिया के पास अभी मीट्रिक टन रसायन तथा हथियार हैं, जिसमें मस्टर्ड गैस तथा नर्व एजेन्ट सरीन शामिल है।",33.4,Medium,30,23,7
1223,"the announcement came as fighting raged thursday in the town of safira, which experts say is home to a chemical weapons production facility as well as storage sites, reported the britainbased syrian observatory for human rights.","इस घोषणा में यह घोषणा की गई कि सिगरा शहर में लड़ाई - झगड़े दिन शुरू हो गए हैं, जो विशेषज्ञ कहते हैं कि एक रासायनिक शस्त्र उत्पादन - सामग्री के लिए घर है और साथ ही भंडार स्थलों के बारे में, मानव अधिकारों के लिए भू - सम्पत्तिवादी सम्पोन्‍नीकरण के बारे में रिपोर्ट की गयी है ।","ब्रिटेन स्थिति सीरियन ऑब्जर्वेटरी फॉर ह्यूमन राइट्स ने रिपोर्ट दी है कि यह घोषणा उस समय हुई जब गुरुवार को सफीरा शहर में संघर्ष में वृद्धि हुई, जिसके बारे में विशेषज्ञों का मानना है कि यह रासायनिक हथियार उत्पादन इकाई के और साथ ही संग्रहण केन्द्र है।",32.85,Medium,58,47,11
1224,"the activist group, which has been tracking the death toll through a network of activists in syria, said thursday that 120,296 people have died.","कार्यकर्ता समूह, जो syia में कार्यकर्ताों के एक नेटवर्क के माध्यम से मौत को ट्रैक कर रहा है, ने कहा कि 120,296 लोगों की मौत हो गई है।","सीरिया में आंदोलन के नेटवर्क के माध्यम से मृतकों की संख्या का विवरण रखने वाले आंदोलन समूह ने गुरुवार को कहा कि , लोगों की मृत्यु हो चुकी हैं।",31.37,Medium,28,29,1
1225,"of those, it said 61,067 are civilians, including 6,365 children.","उनमें से 61,067 आम जनता हैं, जिनमें 6,365 बच्चे हैं ।","उसने कहा है कि इसमें से , बच्चे समेत , आम नागरिक शामिल हैं।",22.14,Medium,11,14,3
1226,"on the government side, it said 29,954 are members of president bashar assads armed forces, 18,678 are progovernment fighters and 187 are lebanese hezbollah militants.","सरकार के पक्ष में, यह कहा गया था कि, इस सरकार ने २०,५४ जन राष्ट्रपति के दल के सदस्य हैं ।","सरकार की ओर से कहा गया है कि , राष्ट्रपति बशर असद की सैन्य सेना के सदस्य हैं, , सरकार के पक्ष में लड़ने वाले लड़ाकू हैं तथा लेबनीज हिजबुल्लाह उग्रवादी हैं।",33.6,Medium,21,32,11
1227,"also among the dead it said were 2,202 army defectors and some 5,375 opposition fighters, many of them foreigners.","मृत लोगों के बीच भी यह कहा गया था कि २,२०२ सैनिक विद्रोह करनेवाले थे और कुछ ५,३75 विरोधकर्ता थे, जिनमें से अनेक विदेशी थे ।","इसने यह भी कहा कि मृतकों में , सेना के भगोड़े तथा लगभग , विपक्षी लड़ाकू हैं, जिसमें से बहुत से विदेशी हैं।",21.31,Medium,26,23,3
1228,"on july 25, the u.n. estimated 100,000 have died in the conflict since march 2011.","अनुमान लगाया गया है कि सन्‌ 2011 से इस संघर्ष में 1,00,000 लोग मारे गए हैं ।"," जुलाई को यू.एन. ने अनुमान व्यक्त किया कि मार्च से चले आ रहे संघर्ष में लगभग , लोगों की मृत्यु हो चुकी है।",21.19,Medium,17,23,6
1229,it has not updated that figure since.,यह आकृति तब से अद्यतन नहीं किया जा सकता.,इसने तब से आंकड़ों को अपडेट नहीं किया।,27.61,Medium,9,8,1
1230,the conflict has forced some 2 million people to flee the country.,युद्ध में करीब 2 करोड़ लोगों को देश छोड़कर भागना पड़ा है ।,इस संघर्ष के कारण लगभग लाख लोग देश छोड़ने के लिए मज़बूर हुए हैं।,19.06,Bad,13,14,1
1231,"assads troops have been battling rebels, many of them linked to alqaida groups, in safira for weeks.","जैसे - जैसे सैनिक विद्रोह करते जा रहे हैं, उनमें से अनेक जन सिगरा में, सिगरा में रहते हुए, अलगाडा समूहों से जुड़ गए हैं ।","असद का सैन्य दल सफीरा में कई सप्ताह तक विद्रोहियों से युद्ध करता रहा, जिनमें से कई लोग अलकायदा समूहों से सम्बन्धित थे।",27.67,Medium,26,23,3
1232,the observatory said there were casualties on both sides thursday but had no specifics.,वे कहते थे कि दोनों पक्षों में मारे गए थे लेकिन कोई विशिष्ट नहीं था ।,"गुरुवार को ऑब्जर्वेटरी ने कहा कि दोनों ओर से लोग हताहत हुए हैं, लेकिन स्पष्ट रूप से कुछ नहीं कहा।",20.8,Medium,16,20,4
1233,the fighting underscored the dangers the chemical weapons inspectors face as they race against tight deadlines in their mission to rid syria of the toxic arsenal in the midst of an ongoing civil war.,युद्ध ने रासायनिक हथियारों के ख़तरों पर ज़ोर दिया जब वे एक जारी गृह युद्ध के बीच ज़हरीले हथियारों से मुक्‍त होने के लिए अपने मिशन में गहरी आँखों के विरुद्ध दौड़ रहे हैं ।,"यह युद्ध, रासायनिक हथियारों के निरीक्षकों द्वारा सामना किए जाने वाले खतरे को दर्शाता है, जिनके पास बहुत कम समयसीमा में, चल रहे गृह युद्ध के दौरान सीरिया में विषाक्त हथियार समाप्त करने का मिशन है।",30.57,Medium,35,36,1
1234,"a statement from the opcw, which works closely with the united nations, said its team was now satisfied that it has verified and seen destroyed all of syrias declared critical production and mixingfilling equipment.",वे कहते हैं कि अब उनकी टीम संतुष्ट हो गयी है और उन्होंने सारा पैसा बरबाद कर दिया है ।,संयुक्त राष्ट्र के साथ मिलकर काम करने वाले ओ.पी.सी.डब्लू. की ओर बयान में कहा गया कि इसका दल अभी संतुष्ट है तथा इसने पुष्टि कर ली है तथा सीरिया के सभी घोषित महत्वपूर्ण उत्पादन और मिश्रणभरने वाले उपकरणों को नष्ट रूप में देख लिया है।,12.73,Bad,20,45,25
1235,"it added that, no further inspection activities are currently planned.","उस ने आगे कहा, अभी जाँच - पड़ताल करने के लिए कोई और काम की योजना नहीं बनाई जाती ।","इसने यह भी कहा, आगे कोई निरीक्षण गतिविधि की योजना नहीं बनाई जा रही।",40.29,Medium,20,14,6
1236,"earlier this week, the inspectors said they had completed their first round of verification work, visiting 21 of 23 sites declared by damascus.","इस सप्ताह से पहले, निरीक्षकों ने कहा कि उन्होंने अपनी जांच कार्य के पहले चरण को पूरा किया था, और 23 जगहों में से २१ साइटों का दौरा किया था, जो कि बाँधियुस द्वारा घोषित किए गए थे ।",इस सप्ताह के आरंभ में निरीक्षकों ने कहा था कि उन्होंने डमस्कस द्वारा घोषित केन्द्रों में से केन्द्रों पर जाकर पुष्टि कार्य का प्रथम चरण पूर्ण कर लिया है।,43.26,Medium,39,29,10
1237,"they were unable to visit two sites because of security concerns, the inspectors said.","वे सुरक्षा की चिंता की वजह से दो जगहों पर भेंट करने में असमर्थ थे, अधिकारीों ने कहा ।",निरीक्षकों ने कहा कि वे सुरक्षा कारणों से दो केन्द्रों पर जाने में सक्षम नहीं थे।,35.01,Medium,19,16,3
1238,"on thursday, opcw said the two locations were, according to syria, abandoned and ... the chemical weapons program items they contained were moved to other declared sites, which were inspected.","वे अन्य घोषित साइटों पर ले जाया गया, जो जाँच किए गए थे।","शुक्रवार को ओ.पी.सी.डब्लू. ने कहा कि सीरिया के अनुसार ये दो केन्द्र त्याग दिए गए हैं तथा... वहां रखी गई रासायनिक हथियार उत्पाद वस्तुओं को अन्य घोषित केन्द्रों पर पहुंचा दिया गया था, जिसका निरीक्षण कर लिया गया है।",11.27,Bad,13,39,26
1239,it was not immediately clear if the facility in safira was one of the two sites that opcw inspectors were not able to visit.,यह तुरंत स्पष्ट नहीं था कि सीफ्रा में सुविधा उन दोनों साइटों में से एक थी जो opwwwidओं में से एक थी ।,"यह तत्काल स्पष्ट नहीं हुआ कि सफीरा में इकाई, उन दो केन्द्रों में से एक है या नहीं, जहां ओ.पी.सी.डब्लू. के निरीक्षक जाने में सक्षम नहीं थे।",25.82,Medium,23,27,4
1240,syria has submitted a plan for the total destruction of its chemical weapons that has to be approved next month by the opcws executive committee.,टाइटेरिया ने अपने रासायनिक हथियारों का पूरा विनाश करने की योजना बना ली है ।,"सीरिया ने अपने रासायनिक हथियारों के सम्पूर्ण विनाश के लिए योजना प्रस्तुत की है, जिसे अगले महीने ओ.पी.सी.डब्लू. की कार्यकारी समिति द्वारा स्वीकृत किया जाना है।",31.01,Medium,15,26,11
1241,"i salute the fortitude and courage youve all demonstrated in fulfilling the most challenging mission ever undertaken by this organization, the watchdogs directorgeneral, ahmet uzumcu, said in comments released by the opcw.","मैं धैर्य और साहस को सलामी देता हूँ आप सभी को इस संगठन द्वारा किए गए सबसे चुनौती कार्य को पूरा करने में प्रदर्शित किया गया है, इस संगठन के निर्देशक, थिऑप्टीसीम ने कहा, जो कि एक मिट्‌स्‌ द्वारा प्रकाशित टिप्पणी में कहा ।","ओ.पी.सी.डब्लू. द्वारा जारी टिप्पणी में निगरानी करने वाले समूह के महानिदेशक अहमट उजुम्कु ने कहा, इस संगठन द्वारा अब तक किए गए सबसे चुनौतीपूर्ण मिशन को पूर्ण करने में आप लोगों द्वारा प्रदर्शित की गई दृढ़ता तथा हौसले को मैं सलाम करता हूँ।",39.3,Medium,44,43,1
1242,"now in its third year, the civil war pits the primarily sunni muslim rebels against assads government and its security forces, which are stacked with members of his alawite sect, an offshoot of shiite islam.","अब उसके तीसरे साल में, आम तौर पर गृह युद्ध, सूर्य - देवता की सरकार और उसकी सुरक्षा सेना के विरुद्ध विद्रोह करता है, जो अपने वकील पंथ के सदस्यों के साथ लूटी जाती है ।","तीन वर्षों से चला आ रहा यह गृह युद्ध मुख्यः रूप से असद की सरकार तथा उसके सुरक्षा बलों, जिसमें शिया इस्लाम के से निकले, अलावाइट पंथ के सदस्य शामिल हैं, तथा विद्रोही सुन्नी मुस्लिमों के बीच का संघर्ष है।",28.96,Medium,36,40,4
1243,"in other developments, the observatorys chief rami abdurrahman said there had been a strong explosion wednesday inside an air defense facility in syrias coastal province of latakia.","दूसरे विकासों में, भू - दृश्‍य प्रमुख भू - दृश्‍य ने कहा कि वहाँ एक तीव्र विस्फोट हुआ था... ...एक हवा के तटीय प्रांत में हवादार रक्षा केंद्र के अंदर.",अन्य घटनाक्रम में आब्जर्वेटरी के प्रमुख रामी अब्दुर्रहमान ने कहा कि सीरिया के तटीय क्षेत्र लताकिया में एयर डिफेन्स केन्द्र में बुधवार को जोरदार विस्फोट हुआ था।,27.66,Medium,30,27,3
1244,"the cause of the blast was not known, he said.","तो उसने कहा, ""मुझे तो मालूम नहीं कि वह तो अवश्य!""",उन्होंने कहा कि इस विस्फोट का कारण अभी ज्ञात नहीं है।,15.31,Bad,11,11,0
1245,"police seized a forged registry, forged seals, a laptop and photocopies of registration documents from the accused.","पुलिस ने एक झूठ - पत्र, नकली सीलों को पकड़ लिया, जो कि अभियुक्‍त से रजिस्टर किए गए दस्तावेज़ों के एक लैपटॉप और फोटो - चित्र - चित्र थे ।","पुलिस ने आरोपियों के कब्जे से जाली रजिस्ट्री, जाली मुहरें, लैपटॉप और जाली रजिस्ट्री की फोटो कॉपियां बरामद की हैं।",26.91,Medium,30,20,10
1246,moti nagar police have registered a case against the accused.,नीशी पुलिस ने आरोपी के विरुद्ध एक मामला रजिस्टर किया है.,मोती नगर पुलिस ने सभी आरोपियों पर मामला दर्ज कर लिया है।,30.0,Medium,11,12,1
1247,"police commissioner paramjit singh said that those arrested and accused are haiboval rajiv agarwal a.k.a. bintu from chandan nagar, from ghumar mandi, kamal krushna jaiswal, gurwinder singh jaggi from kohada and sonu from ghumar mandi.",पुलिस मंत्री ने कहा कि गिरफ़्तारियों और आरोप लगाया जा रहा है कि गिरफ्तारियों और आरोपी रिबोव्व्व्व एक.,"पुलिस कमिश्नर परमजीत सिंह गिल ने बताया कि गिरफ्तार आरोपियों में हैबोवल स्थित चंद्र नगर का राजीव अग्रवाल उर्फ बिंट्टू, घुमार मंडी का कमल कृष्ण जसवाल, कोहाड़ा का गुरिंदर सिंह गग्गी और घुमार मंडी का सोनू शामिल हैं।",17.54,Bad,18,38,20
1248,balbir singh from the registrar office east has fled from the scene.,रजिस्ट्रार कार्यालय से पूर्वी दिशा में बाल पाप भाग गया है.,रजिस्ट्रार दफ्तर पूर्वी का बलबीर सिंह मौके से फरार हो गया है।,34.04,Medium,11,12,1
1249,"according to the police the accused used to take out the documents of the records of vacant and old plots with the help of balbir singh, a clerk and record keeper in the registrar office and then, by purchasing new stamp papers, used to make counterfeit registration documents for them.",पुलिस के अनुसार अभियुक्‍त व्यक्‍तियों ने कृषक और पुरानी साज़िशों के दस्तावेज़ों को उनके लिए नक़ली टिकटों का संग्रह करने के लिए इस्तेमाल किया ।,पुलिस के मुताबिक आरोपी रजिस्ट्रार दफ्तर के क्लर्क एवं रिकॉर्डकीपर बलबीर सिंह के साथ मिलकर खाली व पुरानी जमीनों के रिकॉर्ड में से कागजात निकल लेते थे और उसके बाद नए स्टांप पेपर खरीद कर उन पर जाली रजिस्ट्री तैयार कर लेते थे।,16.28,Bad,25,43,18
1250,"not only that, but they used to destroy the original registry documents and then the false registry documents were updated in the records.","न केवल इसका, बल्कि वे मूल रजिस्ट्री दस्तावेज़ों को नष्ट करने के लिए प्रयोग करते थे और फिर झूठे रजिस्ट्री दस्तावेज़ों को रिकार्ड में अद्यतन किया जाता था ।",यही नहीं उसके बाद असली रजिस्ट्री को गायब कर जाली रजिस्ट्री रिकॉर्ड में चढ़ा देते थे।,31.34,Medium,29,16,13
1251,then the accused use to sell the land with counterfeit papers for crores of rupees.,तब अभियुक्‍त ने उस देश को पैसों के ढेर के लिए नक़ली काग़ज़ों से बेचने के लिए इस्तेमाल किया ।,इसके बाद आरोपी जाली कागजात पर जमीन को करोड़ों रुपये में बेच देते थे।,18.68,Bad,20,14,6
1252,"at the same time, they would take out loans against these counterfeit documents.","साथ ही, वे इन नक़ली दस्तावेज़ों के विरुद्ध ऋण लेते ।","वहीं, इन जाली कागजात पर लोन ले लेते थे।",17.79,Bad,11,9,2
1253,"thereafter, the original owner would be left running to the police and administration.","इसके बाद, वह असली मालिक पुलिस और प्रशासन में चला जाता ।",इसके बाद जमीन का असली मालिक पुलिस व प्रशासन के धक्के खाता रह जाता था।,46.21,Medium,12,15,3
1254,those accused of the counterfeit registrations were especially intersted in the nrig plots.,"जिन लोगों पर नक़ली पंजीकरणों का आरोप लगाया गया था, उन्हें ख़ास तौर पर एनीपी की चाल में आपस में जोड़ दिया गया था ।",जाली रजिस्ट्री तैयार करवाने वाले आरोपी एनआरआइजी की जमीनों पर खास नजर रखते थे।,17.52,Bad,25,14,11
1255,as noone was looking after the nrig plots.,एक भी नहीं था के रूप में Nig योजना के पीछे देख रहा था.,क्योंकि एनआरआइजी की जमीन की देखरेख करने वाला कोई नहीं होता।,14.95,Bad,14,11,3
1256,so it was easy to forge registration documents and sell the land.,इसलिए उस देश में पंजीकरण के दस्तावेज़ों को लिखना और बेचना आसान था ।,इसलिए उन जमीनों की जाली रजिस्ट्री तैयार कर बेचना आसान रहता है।,30.31,Medium,14,12,2
1257,"the police commissioner said that, upon interrogation, the accused said that they had made about 150 counterfeit registrations so far.","पुलिस अधिकारी ने कहा कि पूछताछ पर, अभिकलन ने कहा कि उन्होंने अब तक लगभग १५० नक़लियों को रजिस्टर किया है ।",पुलिस कमिश्नर गिल ने बताया कि आरोपियों ने पूछताछ में बताया कि उन्होंने अब तक के करीब जाली रजिस्ट्रियां तैयार की हैं।,33.98,Medium,22,22,0
1258,"according to police rajiv, the leader of the gang, already has a criminal record for fraud and theft.","पुलिस राजीव के अनुसार, गिरोह के नेता, पहले से ही धोखाधड़ी और चोरी के लिए एक अपराधी रिकार्ड है ।",पुलिस के मुताबिक गिरोह के सरगना राजीव के खिलाफ पहले भी धोखाधड़ी व चोरी के मामले दर्ज हैं।,39.06,Medium,20,18,2
1259,anger over bali bomb plotters sentence,बबली बमवर्षक वाक्य पर गुस्सा,बाली में बम विस्फोट की साजिश करने वाले की सजा पर आक्रोश,11.36,Bad,5,12,7
1260,"survivors and relatives of the 202 people killed in the 2002 bali bombing have reacted with anger over the sentence given to the last of the plotters to face justice, saying umar patek should face a firing squad.",सन्‌ 2002 में मारे गए 202 लोगों और रिश्‍तेदारों की हत्या हुई ।,"वर्ष में बम धमाके में मारे जाने वाले लोगों के परिजनों और सम्बन्धियों ने, बम विस्फोट की साजिश करने वाले को दी जाने वाली सजा पर आक्रोश जताते हुए कहा कि उमर पटेक को फायरिंग दल का सामना करना चाहिए।",10.85,Bad,13,40,27
1261,"patek, who spent almost 10 years on the run as one of southeast asias most wanted, was yesterday sentenced to 20 years in jail for his role in building the explosive devices used in the bombing.","एक बार जब मैं जेल में था, तो मैंने देखा कि वहाँ के लोगों में से एक को जेल में डाल दिया गया था ।","पटेक को, जो लगभग वर्ष तक दक्षिणपूर्व एशिया के सबसे वांछित व्यक्तियों में से एक रूप में भागता रहा, बम विस्फोट में इस्तेमाल की गई विस्फोटक डिवाइस का निर्माण करने में उसकी भूमिका के लिए कल वर्ष की सजा सुनाई गई।",13.39,Bad,25,41,16
1262,he could be released within 15 years if granted parole.,उसे 15 साल के अंदर रिहा कर दिया जा सकता है अगर ऊपरवाला दे.,पैरोल दिए जाने पर उसे वर्षों में रिहा किया जा सकता है।,33.94,Medium,14,12,2
1263,"the 45yearold was found guilty of mass murder for the attack on two nightclubs in the popular tourist area of kuta which left 202 people dead, including 88 australians, and injured scores more.","सन्‌ 45 साल की उम्र में दो नाइट - क्लबों पर किए गए हमले के दोषी पाया गया, जो 202 लोगों की लाशों को छोड़कर गए थे ।"," वर्षीय उमर को, कुटा के प्रसिद्ध पर्यटक क्षेत्र में दो नाइटक्लब में हमला करके सामूहिक हत्या का दोषी पाया गया, जिसमें लोग मारे गए थे, जिसमें ऑस्ट्रेलियाई शामिल थे, तथा बहुत सारे लोग घायल हुए थे।",22.19,Medium,28,36,8
1264,"he was also found guilty of a number of other terrorismrelated charges, including a wave of bombings of churches across indonesia on christmas eve in 2000.",सन्‌ 2000 में चेक्लासस ई. सी.,"उसे आतंकवाद से सम्बन्धित अन्य बहुत से आरोपों में भी दोषी पाया गया, जिसमें वर्ष में क्रिस्मस की पूर्व संध्या पर इंडोनेशिया में चर्च में किया गया शृंखलाबद्ध बम विस्फोट शामिल है।",3.49,Bad,6,32,26
1265,"prosecutors had demanded a life sentence, although they could have pushed that the man dubbed the demolition man for his reputation as a master bombmaker be sentenced to death.","सरकारी वकील ने जीवन की सजा माँग की थी, हालाँकि वे इस बात से इनकार कर सकते थे कि उस व्यक्‍ति को एक प्रधान बम निर्माता के तौर पर उसकी प्रतिष्ठा के लिए दोषी ठहराया गया ।","अभियोजकों ने आजीवन कारावास की सजा की मांग की थी, यद्यपि वे यह मांग भी कर सकते थे कि बम बनाने वाले मास्टर व्यक्ति के रूप में कुख्यात विध्वंसकारी व्यक्ति कहे जाने वाले इस व्यक्ति का मृत्युदंड हो।",26.17,Medium,37,38,1
1266,"the decision has reignited painful memories for perth mother june corteen, who lost her 39yearold twin daughters jane and jenny in the destruction unleashed by patek and his coconspirators almost a decade ago.","इस फैसले की वजह से हर माँ जूल जूल के लिए दर्दनाक यादें खड़ी हो गयी हैं, जिन्होंने अपनी 39 साल की बेटियों को खो दिया था ।","इस निर्णय ने पर्थ में रहने वाली महिला जून कॉर्टीन की दर्दनाक यादों को फिर से ताजा कर दिया, जिन्होंने एक दशक पहले पटेक तथा उसके सहषड्यंत्रकारियों द्वारा किए गए विनाशकारी हमले में अपनी वर्षीय जुड़वां बेटियाँ खो दी थीं।",21.61,Medium,28,40,12
1267,"fighting back tears, she said patek should have been sentenced to death.","पीछे के आँसुओं से लड़ते हुए, उसने पेटक को कहा कि मृत्यु की सज़ा दी जानी चाहिए थी ।",अपने आसुओं को रोकते हुए उन्होंने कहा कि पटेक को मृत्युदंड दिया जाना चाहिए था।,30.37,Medium,19,15,4
1268,i really feel that he should follow in the footsteps of the other guys.,मैं वास्तव में लगता है कि वह अन्य लोगों के पदचिह्नों पर चलना चाहिए.,मैं वास्तव में महसूस करती हूँ कि उसे अन्य खूंखार आतंकवादियों जैसी ही सज़ा मिलनी चाहिए थी।,26.11,Medium,14,17,3
1269,"he should be put in front of the firing squad, ms corteen told aap.","उसे गोली चलाने वाले दल के सामने डाल दिया जाना चाहिए, merctee ने एक मल कहा.","सुश्री कोर्टीन ने ए.ए.पी. से कहा, उसे फायरिंग दल के सामने खड़ा कर दिया जाना चाहिए।",34.34,Medium,16,16,0
1270,"i have to live every day without seeing more grandchildren, and my daughters.","मुझे हर दिन ज़्यादा नाती - पोते, और मेरी बेटियों को बिना देखे जीना पड़ता है ।",मुझे हर दिन बिना अपने नातीनातिन तथा अपनी बेटियों के बिना जीना पड़ता है।,47.36,Medium,17,14,3
1271,"the sari club was levelled when a massive bomb loaded into a van parked outside was detonated just after 11pm on october 12, 2002.",सन्‌ 2002 की बात है ।," अक्तूबर को रात्रि बजे के एकदम बाद, दि सारी क्लब के बाहर खड़ी वैन में लोड किए गए बम के विस्फोट के पश्चात इस क्लब का नामोनिशान मिट गया था।",2.44,Bad,6,30,24
1272,peter hughes was in paddys bar where a suicide bomber detonated a backpack loaded with explosives just 20 seconds earlier.,"पालतू सैनिकों को बार - बार गले लगाने के लिए कहा जाता था, जहाँ एक आत्महत्याकारी बम विस्फोट ने 20 सेकंड पहले ही विस्फोटकों से भरी एक पीठ पर लादा ।","पीटर ह्यूगेस, आत्मघाती हमलावरों द्वारा विस्फोटक सामग्री से भरे बैगपैक का ठीक सेकेंड पहले विस्फोट किए जाने के समय पैडीज बार में थे।",28.53,Medium,31,23,8
1273,"he lapsed into a monthlong coma in the wake of the bombing, and died three times while on life support.","वह एक महीने के अंदर कोमा में पड़ गया, और जीवन समर्थन के दौरान तीन बार मर गया ।",वे इस बम विस्फोट की घटना के परिणामस्वरूप एक महीने लम्बे कोमा में चले गए तथा जीवनरक्षक उपकरणों पर रहने के दौरान उनकी तीन बार मृत्यु हुई।,24.92,Medium,19,27,8
1274,"mr hughes said patek should have shared the same fate as three other members of the jemaah islamiah terror cell responsible for the carnage amrozi, mukhlas and imam samudra who were executed four years ago.","योकेश ने कहा था कि जिरा के तीन अन्य सदस्यों को भी वही भाग्य मिला लेना चाहिए था जैसे कि सममाह के तीन अन्य सदस्यों को डर है कि मैमोज़ी, Mukaka, और Damamaamamama जो चार साल पहले मारे गए थे।","श्री ह्यूगेस कहते हैं कि पटेक को वही सजा मिलनी चाहिए थी, जो इस नरसंहार के लिए जिम्मेदार जेम्माह इस्लामियाह आतंकी दल के तीन अन्य सदस्यों अमरोजी, मुखालस तथा इमाम समुद्रा को मिली थी जिन्हें चार वर्ष पहले मृत्युदंड दिया गया था।",24.26,Medium,40,42,2
1275,"really, this guy should get the death penalty before anybody.","सच में, इस आदमी को किसी को भी इससे पहले मौत की सजा मिलनी चाहिए.","वास्तव में, इस व्यक्ति को किसी और से पहले मृत्युदंड दिया जाना चाहिए।",29.22,Medium,15,13,2
1276,"to keep him alive, well, theres no reason to keep him alive.","उसे जिंदा रखने के लिए, अच्छी तरह से, उसे जिंदा रखने के लिए कोई कारण नहीं है.","उसे जिन्दा रखने का, देखिए, उसे जिन्दा रखने का कोई कारण नहीं है।",52.73,Good,17,13,4
1277,"to get 20 years, after killing 202 people and injuring many hundreds, its not much.","20 साल तक, 202 लोगों की हत्या करने के बाद और कई सैकड़ों सैकड़ों लोगों को मौत के घाट उतार देने के बाद, इसके बहुत कम नहीं ।"," लोगों की हत्या करने तथा असंख्य लोगों को जख्मी करने के पश्चात, वर्ष की सजा मिलना काफी नहीं है।",33.33,Medium,28,19,9
1278,patek is the last of the bali bombers to face justice.,बैरक न्याय का सामना करने के लिए troli बमों का अंतिम है.,"पटेक, बाली बम विस्फोटकों में से सजा पाने वाला अंतिम व्यक्ति है।",17.16,Bad,12,12,0
1279,"he had avoided capture for almost a decade but was eventually apprehended in january 2011 in the pakistani town of abbottabad, where us forces killed former alqaeda chief osama bin laden less than four months later.","वह लगभग एक दशक तक पकड़े नहीं रहा था लेकिन आखिरकार सन्‌ 2011 में पब्बू शहर के पब्बू शहर में, जहाँ हमने भूतपूर्व भूतपूर्व अलॉमा के प्रधान ओकामा को चार महीने से भी कम समय के लिए मार डाला था ।","वह लगभग एक दशक तक पकड़े जाने से बचता रहा, लेकिन अंततः जनवरी में, पाकिस्तान के अबट्टाबाद में गिरफ्तार कर लिया गया, जहां यू.एस. सेना ने भूतपूर्व अलकायदा प्रमुख ओसामा बिन लादेन को चार महीनों से कम समय बाद मार गिराया था।",33.73,Medium,41,42,1
1280,"during the trial, an fbi agent testified that intelligence reports had revealed patek was in pakistan to meet with bin laden in an effort to reestablish links between southeast asian terrorist groups and alqaeda.","जाँच के दौरान, एक फिक एजेंट ने गवाही दी कि आगामी रिपोर्टों से पता चला है कि बुद्धि ने पचिस्टन के साथ दक्षिण - पूर्व के आतंकवादी समूहों के रूप में लिंक फिर से शुरू करने की कोशिश की ।",मुकदमे के दौरान एफ.बी.आई. एजेन्ट ने प्रमाण प्रस्तुत किया था कि रिपोर्ट से पता चला है कि दक्षिणपूर्व एशियाई आतंकवादी समूहों तथा अलकायदा के बीच संपर्क पुनः स्थापित करने के प्रयास में बिल लादेन से मिलने के लिए पटेक पाकिस्तान में था।,30.46,Medium,40,42,2
1281,"he didnt give himself up, ms corteen said.",उसने हार नहीं मानी ।,"सुश्री कोर्टीन कहती हैं, उसने आत्मसमर्पण नहीं किया।",11.96,Bad,5,8,3
1282,"until just recently, he really didnt feel sorry for how much grief he caused other people.","हाल ही में, वह वास्तव में इस बात के लिए खेद महसूस करता था कि उसने दूसरों को कितना दुःख पहुँचाया ।","यहां तक कि उसे आज भी, इतने सारे लोगों को मानसिक पीड़ा पहुँचाने का दुख वास्तव में नहीं है।",28.96,Medium,22,19,3
1283,"the verdict comes ahead of the 10th anniversary of the attack later this year, which will be marked by ceremonies in bali and australia.",इस साल इस हमले की 10वीं सालगिरह के सामने यह फैसला आता है ।,"यह निर्णय, इस वर्ष हमले की वीं सालगिरह से पहले आया, जिसे बाली और ऑस्ट्रेलिया में समारोहों द्वारा चिह्नांकित किया जाएगा।",17.87,Bad,14,21,7
1284,"there will be a lot of tears this year, ms corteen said.","इस साल आँसू बहेंगे, mschee ने कहा ।","सुश्री कोर्टीन ने कहा, इस वर्ष बहुत आंसू बहेंगे।",25.49,Medium,8,9,1
1285,patek may yet appeal his sentence.,"लेकिन, सा. यु.",अभी भी पटेक अपने दंड के विरुद्ध अपील कर सकता है।,4.59,Bad,3,11,8
1286,faa air passengers can now use gadgets on planes but not make cell phone calls,हवाई जहाज़ के यात्रियों को अब विमानों पर उपकरणों का प्रयोग कर सकता है लेकिन मोबाइल फोन नहीं बनाने के लिए,एफ.ए.ए. वायुयान यात्रिगण अब वायुयान में गैजेट का इस्तेमाल कर सकते हैं लेकिन सेल फोन से कॉल नहीं कर सकते,24.28,Medium,21,20,1
1287,"airline passengers will be able to use their electronic devices gatetogate to read, work, play games, watch movies and listen to music but not talk on their cellphones under muchanticipated new guidelines issued thursday by the federal aviation administration.","विमान चालक अपने इलेक्ट्रॉनिक उपकरणों का प्रयोग पढ़ने, काम करने, खेल खेलने, फिल्में देखने और संगीत सुनने के लिए कर सकते हैं लेकिन अपने सेलफोनों पर बात नहीं करते ।","वायुयान यात्री गेट में घुसने से लेकर गेट से उतरने तक पढ़ने, काम करने, गेम खेलने, मूवी देखने, संगीत सुनने के लिए अपने इलेक्ट्रॉनिक डिवाइस का उपयोग करने में सक्षम होंगे लेकिन अपने सेलफोन से बात नहीं कर सकेंगे ऐसा गुरुवार को संघीय उड्डयन प्रशासन द्वारा जारी अत्यधिकपूर्वानुमानित नए दिशानिर्देशों के अन्तर्गत है।",32.49,Medium,30,53,23
1288,but passengers shouldnt expect changes to happen immediately.,लेकिन यात्री तुरंत होने की उम्मीद कर सकते हैं.,लेकिन यात्रियों को इन परिवर्तन की तुरन्त अपेक्षा नहीं करनी चाहिए।,24.62,Medium,9,11,2
1289,"how fast the change is implemented will vary by the airline, faa administrator michael huerta said at a news conference.","परिवर्तन कितना तेजी से लागू किया जाता है विमान विमान द्वारा अलग अलग होगा , Faaacacatacatates ने एक समाचार सम्मेलन में कहा.","एक समाचार सम्मेलन में एफ.ए.ए. के प्रशासक माइकल हुअर्टा ने कहा कि इन परिवर्तनों को कितनी तेजी से क्रियान्वयन किया जाता है, यह प्रत्येक एयरलाइन में अलगअलग होगा।",38.05,Medium,22,28,6
1290,airlines will have to show the faa how their airplanes meet the new guidelines and that theyve updating their flight crew training manuals and rules for stowing devices to reflect the new guidelines.,विमानों को यह दिखाना होगा कि उनके विमान नए मार्गदर्शनों से कैसे मिलते हैं और कि वे अपने विमान चालक दल को प्रशिक्षित करने और नए निर्देशों को प्रतिबिम्बित करने के लिए उपकरणों को भंग कर देते हैं ।,"एयरलाइन्स को एफ.ए.ए. को यह दर्शाना होगा कि उनके विमान, नए दिशानिर्देशों को किस तरह से पूर्ण करते हैं, तथा दिशानिर्देशों को दर्शाने हेतु अपने चालक दल के सदस्यों की प्रशिक्षण पुस्तिकाएं तथा डिवाइस संग्रह करने के लिए नियमों को किस तरह से अपडेट कर रहे हैं।",34.76,Medium,39,47,8
1291,the faa said it has already received plans from some airlines to expand the use of portable electronic devices on planes.,हवाई जहाज़ की मदद से हवाई जहाज़ हवाई - जहाज़ को मज़बूत करने के लिए पहले से ही कुछ हवाई जहाज़ों से योजनाएँ बना लिया गया है ।,एफ.ए.ए. ने कहा है कि इसने विमान पर पोर्टेबल इलेक्ट्रॉनिक डिवाइस के उपयोग को विस्तारित करने के लिए कुछ एयरलाइन्स से योजनाएं पहले ही प्राप्त कर ली है।,20.21,Medium,28,28,0
1292,delta and jetblue were among the airliners who have already submitted plans.,डेल्टा और हवाई जहाज़ विमानों के बीच थे जो पहले से ही योजना जमा कर चुके हैं.,"डेल्टा और जेटब्लू उन एयरलाइन्स में से हैं, जिन्होंने पहले ही योजनाएं प्रस्तुत कर दी हैं।",26.19,Medium,17,16,1
1293,"depending on the condition of the plan, we could approve expanded use of electronic devices very soon, the faa said in a statement.","इस योजना के आधार पर, जल्द ही हम इलेक्ट्रॉनिक उपकरणों का ज़्यादा - से - ज़्यादा इस्तेमाल करने के लिए राज़ी हो सकते हैं ।","एफ.ए.ए. ने एक बयान में कहा, योजना की स्थिति के आधार पर, हम बहुत जल्दी इलेक्ट्रॉनिक डिवाइस के विस्तारित उपयोग को स्वीकृति दे सकते हैं।",33.62,Medium,25,25,0
1294,"currently, passengers are required to turn off their smartphones, tablets and other devices once a planes door closes.","हाल ही में, यात्रियों को अपने स्मार्टफोन, पटियाओं और अन्य उपकरणों को बंद करने की ज़रूरत होती है जो एक बार हवाई दरवाजे के पास आते हैं ।","फ़िलहाल, यात्रियों को विमान का द्वार बंद होने पर अपने स्मार्टफोन, टेब्लेट, तथा अन्य डिवाइस को बंद करने की आवश्यकता होती है।",42.17,Medium,28,22,6
1295,"theyre not supposed to restart them until the planes reach 10,000 feet and the captain gives the goahead.","जब तक हवाई जहाज़ 10,000 फुट तक पहुँच जाता है और कप्तान को सिर देता है, तब तक इन्हें फिर से प्रारंभ नहीं किया जाता ।","उनसे अपेक्षा की जाती है कि वे विमान के , फीट की ऊंचाई पर पहुंचने तथा द्वारा कैप्टन द्वारा अनुमति दिए जाने तक उन्हें चालू न करें।",15.3,Bad,26,27,1
1296,passengers are supposed to turn their devices off again as the plane descends to land and not restart them until the plane is on the ground.,यात्रियों को तब तक चलना चाहिए जब तक विमान भूमि पर उतर नहीं जाता और जब तक विमान भूमि पर नहीं गिरता ।,"यात्रियों से अपेक्षा की जाती है कि वे विमान के उतरते समय पुनः अपनी डिवाइस बंद कर लें, तथा विमान पूरी तरह से उतर जाने तक उसे चालू न करें।",20.52,Medium,23,30,7
1297,"under the new guidelines, airlines whose planes are properly protected from electronic interference may allow passengers to use the devices during takeoffs, landings and taxiing, the faa said.","हवाई जहाज़ की मदद से यात्रियों को गाड़ी चलाते वक्‍त गाड़ी चलाते वक्‍त, यात्रियों का इस्तेमाल करना पड़ सकता है ।","एफ.ए.ए. ने कहा, नए दिशानिर्देशों के अन्तर्गत ऐसी एयरलाइन्स जिनके विमान इलेक्ट्रॉनिक व्यवधान से पूर्णतया सुरक्षित हैं, वे अपने यात्रियों को विमान द्वारा उड़ान भरते, विमान उतरते समय तथा टैक्सीइंग के समय डिवाइस के उपयोग करने की अनुमति दे सकती हैं।",14.32,Bad,21,41,20
1298,most new airliners and other planes that have been modified so that passengers can use wifi at higher altitudes are expected to meet the criteria.,इस वजह से विमानों को ज़्यादा ऊँचाई पर आने - जाने की उम्मीद हो जाती है ।,"अधिकांश नई एयरलाइन कम्पनियाँ तथा अन्य विमान जो इस तरह से संशोधित हुए हैं कि यात्री अधिक ऊंचाई पर वाईफाई का इस्तेमाल कर सकते हैं, उनसे इन मानदंडों को पूरा करने की अपेक्षा की जाती है।",14.34,Bad,17,36,19
1299,"laura glading, president of the association of professional flight attendants, welcomed the changes.",वह अपने काम से बहुत खुश थी और उसने अपनी ज़िंदगी में बदलाव किए ।,"एसोसिएशन ऑफ प्रोफेशनल फ्लाइट अटेन्डेन्ट की अध्यक्ष, लौरा ग्लेडिंग ने इन परिवर्तनों का स्वागत किया है।",8.07,Bad,15,16,1
1300,"once the new policy is safely implemented and were going to work closely with the carrier to do that it will be a winwin, glading said in a statement.","एक बार नई नीति सुरक्षित रूप से लागू की जाती है और ऐसा करने के लिए वाहक के साथ काम करने के लिए जा रहे थे कि यह एक विजयी विनती होगी, और एक कथन में कहा जाता है ।","ग्लेडिंग ने एक बयान में कहा, जब नीति का सुरक्षित तरीके से क्रियान्वयन हो जाएगा और हम ऐसा करने के लिए एयरलाइन्स कम्पनियों के साथ मिलकर काम करेंगे तो यह दोनों पक्षों के लिए जीत वाली बात होगी।",29.97,Medium,40,38,2
1301,were frankly tired of feeling like hall monitors when it comes to this issue.,"जब इस अंक की बात आती है, तो हॉल की निगरानी की तरह महसूस करने से साफ - साफ थक जाते थे ।",जब इस मुद्दे की बात आती है तो हम हॉल मॉनीटर्स जैसा अहसास करतेकरते ऊब चुके हैं।,28.34,Medium,23,17,6
1302,"but connecting to the internet to surf, exchange emails, text or download data will still be prohibited below 10,000 feet, the agency said.","लेकिन इंटरनेट से कनेक्ट करने के लिए, ईमेल, पाठ या डाउनलोड डाटा अभी भी 10,000 फुट नीचे वर्जित किया जाएगा, उसने कहा.","एजेन्सी ने कहा कि लेकिन , फीट से कम ऊंचाई पर इन्टरनेट कनेक्ट करके सर्फ करना, ईमेल आदानप्रदान करना, संदेश भेजना या प्राप्त करना, या डेटा डाउनलोड करना अभी भी प्रतिबंधित रहेगा।",26.11,Medium,22,32,10
1303,"passengers will be told to switch their smartphones, tablets and other devices to airplane mode.","यात्रियों को अपने स्मार्टफोन, पटियाओं और हवाई मोड के अन्य उपकरणों को बदलने के लिए कहा जाएगा ।","यात्रियों से अपने स्मार्टफोन, टेब्लेट तथा अन्य डिवाइस एयरप्लेन मोड में रखने के लिए कहा जाएगा।",49.85,Medium,18,16,2
1304,"so, still no words with friends, the online scrabbletype game that actor alec baldwin was playing on his smartphone in 2011 when he was famously booted off an american airlines jet for refusing to turn off the device while the plane was parked at the gate.","इसलिए, अभी भी मित्रों के साथ कोई शब्द नहीं है, ऑनलाइन म्यूट क़िस्म का खेल 2011 में अपने स्मार्टफोन पर खेल रहा था जब वह प्रसिद्ध रूप से एक अमिक हवाई जहाज़ के विमानों को बंद करने के लिए इस्तेमाल किया गया था जब विमान गेट पर खड़ा था.","तो अभी भी दोस्तों से कोई बातचीत नहीं हो सकेगी, ऑनलाइन स्क्रैबल जैसा गेम, जिससे जुड़ी प्रसिद्ध घटना यह है कि जब वर्ष में एक्टर एलेक बाल्डविन, द्वार पर विमान पार्क रहने के दौरान अपने स्मार्टफोन पर खेल रहे थे, तथा उनके द्वारा डिवाइस बंद करने से मना किए जाने पर अमेरिकन एयरलाइन्स ने उन्हे विमान से उतार दिया था।",29.52,Medium,49,60,11
1305,and heavier devices such as laptops will continue to have to be stowed because of concern they might injure someone if they go flying around the cabin.,और इस तरह के भारी - भरकम यंत्रों को किसी को भी चोट पहुँच सकती है क्योंकि वे किसी को चोट पहुँचा सकते हैं यदि वे केल के चारों ओर उड़ जाते हैं ।,तथा भारी उपकरण जैसे लैपटॉप आदि का अभी भी संग्रह करना होगा क्योंकि उनके उछल जाने से केबिन में दूसरे व्यक्ति को चोट लगने की चिंता होगी।,19.89,Bad,34,27,7
1306,inflight cellphone calls also will continue to be prohibited.,आई. एच. ओ.,उड़ान के दौरान सेलफोन कॉल प्रतिबंधित रहना भी जारी रहेगी।,0.0,Bad,3,10,7
1307,"regulatory authority over phone calls belongs to the federal communications commission, not the faa.","फोन पर फोन पर फिर से रोक लगा दी जाती है, वह संघीय संचार कार्य - नियुक्‍ति के लिए है, न कि faaa.","फोन कॉल से सम्बन्धित विनियामक अधिकार संघीय संचार आयोग के पास होता है, एफ.ए.ए. के पास नहीं।",24.31,Medium,23,17,6
1308,faa may lift ban on some electronic devices during takeoff and landing,उड़ान भरने और उतरने के दौरान कुछ इलेक्ट्रॉनिक यंत्रों पर प्रतिबंध लगाया जा सकता है,विमान के उड़ान भरने तथा उतरने के दौरान एफ.ए.ए. कुछ इलेक्ट्रॉनिक डिवाइस पर प्रतिबंध हटा सकती है।,52.43,Good,15,17,2
1309,"last month, national transportation safety board mark rosenker, a cbs news national transportation safety expert, said that cell phones are still considered a risk.","पिछले महीने, राष्ट्रीय परिवहन - व्यवस्था बोर्ड पर सुरक्षा - सामग्री की कमी पैदा हो गयी ।","पिछले महीने राष्ट्रीय परिवहन सुरक्षा मंडल के मार्क रोजेंकन जो सी.बी.एस. न्यूज के राष्ट्रीय परिवहन सुरक्षा विशेषज्ञ हैं, ने कहा कि सेल फोन को अभी भी जोखिम माना जाता है।",25.46,Medium,17,30,13
1310,"cell phones, that really is an issue, not just because potentially it could create interference with navigational devices, but we do know, according to the fcc, that it could interfere with cell phone towers when theyre in the air, rosenker said.","यह सच है कि एक ऐसा सवाल है जो केवल इसलिए नहीं है कि यह दिशा - यंत्रों से हस्तक्षेप कर सकता है, लेकिन हम जानते हैं, कि यह जब वे हवा में होते हैं, तब सेल फोन टावरों में हस्तक्षेप कर सकता है, जो कि कहा जाता है ।","रोजेंकर ने कहा, सेल फोन वास्तव में गम्भीर मुद्दा हैं, मात्र इसलिए नहीं क्योंकि ये संभावित रूप से नेविगेशनसंबंधी डिवाइस में व्यवधान उत्पन्न कर सकते हैं, बल्कि इसलिए भी क्योंकि ये हवा में होने पर सेल फोन टॉवर्स में व्यवधान उत्पन्न कर सकते हैं।",25.75,Medium,50,44,6
1311,an industry advisory committee created by the faa to examine the issue recommended last month that the government permit greater use of personal electronic devices.,"एक उद्योग सलाहकार कमेटी ने पिछले महीने इस मुद्दे की जाँच करने के लिए जो सुझाव दिया था, उसकी जाँच की ।",इस मुद्दे की जांच करने के लिए एफ.ए.ए. द्वारा गठित उद्योग जगत परामर्श समिति ने पिछले महीने संस्तुति की है कि सरकार को व्यक्तिगत इलेक्ट्रॉनिक डिवाइस के अधिक उपयोग की अनुमति देनी चाहिए।,27.94,Medium,22,33,11
1312,pressure has been building on the faa in recent years to ease restrictions on their use.,हाल के वर्षों में फॉआ पर दबाव बढ़ रहा है ताकि वे अपने प्रयोग पर आसानी से प्रतिबंध लगा सकें ।,इनके उपयोग से प्रतिबंध कम करने के लिए एफ.ए.ए. पर हाल के वर्षों में दबाव बढ़ता रहा है।,45.55,Medium,21,18,3
1313,"critics such as sen. claire mccaskill, dmo., contend there is no valid safety reason for the prohibitions.","जैसे कि साइक्लोम, डीमो, जैसे आलोचकों का कहना है कि मना करने की कोई ठोस वजह नहीं है ।","सेन. क्लेयर मैककैस्किलक, डीमो जैसे आलोचक ने कहा है कि निषेध के लिए कोई वैध सुरक्षा कारण नहीं है।",30.99,Medium,19,19,0
1314,the restrictions have also become increasingly difficult to enforce as use of the devices has become ubiquitous.,इस तरह के खर्चों को अनदेखा करना और भी मुश्‍किल हो गया है ।,इन प्रतिबंधों का प्रवर्तन कर पाना और भी कठिन इसलिए होता जा रहा है क्योंकि डिवाइस का उपयोग सर्वव्यापक है।,14.23,Bad,14,20,6
1315,some studies indicate as many as a third of passengers forget or ignore directions to turn off their devices.,कुछ अध्ययन दिखाते हैं कि एक तिहाई यात्री अपने उपकरणों को बंद करने की दिशा भूल जाते हैं या उन्हें नज़रअंदाज़ करते हैं ।,कुछ अध्ययनों से यह संकेत भी मिलता है कि लगभग तिहाई यात्री अपनी डिवाइस को बंद करने के निर्देश भूल जाते हैं या अनदेखा कर देते हैं।,45.41,Medium,24,27,3
1316,"the faa began restricting passengers use of electronic devices in 1966 in response to reports of interference with navigation and communications equipment when passengers began carrying fm radios, the hightech gadgets of their day.","सन्‌ 1966 में जब यात्रियों ने सफरी काम के बारे में रिपोर्ट दी, तो वे अपने दिन के बड़े - बड़े यंत्रों का इस्तेमाल करने लगे ।","एफ.ए.ए. ने यात्रियों द्वारा इलेक्ट्रॉनिक डिवाइस के उपयोग को वर्ष में तब प्रतिबंधित करना आरंभ किया, जब यात्रियों द्वारा एफ.एम. रेडियो तथा उस समय के उच्च प्रौद्योगिकी वाले गैजेट ले जाने के कारण नेविगेशन तथा संचार उपकरणों में व्यवधान की रिपोर्ट प्राप्त हुई थी।",15.66,Bad,27,44,17
1317,"new airliners are far more reliant on electrical systems than previous generations of aircraft, but they are also designed and approved by the faa to be resistant to electronic interference.","लेकिन इनकी रचना भी होती है, ताकि वे प्राकृतिक हस्तक्षेप के विरोध में उनका विरोध कर सकें ।","नई एयरलाइन्स कम्पनियाँ, विमानों की पिछली पीढ़ी की तुलना में इलेक्ट्रिकल सिस्टम पर अधिक निर्भर हैं, लेकिन उन्हें भी एफ.ए.ए. द्वारा इलेक्ट्रॉनिक हस्तक्षेप के प्रति प्रतिरोध होने के लिए डिजाइन और स्वीकृत किया गया है।",17.59,Bad,18,35,17
1318,airlines have been offering wifi use at cruising altitudes to passengers for several years.,हवाई जहाज़ कई सालों से हवाई जहाज़ों का इस्तेमाल करते आए हैं ।,एयरलाइन्स कई वर्षों से यात्रियों से क्रूजिंग ऊंचाई पर वाईफाई का उपयोग प्रस्तावित करती आ रही हैं।,14.57,Bad,13,17,4
1319,planes modified for wifi systems are also more resistant to interference.,इस समस्या का हल करने के लिए विमानों की मदद करने के लिए और भी कोशिशें की जा रही हैं ।,वाईफाई सिस्टम के लिए संशोधित किए गए विमान भी व्यवधान के प्रति अधिक प्रतिरोधी हैं।,20.65,Medium,21,15,6
1320,"the vast majority of airliners should qualify for greater electronic device use under the new guidelines, huerta said.",यह एक ऐसी चीज़ है जिसे बड़ी मात्रा में इस्तेमाल किया जा सकता है ।,हुअर्टा ने कहा कि अधिकांश एयरलाइन्स कम्पनियों को नए दिशानिर्देश के अन्तर्गत इलेक्ट्रॉनिक डिवाइस के अधिक उपयोग के लिए पात्रता मानदंडों पर खरा उतरना चाहिए।,7.67,Bad,15,25,10
1321,todays electronic devices generally emit much lower power radio transmissions than previous generations of devices.,"आज इलेक्ट्रॉनिक यंत्रों को आम तौर पर कम बिजली रेडियो ट्रांसमीटर कहा जाता है, जो पुराने ज़माने के उपकरणों की तुलना में काफी कम मात्रा में पाया जाता है ।","आज के समय की इलेक्ट्रॉनिक डिवाइस, पिछली पीढ़ी की इलेक्ट्रॉनिक डिवाइस की तुलना में बहुत कम पॉवर की रेडियो ट्रांसमिशन उत्सर्जित करती हैं।",33.75,Medium,30,23,7
1322,"ereaders, for example, emit only minimal transmissions when turning a page.","उदाहरण के लिए, जब पृष्ठ बदल जाता है तो केवल छोटे - छोटे जाँच - पड़ताल होती है ।","उदाहरण के लिए, ईरीडर्स, पृष्ठ पलटने के दौरान बिलकुल नाममात्र का ट्रांसमिशन होता है।",27.25,Medium,19,14,5
1323,but transmissions are stronger when devices are downloading or sending data.,लेकिन जब उपकरण डाउनलोड या डाटा भेजा जाता है तो प्रेषण मजबूत होते हैं.,लेकिन डिवाइस द्वारा डेटा डाउनलोड करते अथवा भेजते समय ट्रांसमिशन प्रबल होते हैं।,27.33,Medium,14,13,1
1324,among those pressing for a relaxation of restrictions on passengers use of the devices has been amazon.com.,विमानों के प्रयोग पर प्रतिबन्धों के आराम के लिए दबाव उन में से एक है Mmon.com.,यात्रियों द्वारा डिवाइस के उपयोग पर लगे प्रतिबंध कम करने का पक्ष लेने वालों में से . भी रहा है।,21.63,Medium,16,20,4
1325,"in 2011, company officials loaded an airliner full of their kindle ereaders and flew it around to test for problems but found none.","सन्‌ 2011 में, कंपनी के अधिकारियों ने एक हवाई जहाज़ - जहाज़ की बड़ी - बड़ी चीज़ों से भरी एक बड़ी - बड़ी मुश्‍किल का सामना किया और समस्याओं की जाँच करने के लिए हवाई जहाज़ से निकल पड़े ।",वर्ष में कम्पनी के अधिकारियों ने एयरलाइन्स में अपनी पूरी किंडल ईरीडर्स को लोड किया तथा उसे समस्याओं के परीक्षण के लिए उड़ाया लेकिन कोई भी ऐसी समस्या नहीं मिली।,28.77,Medium,40,30,10
1326,faa advisory committee members expressed mixed feelings about whether use of the devices presents any risk.,एक सलाहकार समिति के सदस्यों ने इस बारे में कुछ अलग - अलग भावनाएँ ज़ाहिर कीं कि क्या उपकरणों का इस्तेमाल करने से कोई खतरा हो सकता है ।,डिवाइस के उपयोग से होने वाले जोखिम के बारे में एफ.ए.ए. सलाहकार समिति ने मिलीजुली भावनाएं अभिव्यक्त की है।,31.58,Medium,29,19,10
1327,douglas kidd of the national association of airline passengers said he believes interference from the devices is genuine even if the risk is minimal.,हवाई जहाज़ के यात्रियों की राष्ट्रीय संगति के बच्चों ने कहा कि वे इन उपकरणों से हस्तक्षेप विश्‍वास करते हैं कि यदि जोखिम कम है तो भी असली है ।,"राष्ट्रीय वायुयान यात्री संघ के डगलस किड ने कहा कि उनका मानना है कि डिवाइस से होने वाला व्यवधान तो वास्तविक है, चाहे जोखिम नाममात्र का ही हो।",25.74,Medium,30,28,2
1328,"other committee members said there are only anecdotal reports from pilots to support that the devices can interfere with aircraft systems, and most of those reports are very old.","इसके अलावा, उनमें से ज़्यादातर रिपोर्टें बहुत पुरानी हैं ।","समिति के अन्य सदस्यों ने कहा कि, एयरक्राफ्ट सिस्टम में डिवाइस द्वारा व्यवधान डाले जाने के समर्थन में केवल पायलट द्वारा वर्णित की गई रिपोर्ट हैं, जिनमें से अधिकांश बहुत पुरानी हैं।",19.24,Bad,10,32,22
1329,"however, the committee recommended the faa allow pilots to order passengers to shut off devices during instrument landings in low visibility.","लेकिन, कमेटी ने हवाई जहाज़ के पायलटों को कम गति में उतरने के दौरान उपकरणों को बंद करने की अनुमति दी ।","तथापि, समिति के सदस्यों ने यह संस्तुति की कि एफ.ए.ए. पायलट को इस बात की अनुमति दे कि कम दृश्यता में विमान उतारे जाने के समय वे यात्रियों को डिवाइस बंद करने का आदेश दें।",22.15,Medium,22,35,13
1330,"a travel industry group welcomed the changes, calling them commonsense accommodations for a traveling public now bristling with technology.","एक यात्रा उद्योग समूह ने परिवर्तनों का स्वागत किया, और उन्हें सार्वजनिक रूप से यात्रा करने के लिए कहा ।","यात्रा उद्योग समूह ने परिवर्तनों का स्वागत किया है तथा उन्हें, प्रौद्योगिकी के नवीनतम दौर में यात्रा करने वाले लोगों के सामान्य ज्ञान वाली सुविधा कही है।",45.74,Medium,20,27,7
1331,"were pleased the faa recognizes that an enjoyable passenger experience is not incompatible with safety and security, said roger dow, ceo of the u.s. travel association.","वे इस बात से ख़ुश थे कि एक सुखद यात्री का अनुभव सुरक्षा और सुरक्षा से असंगत नहीं है, जो यू. एस.","यू.एस. ट्रैवल एसोसिएशन के सी.ई.ओ. रोजर डो ने कहा कि हमें खुशी है कि एफ.ए.ए. ने इस बात को पहचाना है कि आनन्द के साथ यात्रा करने वाला यात्री, बचाव और सुरक्षा के साथ असंगत नहीं है।",24.61,Medium,22,37,15
1332,after learning the lesson of the patna serial blasts the ut police in the view of security have become ready to react quickly to any emergency situation during the diwali celebrations.,"फिर भी, अनेक लोग सुरक्षा की ओर प्रतिक्रिया दिखाने के लिए तैयार हो गए हैं ।",पटना में हुए सिलसिलेवार बम धमाकों से सीख लेते हुए यूटी पुलिस ने सुरक्षा के मद्देनजर दीवाली के जश्न व उस दौरान आपातकालीन परिस्थितियों के समय क्विक रिएक्शन के लिए कमर कस ली है।,12.81,Bad,16,34,18
1333,"1,800 soldiers will patrol the major areas of the city in vehicles or on foot, to ensure that the traffic runs smoothly to prevent any bag snatching and to teach the lesson to eve teasers along with any other miscreants.","1,800 सैनिक गाड़ियों या पैरों पर शहर के बड़े - बड़े इलाकों पर कब्ज़ा करेंगे ।","यातायात व्यवस्था को सुचारू रूप से चलाने, झपटमारी की वारदातों की रोकथाम, मनचलों को सबक सिखाने सहित अन्य वारदातों को अंजाम देने वालों की धरपकड़ के लिए कुल सिपाही शहर के सभी मुख्य स्थलों, भीड़भाड़ वाले बाजारों व अन्य जगहों पर वाहनों सहित व पैदल पैट्रोलिंग करेंगे।",9.67,Bad,16,47,31
1334,"female police officers will also be involved along with the pcr, traffic unit in that unit.",उस इकाई में ट्रैफिक इकाई के साथ भी पुलिस अफ़सरों के साथ सम्बन्ध रखा जाएगा ।,"इन जवानों में पीसीआर, ट्रैफिक यूनिट सहित महिला पुलिसकर्मी शामिल होंगी।",18.98,Bad,16,11,5
1335,"police officials and officers, doing their duty promptly, will inspect the records of all the other venues including hotels, guest houses, and pg accommodation.","पुलिस अधिकारी और अफसर फौरन अपना कर्तव्य पूरा करेंगे, और होटल, मेहमान घर और घर के अन्य सभी होटलों के रिकॉर्डों का निरीक्षण करेंगे ।","शहर के होटलों, गेस्ट हाउस तथा पीजी सहित अन्य जगहों पर भी पुलिस कर्मी व कमांडो सतर्कता से ड्यूटी कर रिकॉर्ड जांच करेंगे।",27.48,Medium,25,23,2
1336,the station shos have been ordered to set up a special investigation team sit to investigate the case.,स्टेशन डब्बा को आदेश दिया गया है कि एक विशेष जांच दल इस मामले की जाँच करने के लिए बैठ जाए ।,थाना एसएचओ को मामलों की तफ्तीश के लिए स्पेशल इंवेस्टीगेशन टीम एसआइटी का गठन करने के निर्देश दिए हैं।,22.25,Medium,22,19,3
1337,"the responsibility of investigating the vip sectors of the city along with the markets, malls, etc. has been assigned to the dsps along with the inspectors.","शहर के वुल्फ्व क्षेत्र की जाँच करने की ज़िम्मेदारी, साथ ही बाजारों, बाज़ारों, आदि के साथ ही dss को दिया गया है।","साथ ही शहर के वीआइपी सेक्टरों सहित मार्केट्स, मॉल व अन्य जगहों पर जांच करने का जिम्मा इंस्पेक्टर सहित डीएसपी को सौंपा गया है।",24.54,Medium,22,24,2
1338,"due to the emergency situation and the diwali festival, senior officials have deployed additional police employees in the control room to facilitate the flow of people.","संकट की स्थिति और शलली उत्सव के कारण, बुज़ुर्गों ने नियंत्रण कमरे में अतिरिक्‍त पुलिस कर्मचारियों को लोगों के प्रवाह को ठीक करने के लिए तैनात किया है ।",आपातकालीन परिस्थिति व दीवाली के त्यौहार के चलते उच्चाधिकारियों ने लोगों की सहूलियत के मद्देनजर पुलिस कंट्रोल में भी अतिरिक्त पुलिसकर्मियों की ड्यूटी निर्धारित की है।,30.42,Medium,29,26,3
1339,"other than the director of the pgi and fire department, principal director and dhs sector 16 gmsh and sector 32 gmch staff of other dispensaries were also asked to be on high alert for emergencies.","भारत में, भारत में यहोवा के साक्षियों के शाखा दफ्तर के निर्देशक, डॉ.","पुलिस ने दमकल विभाग और पीजीआइ के डायरेक्टर, प्रिंसिपल डायरेक्टर व डीएचएस सहित सेक्टर जीएमएसएच व सेक्टर जीएमसीएच प्रबंधन के अलावा अन्य डिस्पेंसरियों के स्टाफ से आपातकालीन समय में हाई अलर्ट रखने को कहा गया।",8.42,Bad,13,35,22
1340,"to teach a lesson to the goons the divisional officers have appointed female police officers and others under the leadership of the ngos, naming them the anti goon staff.","इन सैनिकों को यह सबक सिखाने के लिए कि अलग - अलग दलों के अधिकारियों ने पुलिस अधिकारियों और दूसरों को उनके नेतृत्व के अधीन नियुक्‍त किया है, उनके बीच के विरोधी कर्मचारियों का नाम रखा है ।",मनचलों को सबक सिखाने के लिए अब विभागीय अधिकारियों ने महिला पुलिस कर्मियों सहित अन्य को एनजीओ के नेतृत्व में एंटी गुंडा स्टाफ का नाम देकर ड्यूटी पर लगाया है।,37.16,Medium,38,30,8
1341,the anti goon team will be on alert in the crowded market areas and other crowded areas in civilian clothes.,"इसके अलावा, एक - के - बाद - एक भीड़ - भाड़वाले बाज़ार में जा रही है ।",एंटी गुंडा स्टाफ टीम के पुलिसकर्मी सादे कपड़ों में बाजारों सहित भीड़भाड़ वाले स्थानों पर मुस्तैद रहकर मनचलों की धरपकड़ करेंगे।,15.23,Bad,18,21,3
1342,all the shos have been ordered to set up 44 posts in the internal parts of the city during diwali.,इस शहर के अंदर के भाग में 44 पोस्टें रखने का हुक्म दिया गया है ।,दीवाली पर सभी एसएचओ को शहर के अंदरूनी इलाकों में नाके लगाने के आदेश दिए गए हैं।,21.76,Medium,16,17,1
1343,also police officials will be stationed at 38 checkpoints on the city borders.,"यहाँ तक कि पुलिस अधिकारी भी, शहर की सरहद पर 38 चेक बोर्ड पर खड़े होंगे ।",साथ ही शहर की सीमाओं पर नाका प्वाइंटों पर भी पुलिस कर्मी मुस्तैद रहेंगे।,21.2,Medium,17,14,3
1344,bird airlifted to safety from north sea rig released back into wild,उत्तर दिशा से सुरक्षा के लिए उड़ना वापस जंगली में छोड़ दिया गया,नॉर्थ सी रिग से सुरक्षा के लिए पक्षी को हवाई परिवहन द्वारा वापस जंगल में छोड़ा गया,41.79,Medium,13,17,4
1345,a bird airlifted ashore after being found exhausted on a north sea oil rig has been released back into the wild.,एक पक्षी को उत्तरी समुद्र तेल की कड़ी से थक जाने के बाद फिर से जंगल में छोड़ दिया गया है ।,नॉर्थ सी ऑइल रिग पर निढाल पाए गए पक्षी को हवाई परिवहन द्वारा तट से वापस जंगल में छोड़ा गया है।,29.69,Medium,22,21,1
1346,the water rail was put on a helicopter to aberdeen last month before being nursed back to health by the scottish spca at its rescue centre in alloa.,"पानी की रेल पर, पिछले महीने एक हेले के एक हेले पर डाल दिया गया था, जो हरो में अपने बचाव केंद्र के पास फिर से स्वास्थ्य तक पहुँचा था ।",इस वाटर रेल नामक पक्षी को स्कॉटिश द्वारा उनके एलोआ स्थित बचाव केन्द्र पर वापस स्वस्थ करने से पूर्व हेलीकॉप्टर द्वारा एबरडीन भेजा गया था।,20.88,Medium,31,25,6
1347,centre manager colin seddon said this water rail was likely a winter migrant from northern europe who got caught up in strong winds over the north sea.,"मध्य प्रबंधक ने कहा कि यह जलान्तन उत्तरी टेरिआ से जाड़ा था, जो उत्तर समुद्र के ऊपर तेज़ हवाओं में फँस गया था ।","केन्द्र प्रबंधक कोलिन सेडन ने बतायाः यह वाटर रेल संभवतः उत्तरी यूरोप का शीतकालीन प्रवासी पक्षी था, जो उत्तरी सागर के ऊपर तेज हवाओं की चपेट में आ गया।",29.29,Medium,24,29,5
1348,it seems the bird became exhausted and managed to find refuge on the oil rig.,ऐसा लगता है कि पक्षी थक गया था और तेल की सख़्ती पर शरण पाने में समर्थ हुआ ।,लगता है यह पक्षी थक गया था और उसने ऑइल रिग पर शरण ली।,46.19,Medium,19,14,5
1349,he added it was unable to fly off again so we were contacted for help.,उन्होंने कहा कि यह फिर से उड़ान भरने में असमर्थ था इसलिए हम मदद के लिए संपर्क किया गया.,आगे उन्होंने बताया किः यह फिर से उड़ने में असमर्थ था इसलिए हमसे मदद के लिए संपर्क किया गया।,71.73,Good,19,19,0
1350,the water rail was fit and well by the time it was released.,"जब उसे रिहा किया गया, तब तक पानी की रेल ठीक हो चुकी थी और वह ठीक से ठीक हो गयी थी ।",छोड़े जाने से पहले वाटर रेल स्वस्थ और तंदुरुस्त हो गया था।,14.86,Bad,23,12,11
1351,is europes elite ready to do business with britain?,क्या डर के मारे बड़े - बड़े लोगों को समाज के साथ कारोबार करने के लिए तैयार किया जाता है?,क्या यूरोप का उच्च वर्ग ब्रिटेन के साथ व्यवसाय करने के लिए तैयार है?,34.17,Medium,20,14,6
1352,business for britain launched in april with a pledge to bring business together and define what the uks wealth and job creators want to see changed in our relationship with the eu.,"इस बात को समझाने के लिए कि किस चीज़ के पास धन - दौलत और नौकरी है, एक व्यक्‍ति के साथ हमारे रिश्‍ते में बदलाव लाने की इच्छा पैदा हो सकती है ।",अप्रैल में बिजनेस फॉर ब्रिटेन को लॉन्च किया गया तथा व्यवसाय को एकसाथ लाने तथा यह निर्धारित करने की प्रतिज्ञा ली गई थी कि यू.के. के रोजगार एवं समृद्धि निर्माता ई.यू. के साथ हमारे सम्बन्ध में क्या परिवर्तन देखना चाहते हैं।,17.1,Bad,33,41,8
1353,"to that end, we commissioned the largest and most comprehensive poll of british business leaders asking them for their thoughts on britain, business and the eu.",इस लक्ष्य के लिए हमने बड़े - बड़े खर्चों का इंतज़ाम किया ।,उसके लिए हमने ब्रिटेन के व्यावसायिक नेतृत्वकर्ताओं का सबसे बड़ा तथा सबसे विस्तृत सर्वेक्षण आयोजित करते हुए उनसे पूछा कि ई.यू. के साथ ब्रिटेन के व्यवसाय के बारे में उनके क्या विचार हैं।,11.72,Bad,13,33,20
1354,"yougov polled over 1,000 business leaders, broadly representative of britains business sizes, sectors and regions.","आप 1,000 से भी ज़्यादा व्यापार नेताओं से भी ज़्यादा, बाँग्लादेशों के व्यापार आकार, क्षेत्र और क्षेत्रों के विस्तृत प्रतिनिधि ।","यूगॉव ने व्यवसाय नेतृत्वकर्ताओं के विचार लिये, जो कि ब्रिटेन के व्यवसायिक आकार, क्षेत्रों एवं स्थानों के प्रतिनिधि हैं।",33.85,Medium,21,19,2
1355,the conclusions of the poll will come as a surprise to many.,इस सर्वे के नतीजे बहुतों को देखकर बहुतों को ताज्जुब होगा ।,इस सर्वेक्षण के निष्कर्ष बहुत से लोगों के लिए आश्चर्यजनक हो सकते हैं।,22.32,Medium,12,13,1
1356,"we found that the vast majority of businesses are now looking to export outside of europe, focusing on countries that are modernising and growing while the eu states stagnate.","हमने पाया कि अधिकांश व्यवसाय अब पहले से कहीं ज़्यादा विमुक्‍ति के बाहर निर्यात कर रहे हैं, और उन देशों पर ध्यान केंद्रित कर रहे हैं जो आधुनिक और बढ़ती जा रही हैं, जबकि यू. एस.","हमने पाया कि व्यवसायियों का एक बड़ा हिस्सा अब यूरोप से बाहर निर्यात करना चाहता है, तथा उन देशों पर ध्यान केन्द्रित करना चाहता है, जो कि आधुनिक बन रहे हैं व वृद्धि कर रहे हैं, जबकि ई.यू. सदस्य देश गतिहीन हो रहे हैं।",42.55,Medium,36,44,8
1357,"they want to see the government prioritise new trading links with the likes of china, india and brazil, rather than getting bogged down in the long and arduous process of reforming the eus arcane institutions.","वे सरकार को पहले से ही नए व्यापार लिंक देखना चाहते हैं जैसे कि फ़िया और मैजिया की तरह, बल्कि लंबे और कठिन प्रक्रिया में फँसने के बजाय।","वे चाहते हैं कि सरकार चीन, भारत एवं ब्राजील जैसे देशों के साथ नये व्यापारिक सम्बन्धों को प्राथमिकता दे, न कि ई.यू. की रहस्यमयी संस्थाओं के सुधार के दीर्घकालिक एवं दुष्कर प्रक्रिया में उलझी रहे।",24.79,Medium,28,35,7
1358,when asked their views on specific policy areas ranging from monopoly regulation to product laws the majority of business leaders thought that control of these key competences should be returned to westminster.,"जब उन्होंने कुछ खास नीति - कानूनों के बारे में पूछा, तो ज़्यादातर व्यापारियों ने सोचा कि इन खास मामलों में दखल देना चाहिए ।",जब एकाधिकार विनियमन से लेकर उत्पाद कानून तक जैसे विशिष्ट नीति क्षेत्रों के बारे में उनके विचार पूछे तो अधिकांश व्यवसाय नेतृत्वकर्ताओं का मानना था कि इन निर्णायक योग्यताओं का नियंत्रण वापस वेस्टमिंस्टर के पास आना चाहिए।,20.21,Medium,25,37,12
1359,"there was general discontent with the single market, with businesses saying that the costs of brussels regulation now outweighed the benefits of being part of europes trading area even 40 per cent of large businesses, traditionally the most proeuropean of companies, agreed.","एक बाजार के साथ सामान्य निराशा थी, साथ ही व्यवसायों ने कहा कि अब बिस्कुटों के भुगतान क्षेत्र में ४० प्रतिशत से भी बड़े व्यवसायों का भाग होने के लाभों से भी अधिक थे, जो कि अधिकतर उद्योगों के प्रोटेस्टंटे थे, सहमत थे ।","एकल बाजार को लेकर आम असंतुष्टि बहुत आसानी से देखी जा सकती थी, व्यवसायियों का कहना है कि ब्रसेल्स के विनियमन की कीमत, यूरोप के व्यापारिक क्षेत्र का हिस्सा बने होने के लाभों से कहीं अधिक है यहां तक कि विशाल व्यवसायी जो कि पारम्परिक रूप से यूरोपियन कम्पनियों के पक्षधर थे, में से प्रतिशत इस बात पर सहमत थे।",28.82,Medium,44,60,16
1360,"finally, and most tellingly of all, our poll of business leaders found a clear majority wanted to see britain pursue a course of treaty change and a relationship with the eu that is based on trade, not politics.","आख़िरकार, और अधिकांश लोग, व्यवसाय नेताओं के हमारे सर्वेक्षण ने स्पष्ट पाया कि अधिकांश लोगों ने संधि के एक तरीक़े का पीछा करना और व्यापार पर आधारित एक वाचा के साथ एक सम्बन्ध को देखना चाहते थे, न कि राजनीति पर आधारित है ।","अंत में और सबसे स्पष्ट रूप से, व्यावसायिक नेतृत्वकर्ताओं के हमारे सर्वेक्षण ने पाया कि, एक बड़ा हिस्सा स्पष्ट रूप से चाहता है कि ब्रिटेन, ई.यू. के साथ राजनीति के बजाय व्यापार आधारित सम्बन्ध तथा संधि परिवर्तन के मार्ग पर आगे बढ़े।",37.05,Medium,44,42,2
1361,"this finding, which was reflected across the sizes and major business groups, shows that business is pushing for a meaningful change that brings powers back to the uk.","इस खोज से, जो आकार और मुख्य व्यापार समूहों के बीच प्रतिबिंबित किया गया था, दिखाता है कि व्यापार एक अर्थपूर्ण परिवर्तन के लिए प्रेरित होता है जो शक्‍ति को पीछे लाता है ।","यह निष्कर्ष, जो प्रमुख व्यवसायी समूहों के स्तरों में देखी गई, ने दर्शाया कि व्यवसायी एक सार्थक परिवर्तन की ओर प्रेरित कर रहे हैं, जो कि यू.के. को इसकी खोई हुई शक्ति वापस प्रदान करे।",26.5,Medium,34,35,1
1362,the stakes are high achieving treaty change and a better deal for britain sees a 16 per cent swing towards voting to stay in the eu in a referendum.,इस तरह की संधि में भारी बदलाव आ जाता है और इस बात पर ज़ोर दिया जाता है कि 16 प्रतिशत लोगों को वोट देने के लिए वोट देने के लिए 16 प्रतिशत की ज़रूरत होती है ।,"इसकी बहुत ऊंची कीमत है ब्रिटेन के लिए संधि परिवर्तन तथा एक बेहतर सौदा प्राप्त करने के मुद्दे ने मतसंग्रह में, ई.यू. में टिके रहने के पक्ष में प्रतिशत मत का परिवर्तन किया।",19.87,Bad,38,33,5
1363,the prime minister should be in no doubt this poll shows that british business backs his plan for renegotiating the terms of britains membership of the eu.,प्रधान मंत्री को निश्‍चित ही इस सर्वे से पता चलता है कि इस सर्वे से पता चलता है कि इस सर्वे से पता चलता है कि इस काम को दोबारा शुरू करने की अपनी योजना को दोबारा कायम करने की कोशिश की जा रही है ।,"प्रधानमंत्री को किसी संदेह में नहीं होना चाहिएः यह सर्वेक्षण दशार्ता है कि ब्रिटेन के व्यवसायी, ई.यू. में ब्रिटेन की सदस्यता की शर्तों पर वार्ता करने के लिए उनकी योजना का समर्थन करते हैं।",27.02,Medium,46,34,12
1364,it also shows that business expects that renegotiation to make a significant shift in the current balance of power back towards the uk.,यह यह यह भी दिखाता है कि व्यापार उम्मीद करता है कि मौजूदा शक्‍ति के मौजूदा संतुलन में एक महत्त्वपूर्ण बदलाव करने की आशा है ।,"इसने यह भी दर्शाया कि व्यवसायी, वर्तमान शक्ति संतुलन को यू.के. के पक्ष में करने के लिए एक सार्थक परिवर्तन करने हुए पुनःवार्ता करने की अपेक्षा करते हैं।",19.91,Bad,26,28,2
1365,"a better deal for british business is possible, and increasingly necessary as the eurozone embarks on the road to closer economic and fiscal union.","व्यापार के लिए एक बेहतर सौदा संभव है, और जैसे - जैसे वह आर्थिक और fron मिश्रण के निकट के रास्ते पर पहुँचता है, तब भी अधिक आवश्‍यक है ।","ब्रिटिश व्यवसायों के लिए एक बेहतर सौदा संभव है, तथा बहुत तेजी से यह अनिवार्य होता जा रहा है, क्योंकि यूरोजोन, परिबद्ध अर्थव्यवस्था तथा राजकोषीय संघ की दिशा में आगे कदम बढ़ा रहा है।",26.15,Medium,30,34,4
1366,"the priority must be jobs and growth in britain and, as the findings of our poll show, for business this means a renewed focus on trade and a fundamental change in brussels regulatory approach.","इस बात को ध्यान में रखते हुए, इस बात पर ध्यान देना ज़रूरी है कि व्यापार के बारे में एक नया नज़रिया क्या है ।","प्राथमिकता अवश्य ही ब्रिटेन में नौकरियाँ तथा वृद्धि होनी चाहिए, जैसा कि हमारे सर्वेक्षण के निष्कर्ष दर्शाते हैं कि व्यवसायियो के लिए इसका अर्थ है व्यापार पर एक नया केन्द्रित ध्यान तथा ब्रसेल्स के विनियमन कार्यपद्धति में आधारभूत परिवर्तन।",15.33,Bad,25,39,14
1367,gazproms alexei miller says pipeline in bulgaria starts new gas era,WELESbs Wakyymer कहते हैं कि बोम्बिया में gugikikikikier नया गैस युग शुरू करता है,गैजप्रोम के एलेक्सी मिलर ने बुल्गारिया में पाइपलाइन को एक नये दौर की शुरूआत बताया,14.82,Bad,14,15,1
1368,"the start of construction of the south stream gas pipeline in bulgaria marks the launch of one of europes largest energy projects, gazproms chief said.",दक्षिण धारा गैस का निर्माण शुरू होने से पता चलता है कि एक सबसे बड़ी ऊर्जा परियोजनाओं में से एक की शुरूआत होती है ।,गैजप्रोम के प्रमुख ने कहा कि बुल्गारिया में साउथ स्ट्रीम गैस पाइपलाइन के कंस्ट्रक्शन के आंरभ ने यूरोप की सबसे बड़ी ऊर्जा परियोजनाओं के आंरभ को चिह्नांकित किया है।,26.57,Medium,25,29,4
1369,"a landmark event has taken place today construction started on the bulgarian section of the south stream gas pipeline, the most largescale and important project in europe, gazprom chairman alexei miller said in a statement thursday.",आज एक ऐतिहासिक घटना दक्षिण धारा गैस गैस गैस गैस गैस गैस गैस गैस गैस के एक बड़े पैमाने पर शुरू हुई है ।,"आज एक ऐतिहासिक घटना हुई हैः साउथ स्ट्रीम गैस पाइपलाइन के बुल्गारियन भाग पर कंस्ट्रक्शन आंरभ हुआ, जो कि यूरोप में सबसे बड़े पैमाने की तथा महत्वपूर्ण परियोजना है। यह बात गैजप्रोम के अध्यक्ष एलेक्सी मिलर ने गुरूवार को एक बयान में कहा।",19.66,Bad,24,43,19
1370,this project is a key element of energy security of the whole european continent.,यह परियोजना पूरी महाद्वीप की ऊर्जा सुरक्षा का एक प्रमुख तत्व है ।,यह परियोजना पूरे यूरोपीय महाद्वीप की ऊर्जा सुरक्षा का एक मुख्य तत्व है।,72.3,Good,13,13,0
1371,south stream is meant to add diversity to russias export routes through europe.,"दक्षिण की धारा का मतलब है, अलग - अलग किस्म के निर्यात के रास्ते बढ़ाना ।","साउथ स्ट्रीम, यूरोप में रूस के निर्यात मार्गों में विविधता प्रदान करेगा।",20.07,Medium,16,12,4
1372,"a contractual dispute between gazprom and its counterparts in ukraine, which hosts most of russias gas for europe, adds a layer of risk to conventional routes, officials say.",इस गैस से पता चलता है कि यह गैस बहुत ही खतरनाक हो सकता है ।,"अधिकारियों ने कहा कि, यूक्रेन जहां पर कि यूरोप के लिए रूस के गैस का अधिकांश भाग है, में गैजप्रोम की काउन्टरपार्ट तथा गैजप्रोम के बीच अनुबंध से सम्बन्धित एक विवाद पारम्परिक मार्गों के लिए एक जोखिम प्रस्तुत करता है।",7.23,Bad,16,40,24
1373,"miller said the direct connection to bulgaria, a member of the european union, means geopolitical risks associated with transit countries are eliminated forever.",चक्की के मालिक ने कहा कि इस तरह के खतरे हमेशा के लिए खत्म हो जाएँगे ।,"मिलर ने कहा कि यूरोपियन यूनियन के एक सदस्य बुल्गारिया तक एक सीधे कनेक्शन का मतलब है, पारगमन देशों के साथ जुड़े जुए भूराजनीतिक जोखिमों का सदा के लिए समाप्त हो जाना।",14.19,Bad,17,32,15
1374,bulgarian consumers will receive gas from south stream at a discounted rate once the entire project starts operating in 2015.,2015 में पूरी परियोजना काम शुरू होने से पहले ही 2015 में हुई थी ।,वर्ष में इस पूरी परियोजना का संचालन आंरभ होने के पश्चात बुल्गारियाई ग्राहक साउथ स्ट्रीम से छूट वाली दरों पर गैस प्राप्त करेंगे।,19.27,Bad,15,23,8
1375,gazprom said construction should begin in other downstream countries by years end.,जॆम्बम ने कहा कि सालों के खत्म होते - होते दूसरे देशों में निर्माण का काम शुरू हो जाना चाहिए ।,गैजप्रोम ने कहा कि वर्ष के अंत तक अन्य डाउनस्ट्रीम देशों में कंस्ट्रक्शन आरंभ हो जाना चाहिए।,33.2,Medium,21,17,4
1376,the pipeline is designed for an annual capacity of 2.2 trillion cubic feet of natural gas.,"इस गैस की एक वार्षिक क्षमता के लिए बनाया जाता है, जो कि प्राकृतिक गैस के २,००,००० घन फुट की एक वार्षिक क्षमता है ।",इस पाइपलाइन को . ट्रिलियन घन फीट नैचुरल गैस की वार्षिक क्षमता के लिए डिजाइन किया गया है।,34.88,Medium,25,18,7
1377,the faa is easing restrictions on the use of electronic gadgets on airplanes though chatting on cellphones will still be prohibited.,मगर फिर भी यह ज़रूरी नहीं है कि आप मोबाइल फोन पर अश्‍लील उपकरण इस्तेमाल करें ।,एफ.ए.ए. विमानों पर इलेक्ट्रॉनिक गैजेट के प्रयोग पर प्रतिबंधों को कम कर रहा है यद्यपि कि सेलफोन पर चैटिंग अभी भी निषिद्ध होगी।,12.74,Bad,17,23,6
1378,"warplanes attack a store of russian missiles in the port city of latakia, an official says.",एक सरकारी कहता है कि बंदरगाह शहर के बंदरगाह शहर में युद्ध के विमानों की दुकान पर हमला करते हैं ।,एक अधिकारी ने कहा कि युद्ध विमानों ने लैतकिया के बंदरगाह शहर में रूसी मिसाइलों के एक स्टोर पर हमला किया।,38.21,Medium,21,21,0
1379,its an apparent continuation of israels campaign to keep arms from proliferating in the mideast.,इसके एक प्रत्यक्ष परिष्करण अभियान के साथ - साथ मध्य - पूर्व के जीवन - शैली में हथियार रखने का अभियान चलाया गया है ।,"यह प्रत्यक्ष रूप से, इजराइल द्वारा मध्यपूर्व में हथियारों की बढ़ोत्तरी को कम करने के अभियान की एक कड़ी है।",32.45,Medium,25,20,5
1380,a federal appeals court blocks a judges ruling that the nypds controversial tactic discriminates against minorities.,एक संघ ने अदालत में जजों को यह हुक्म दिया कि गैर - कानूनी तौर पर देश - देश के लोगों के साथ भेदभाव किया जाए ।,"एक संघीय अपील न्यायालय ने एक न्यायाधीश के उस निर्णय को अवरूद्ध किया, जिसमें एन.वाई.पी.डी. का विवादित कदम अल्पसंख्यकों के विरूद्ध भेदभाव करता है।",17.95,Bad,27,24,3
1381,nearly 100 african migrants hoping to travel to algeria die of thirst after their two trucks break down in the middle of the sahara.,"एक - दो ट्रकों के बीच से गिर जाने के बाद, लगभग १०० भू - दृश्‍यवादी लोग ऐथेंस के मध्य में प्यास की मृत्यु की आशा करते हैं ।","सहारा के बीच में दो ट्रकों के खराब होने के पश्चात, अल्जीरिया जाने की उम्मीद कर रहे लगभग अफ्रीकी प्रवासियों की मृत्यु।",30.07,Medium,29,22,7
1382,"experts say violence that left 14 adults and seven children dead is nothing more than random chance, not a sign of growing violence in america.","एक विशेषज्ञ कहता है कि हिंसा जो १४ वयस्कों और सात बच्चों को छोड़ जाती है वह बेतरतीब संयोग से अधिक नहीं है, न कि अमिका में बढ़ती हिंसा का एक संकेत है ।","विशेषज्ञों ने कहा कि हिंसा के परिणामस्वरूप वयस्कों एवं सात बच्चों की मृत्यु की घटना एक यादृच्छिक संयोग की बात है, यह अमेरिका में बढ़ती हुई हिंसा का संकेत नहीं है।",41.5,Medium,34,31,3
1383,"rather than being rattled by the u.s. government shutdown, investors kept their focus on what probably matters more the federal reserve.","सरकार समाप्त होने के बजाय, निवेशकों ने उस बात पर अपना ध्यान केंद्रित किया जो संभवतः संघीय सुरक्षित है ।","यू.एस. सरकार बंदी से घबड़ाने के बजाय निवेशकों ने उस चीज पर ध्यान केन्द्रित किया, जो कि संभवतः उससे अधिक महत्वपूर्ण हैः फेडरल रिजर्व।",36.5,Medium,20,24,4
1384,"the california woman plans to challenge what may be a firstofitskind citation, saying the internetconnected eyewear makes navigation easier.","यह कहने के लिए कि इंटरनेट से जुड़ा सबसे पहले क्या हो सकता है, कैफीन महिला महिला महिला को यह कहने की योजना बनाना आसान हो जाता है.","कैलीफोर्निया की एक महिला ने एक चुनौती देने की योजना बनाई, जो कि अपनी तरह का पहला उदाहरण हो सकता है, कहा कि इन्टरनेटकनेक्टेड आईवियर नेवीगेशन को आसान बनाता है।",30.67,Medium,28,30,2
1385,police say they have a video that appears to show mayor rob ford smoking a crack pipe.,पुलिस का कहना है कि उनके पास एक ऐसा वीडियो है जो ऐसा लगता है कि मेयर धूम्रपान करने के लिए एक दरार पाइप बना लेते हैं ।,पुलिस ने कहा कि उसके पास एक ऐसा वीडियो है जो मेयर रॉब फोर्ड को एक चटके हुए पाइप से धूम्रपान करने जैसा दिखाता है।,47.15,Medium,28,25,3
1386,even close allies keep things from one another and work every angle to find out whats being held back.,यहाँ तक कि करीबी दोस्त भी एक - दूसरे से बातें करते हैं और हर कोण का पता लगाने के लिए काम करते हैं कि क्या रखा जा रहा है ।,यहां तक कि बहुत नजदीकी सहयोगी भी एक दूसरे से चीजें छिपाते हैं तथा यह जानने के लिए हर संभव प्रयास करते हैं कि क्या चीज उनके मार्ग की बाधा है।,32.95,Medium,31,31,0
1387,"the vatican wants to know how catholic parishes around the globe handle sensitive issues like contraception, divorce and gay couples.",वे यह जानने की कोशिश करते हैं कि कैसे दुनिया - भर में पति - पत्नी एक - दूसरे से अलग - अलग राय रखते हैं ।,"वैटिकन यह जानना चाहती है कि दुनिया भर में कैथोलिक पादरियों का समूह गर्भनिरोध, तलाक एवं समलैंगिक युगल जैसे संवेदनशील मुद्दों से कैसे निपटता है।",18.79,Bad,27,25,2
1388,foreign athletes will perform gymnastics.,विदेशी खिलाड़ी खेल - कूद का काम करेंगे ।,विदेशी कलाकार जिम्नास्टिक का प्रदर्शन करेंगे।,28.46,Medium,9,6,3
1389,"the mla from the city constituency, balbir pal shah, inaugurated the asiad circus by cutting the ribbon on thursday evening.","शहर की विद्वत्ता, बिस्बॉर स्वाशा से, जो कूका का उद्‌घाटन करता था दिन की शाम को काटने के द्वारा, तिराल्डर का उद्‌घाटन किया ।",बृहस्पतिवार शाम को शहरी विधायक बलबीर पाल शाह ने रिबन काटकर एशियाड सर्कस का उद्घाटन किया।,27.83,Medium,24,16,8
1390,"the municipal corporation mayor, bhupinder singh sardar, and the former chairman of the city improvement board, mukesh tuteja, also attended the event.",उस वक्‍त के एक अधिकारी ने उससे पूछा: “क्या आप जानते हैं कि आप इस बारे में क्या सोचते हैं? ”,इस दौरान नगर निगम के मेयर सरदार भूपेंद्र सिंह व नगर सुधार मंडल के पूर्व चेयरमैन मुकेश टूटेजा उपस्थित रहे।,12.29,Bad,21,20,1
1391,the first performance of the city circus was watched by dignitaries.,शहर के धावक का पहला प्रदर्शन बड़े - बड़े लोगों ने देखा ।,सर्कस का पहला शो शहर के गणमान्य लोगों ने देखा।,46.08,Medium,13,10,3
1392,"asiad circus manager, raghbir singh, said that kenyan athletes will perform gymnastics.",वे कहते हैं कि इन खेलों में खेल - कूद का बड़ा हाथ होता है ।,एशियाड सर्कस के प्रबंधक रघबीर सिंह ने बताया कि केन्या के कलाकार जिम्नास्टिक का प्रदर्शन करेंगे।,7.11,Bad,16,16,0
1393,dwarf clowns are sure to make everyone laugh.,छोटे जोकर हर किसी को हंसी करने के लिए सुनिश्चित हैं.,बौने जोकर दर्शकों को ठहाके लगाने पर मजबूर कर देंगे।,16.15,Bad,11,10,1
1394,the flying trapeze will be a particular centre of attraction for the visitors.,"हवाई जहाज़, मेहमानों के लिए आकर्षण का एक खास केंद्र होगा ।",हवाई झूला दर्शकों के आकर्षक का विशेष केंद्र रहेगा।,28.68,Medium,12,9,3
1395,he said that focus will be on entertaining the residents.,उन्होंने कहा कि ध्यान निवासियों को मनोरंजन पर होगा।,उन्होंने बताया कि शहरवासियों के मनोरंजन पर विशेष ध्यान दिया जाएगा।,43.3,Medium,9,11,2
1396,"two ymca employees charged with sex offences before allegations against jonathan lord, royal commission hears","दो yekका कर्मचारियों ने सेक्स अपराधों के साथ आरोप लगाने से पहले, राजकीय आदेश सुनता है","जोनाथन लॉर्ड के विरूद्ध आरोपों से पहले वाई.एम.सी.ए. के दो कर्मचारियों पर यौन अपराधों का आरोप, रॉयल कमीशन ने सुनवाई की",28.87,Medium,16,21,5
1397,"two ymca nsw employees had been charged with child sex offences before allegations were raised against caringbah child care worker jonathan lord in 2011, the child sexual abuse royal commission has heard.","सन्‌ 2011 में बच्चों की देखभाल करनेवाले, मज़दूरों की देखभाल करनेवाले पति के साथ लैंगिक दुर्व्यवहार करते वक्‍त दो बार बच्चों के साथ लैंगिक दुर्व्यवहार किया गया था ।","वर्ष में कैरिंगबाह बाल देखभाल कर्मचारी जोनाथन लॉर्ड के विरूद्ध आरोप लगाये जाने से पहले, वाई.एम.सी.ए. एन.एस.डब्लू. के दो कर्मचारियों पर बाल यौन अपराधों का अपराध लगाया गया है।",19.33,Bad,29,29,0
1398,"but in its opening statement to the commission it said it had never dealt with an incident of child sexual assault within its organisation, the commission was told.","लेकिन इस कार्य - नियुक्‍ति के बारे में उसके आरंभिक कथन में यह कहा गया था कि इसने बच्चों के लैंगिक हमले की घटना से कभी निपटने में नहीं किया था, यह आदेश दिया गया था ।","लेकिन आयोग के समक्ष अपने बयान में इसने कहा कि इसने कभी भी अपने संगठन के अन्दर बाल यौन उत्पीड़न का मामला नहीं सामने आया, आयोग को यह बताया गया।",24.49,Medium,37,30,7
1399,"chief executive officer phillip hare was asked about one case where a ymca employee was charged child pornography offences, and another when a gym instructor at the ymca caringbah hall was convicted of child sexual offences against children in his care in 1991.","एक ऐसे मामले के बारे में मुख्य अधिकारी, फिलकाकाका कर्मचारी से पूछा गया, जहाँ बाल अश्‍लील तसवीरें देखने की आज्ञा दी गयी थी ।","मुख्य कार्यकारी अधिकारी फिलिप हरे से उस मामले के बारे में पूछा गया था, जिसमें वाई.एम.सी.ए. के एक कर्मचारी पर बाल पोर्नोग्राफी अपराधों का आरोप लगाया गया था, तथा एक अन्य मामला जिसमें वाई.एम.सी.ए. कैरिंगबाह जिम इंस्ट्रक्टर पर वर्ष में उसकी देखभाल में रहने वाले बच्चों के विरूद्ध बाल यौन अपराध का आरोप लगाया गया था।",18.36,Bad,24,56,32
1400,"mr hare told gail furness, counsel assisting the commission, he knew about the first case but did not know about the second one.",उसने कहा कि वह उस काम को पूरा करने में मदद दे रहा है ।,"आयोग की सहायता करने वाले अधिवक्ता गेल फरनेस से मि. हरे ने कहा उन्हें पहले मामले के बारे में पता था, लेकिन उन्हें दूसरे मामले के बारे में नहीं पता था।",10.91,Bad,15,31,16
1401,he conceded the ymcas opening statement to the commission was also inaccurate in claiming there have been external audits of the ymca that have recognised the ymca as being at the forefront of child safety.,इस फैसले के बारे में उसने Ymaka की बात भी कबूल की ।,उन्होंने यह भी स्वीकार किया कि आयोग के समक्ष वाई.एम.सी.ए. का यह कथन कि वाई.एम.सी.ए. की बाहरी जांच करवाईं गई है तथा उन्होंने वाई.एम.सी.ए. को बाल सुरक्षा के मामले में सबसे आगे पाया है भी सटीक नहीं है।,6.13,Bad,13,38,25
1402,evidence before the commission is that ymca was notified that it received the second lowest of four possible ratings in a department of education and communities quality audit in august this year.,इस कार्य - नियुक्‍ति के पहले प्रमाण को सूचित किया गया कि इस साल के शिक्षा और समुदाय के क्षेत्र में yma की दूसरी सबसे कम रेटिंग प्राप्त हुई ।,"आयोग के समक्ष यह साक्ष्य है कि वाई.एम.सी.ए. को अधिसूचित किया गया था, तथा इसने इस वर्ष अगस्त में शिक्षा एवं समुदाय विभाग गुणवत्ता ऑडिट में चार संभव रेटिंग में द्वितीय निम्नतम रेटिंग प्राप्त की।",27.43,Medium,30,35,5
1403,"mr hare, who started with the ymca when he was 21, conceded management from myself down failed by recruiting lord and failed to make sure staff were clear about their obligations to report child safe policy breaches.","एमर ऐंट, जिसने 21 साल की उम्र से ही खुद से कहा कि वह अपने आप से इनकार कर चुका है और इस बात पर पूरा यकीन नहीं कर पाया कि बच्चे को सुरक्षित नीति तोड़ने की उनकी ज़िम्मेदारियों के बारे में उन्हें साफ - साफ बताया गया है ।","मि. हरे जो कि वाई.एम.सी.ए. के साथ वर्ष की आयु से जुड़े हैं, ने स्वीकार किया कि लॉर्ड को नियुक्त करने कारण स्वयं मेरे समेत प्रबन्धन विफल हुआ है, तथा यह सुनिश्चित करने में विफल रहा कि कर्मचारियों को बाल सुरक्षा नीति उल्लंघनों की सूचना देने से सम्बन्धित उनके दायित्वों के में स्पष्ट रूप से पता रहे।",20.03,Medium,50,57,7
1404,earlier this year lord was convicted for sexual offences against 12 boys during the two years he worked at the ymca.,इस साल पहले प्रभु को उन १२ लड़कों के विरुद्ध लैंगिक अपराधों के लिए दोषी ठहराया गया जो उसने yma में काम किए थे ।,"इस वर्ष के आरंभ में लॉर्ड को, वाई.एम.सी.ए. में दो वर्ष के कार्यकाल के दौरान बच्चों के साथ यौन अपराधों के लिए दोषी ठहराया गया था।",32.15,Medium,25,26,1
1405,he was jailed for a minimum of six years.,उसे छः साल से जेल में डाल दिया गया ।,उसे न्यूनतम छह वर्ष के लिए कारावास का दण्ड दिया गया था।,18.68,Bad,10,12,2
1406,but mr hare rejected the suggestion the ymca had a cultural problem which prevented staff from reporting lords breaches of child safety.,लेकिन मर्मका ने सुझाव अस्वीकार किया जिसमें एक सांस्कृतिक समस्या थी जिसने बाल - अधिकारियों को सुरक्षा भंग करने से कर्मचारियों को रोकने से रोका ।,"लेकिन मि. हरे ने इस सुझाव से इंकार कर दिया कि वाई.एम.सी.ए. में सांस्कृतिक समस्या थी, जिसके कारण कर्मचारियों ने लॉर्ड द्वारा बाल सुरक्षा उल्लंघन की सूचना नहीं दी।",37.65,Medium,26,29,3
1407,"staff gave evidence they observed breaches including lord being alone with children, babysitting them privately, having them sit on his lap, saying he loved one and letting them play with his mobile phone.",उसने कहा कि वह एक व्यक्‍ति से प्यार करता है और उन्हें अपने मोबाइल फोन के साथ खेलने देता है ।,"कर्मचारियों ने उल्लंघन के बारे में जो देखा, उन साक्ष्यों को दिया जिसमें लॉर्ड द्वारा बच्चों के साथ अकेले समय बिताना, उन्हें निजी तौर पर बेबीसिटिंग करवाना, उन्हें गोद में बैठाना, उनसे यह कहना कि वह उनसे प्यार करता है तथा उन्हें अपने मोबाइल फोन पर खेलने देना शामिल है।",22.39,Medium,21,50,29
1408,"danielle ockwell, who was supervised by lord and asked for child protection training because she was concerned about his behaviour, testified she found the ymca caringbah childrens services manager jacqui barnat who supervised lord very intimidating and hard to approach a lot of the time.","उसने कहा कि वह अपने व्यवहार के बारे में चिंता कर रही थी क्योंकि वह अपने व्यवहार के बारे में सोचा था, उसने कहा कि वे दोनों माता - पिता अपने बच्चों की देखभाल करने के लिए, जो प्रभु का बहुत डर मानते हैं और समय के बहुत पास आने के लिए कठिन हैं.","डैनियल ऑकवेल जो कि लॉर्ड के पर्यवेक्षण में थी, तथा उसने बाल सुरक्षा प्रशिक्षण के लिए कही थी, क्योंकि वह उसके व्यवहार को लेकर चिंतित थी, ने यह गवाही दी कि लॉर्ड का पर्यवेक्षण करने वाले वाई.एम.सी.ए. कैरिंगबाह बाल सेवा प्रबन्धक जैक्यी बरनाट को बहुत ही धमकाने वाला तथा अधिकांश समय मिलने में कठिन था।",23.46,Medium,54,55,1
1409,the ceo said he did not accept staffs evidence that they were uncomfortable with reporting upwards to their managers.,उसने कहा कि वह कर्मचारियों के सबूतों को स्वीकार नहीं करता कि वे अपने मैनेजरों को रिपोर्ट करने से परेशान हैं ।,सी.ई.ओ. ने कहा कि उसने कर्मचारियों के साक्ष्य को स्वीकार नहीं किया कि वे अपने प्रबन्धक से ऊपर सूचना देने में सहज नहीं थे।,43.75,Medium,22,24,2
1410,"rather, he said, their friendships with lord clouded their judgements about reporting him.","इसके बजाय, उसने कहा कि वे स्वामी के साथ दोस्ती करते थे ।","उसने कहा कि, बल्कि लॉर्ड के साथ उनकी दोस्ती ने उसके बारे में सूचना देने के उनके निर्णय को गुमराह कर दिया।",22.37,Medium,13,22,9
1411,"mr hare said he had provided his view to the ymca nsw board that the lesson for the organisation from the jonathan lord incident was not about reporting by staff, and the board agreed with him.","उसने कहा कि उसने ymaka Naw बोर्ड के लिए अपना दृष्टिकोण प्रदान किया था कि जॉनिसी प्रभु से मिली घटना के बारे में कोई जानकारी कर्मचारी द्वारा नहीं दी गयी थी, और बोर्ड उसके साथ सहमत हो गया ।","मि. हरे ने कहा कि उन्होंने वाई.एम.सी.ए. एन.एस.डब्लू. मण्डल को अपना दृष्टिकोण प्रदान किया था कि, जोनाथन लॉर्ड घटना से संगठन के लिए पाठ सूचना न देने के बारे में था।",38.85,Medium,39,31,8
1412,mr hare said the decision to get staff to sign confidentiality agreements soon after the allegations emerged was made by ymca general manager of childrens services liam whitley.,"इस फैसले से बच्चों की सेवा में लीका के आम प्रबंधक, लीममलेलेलेले के आम प्रबंधकों को अपनी राय पर दस्तखत करने का फैसला किया गया ।","मि. हरे ने कहा कि आरोप सामने आने के तुरन्त बाद ही कर्मचारियों द्वारा गोपनीयता समझौता पर हस्ताक्षर करवाने का निर्णय, वाई.एम.सी.ए. की बाल सेवा महप्रबन्धक लियम व्हाइटले द्वारा करवाया गया था।",15.93,Bad,26,32,6
1413,he said it was intended to avoid contamination of evidence but was overzealous and poorly executed.,"उसने कहा कि ऐसा करना सबूतों के फैलाव से दूर रहने का उद्देश्‍य था, लेकिन बहुत ही कठोर और कमज़ोर था ।","उन्होंने कहा कि इसका उद्देश्य साक्ष्य के सम्मिश्रण से बचना था, लेकिन यह अतिउत्साही तथा सही से निष्पादित नहीं किया गया था।",25.5,Medium,22,22,0
1414,"ymca nsw was not a child safe organisation at the time jonathan lord was employed between 2009 and 2011, child sex abuse expert professor stephen smallbone of griffith university told the commission.",Ymaka Naw एक बच्चे को सन्‌ 2009 और 2011 के बीच काम किया गया था ।,ग्रिफिथ विश्वविद्यालय के बाल यौन शोषण विशेष प्रोफेसर स्टीफेन स्मालबोन ने कहा कि वर्ष से के बीच जोनाथन लॉर्ड के कार्य पर रहने के दौरान वाई.एम.सी.ए. एन.एस.डब्लू. एक सुरक्षित संगठन नहीं था।,6.01,Bad,16,32,16
1415,"he said there were serious problems in recruitment, screening, induction, training and supervision of staff.","उसने कहा कि रंग - रूप, रंग - रूप में बड़ी - बड़ी समस्याएँ थीं, उनका सामना करना, उन्हें तालीम देना और उनका निरीक्षण करना था ।","उन्होंने कहा कि कर्मचारियों की नियुक्ति, अनुवीक्षण, प्रवेशण, प्रशिक्षण तथा पर्यवेक्षण में गम्भीर समस्याएं थीं।",22.39,Medium,27,15,12
1416,the hearing adjourned until december 20.,सन्‌ 20 के आस - पास के इलाकों में लोगों की बातें सुन रही थीं ।,सुनवाई दिसम्बर तक के लिए स्थगित कर दी गई है।,11.2,Bad,16,10,6
1417,blair says hed like uk comeback,blaaks कहते हैं कि skaks की तरह लगता है,ब्लेयर का कहना है कि वे ब्रिटेन वापसी चाहते हैं,17.4,Bad,9,10,1
1418,tony blair said hed seize the chance to return as britains prime minister but acknowledges a comeback is unlikely.,तोनी ब्रीर ने कहा कि वह इस मौके का फायदा उठाकर प्रधानमंत्री के तौर पर वापस आने का मौका ले लेता है लेकिन कबूल करता है कि वह शायद ही कभी आएगा ।,टॉनी ब्लेयर ने कहा कि वे ब्रिटेन के प्रधानमंत्री बनने का मौका फिर से चाहेंगे लेकिन वे मानते हैं कि वापसी की संभावना नहीं है।,35.75,Medium,33,25,8
1419,"in an interview overnight to mark the fifth anniversary of his departure from office, the 59yearold aired his views on various domestic policies.","इस इंटरव्यू से पता चलता है कि एक रात उसके घर से चले जाने की पाँचवीं सालगिरहों को चिन्हित करने के लिए, 59 साल के बच्चे ने अलग - अलग घरेलू नियमों पर अपना विचार लगाया ।","प्रधानमंत्री कार्यालय से उनकी विदाई की पांचवी वर्षगांठ के अवसर पर रात को लिए गए साक्षात्कार में, वर्षीय ब्लेयर ने विभिन्न घरेलू नीतियों पर अपने विचार व्यक्त किए।",22.96,Medium,37,28,9
1420,"since he stood down in june 2007 after a decade as leader, mr blair has largely avoided discussing british politics, confining most of his comments to foreign affairs and his role as envoy to the quartet of middle east peacemakers.","दशक 2007 में जब से वह नेता के रूप में खड़ा हुआ है, मैक्लर ने आम तौर पर बिटिटिश राजनीति पर चर्चा करने से दूर रहने से इंकार कर दिया है ।","नेता के रूप में एक दशक के बाद जून में पद छोड़ने के बाद, अपनी अधिकांश टिप्पणियों को विदेशी मामलों और मध्यपूर्व समूह के शांति स्थापकों के प्रतिनिधि की अपनी भूमिका तक सीमित रखते हुए श्री ब्लेयर ने ब्रिटिश राजनीति पर चर्चा करने से काफी हद तक परहेज किया।",24.4,Medium,32,49,17
1421,"asked if he would return to the post of prime minister, mr blair was quoted by londons evening standard as saying yes, sure, but its not likely to happen is it, so...","उन्होंने पूछा कि क्या वह प्रधानमंत्री के पोस्ट में लौट जाएगा, मैलार शाम की शाम को यह कहने के द्वारा उद्धृत किया गया था कि हाँ, लेकिन इसकी संभावना यह नहीं है,...","यह पूछे जाने पर कि क्या वे प्रधानमंत्री पद पर वापस आना चाहेंगे, श्री ब्लेयर को लंदन के इवनिंग स्टैंडर्ड अखबार द्वारा यह कहते हुए प्रस्तुत किया गयाः हाँ, ज़रूर, लेकिन ऐसा होने की संभावना नहीं है, इसलिए...",34.07,Medium,32,38,6
1422,he also urged leaders not to turn their backs on the business community following the financial crisis.,उसने अपने चेलों से भी गुज़ारिश की कि वे पैसों की तंगी का सामना न करें ।,उन्होंने नेताओं से वित्तीय संकट के बाद व्यापारी समुदाय की अनदेखी नहीं करने का आग्रह किया।,13.34,Bad,17,16,1
1423,"as crowds of horseshowing experts gathered in cardiff to battle it out for horse of the year, they knew the competition would be tough.",वे जानते थे कि यह प्रतियोगिता बहुत मुश्‍किल होगी ।,जब कार्डिफ में वर्ष के सर्वश्रेष्ठ घोड़े के लिए घोड़े का प्रदर्शन करने वाले विशेषज्ञों की भीड़ जमा हुई थी तो उन्हें पता था कि यह चुनौतीपूर्ण प्रतियोगिता होगी।,14.9,Bad,10,29,19
1424,but nobody was quite ready for threeyearold fenton kirkland.,लेकिन कोई भी तीन साल के वर्कलैंड के लिए पर्याप्त तैयार था.,लेकिन कोई भी व्यक्ति तीन वर्षीय फेन्टन किर्कलैन्ड के लिए तैयार नहीं था।,36.04,Medium,12,13,1
1425,"not yet in school and just months on from taking his first steps, the toddler and his pet shetland pony toffee trotted through the three rounds with ease to take the top prize leaving their 30 adult opponents trailing behind.",फिर भी स्कूल में और सिर्फ महीने ही नहीं होते थे कि वे पहले कदम उठाने के लिए तैयार हो जाएँ ।,"अभी विद्यालय में भी नहीं गए तथा अपना पहला कदम उठाने से कुछ महीने दूर, इस नन्हे बच्चे तथा उसके पालूत शेटलैन्ड के टट्टू टाफी ने बडी ही आसानी से तीन चरण पूरे कर लिए तथा शीर्ष पुरस्कार प्राप्त किया उसने अपने वयस्क प्रतिद्वंदियों को पीछे छोड़ दिया।",13.45,Bad,22,48,26
1426,"the inseparable pair who are the same height were commended for appearance, behaviour and style at the annual contest run by sunnybank equestrian centre, in rudry near cardiff.",एक ही ऊँचाई पर चलनेवाले जोड़े की तारीफ की गयी और हर साल के खेल देखने के लिए उनकी तारीफ की गयी ।,"कार्डिफ के समीप रूड्री में सनीबैक ईक्वेस्ट्रीयन सेन्टर द्वारा आयोजित वार्षिक प्रतियोगिता में, अलग न की जा सकने वाली जोड़ी जो ही लम्बाई की है की दिखावट, व्यवहार तथा शैली के लिए बहुत प्रशंसा की गई।",12.68,Bad,23,36,13
1427,"taking to the stage against men and women in smart bowler hats, he tipped his flat cap at a jaunty angle and paraded twoyearold toffee around the ring.",और उसने दो साल तक अंगूठी के चारों ओर से एक पट्टी पर अपनी टोपी खोल दी ।,खूबसूरत बॉलर हैट पहने हुए पुरुषों और महिलाओं के सामने उसने अपनी सपाट टोपी को अल्हड़ कोण पर तिरछा किया तथा अपने दो वर्षीय टॉफी को रिंग का चक्कर लगवाया।,12.48,Bad,18,30,12
1428,fenton was lauded by judges for natural handling skills well beyond his years.,स्वाभाविक रीति से काम करने के लिए न्यायाधीशों द्वारा प्रशंसा की गयी ।,"नियंत्रण करने के अपने प्राकृतिक कौशल जो उसकी उम्र से बहुत आगे का है, के लिए निर्णयकर्ताओं ने फेन्टन की तारीफ की।",18.23,Bad,13,22,9
1429,and toffee received top marks for his appearance and personality.,और अपने रंग - रूप और व्यक्‍तित्व के लिए सबसे अधिक अंक प्राप्त किया.,तथा टॉफी को उसकी दिखावट तथा व्यक्तित्व के लिए सर्वोच्च अंक मिले।,27.48,Medium,14,12,2
1430,fenton was given toffee as a third birthday present last march and has practised with the shetland pony every day since.,तीसरे जन्मदिन में तीसरे जन्मदिन का इंतज़ाम किया गया था और तब से हर दिन Hatafy के साथ अभ्यास किया गया है.,"फेन्टन को टॉफी उसके तीसरे जन्मदिवस पर उपहार के रूप में पिछले मार्च में दिया गया था, तथा उसने तब से रोजाना शेटलैंड के इस टट्टू के साथ अभ्यास किया है।",32.05,Medium,22,31,9
1431,"his mother donna, 30, said fenton and toffee are a great double act.",उसका जन्म 30 साल का है ।,उसकी वर्षीय माँ डोना ने कहाः फेन्टन तथा टॉफी शानदार जोड़ी है।,8.11,Bad,7,12,5
1432,they were up against all comers but the two of them walked off with the gold cup and rosette.,"और उन सभों के विरूद्ध चढ़ाई की, परन्तु उन दोनों ने सोने के कटोरे से होकर पी लिया।","उन्हें सभी प्रत्याशियों से चुनौती का सामना करना पड़ा था, लेकिन उन दोनों ने गोल्ड कप और रोजेट जीता।",21.32,Medium,18,19,1
1433,it was only the second time he had competed with toffee and we were all ecstatic when he won.,यह केवल दूसरी बार था जब वह जीत गया था और हम सब के साथ होड़ लगाने लगे थे.,"यह दूसरा अवसर मात्र ही था, जब उसने टॉफी के साथ किसी प्रतिस्पर्धा में भाग लिया था, तथा हम सभी को उसकी जीत पर बहुत ही खुशी है।",14.26,Bad,19,28,9
1434,complete strangers in the arena all thought he was so phenomenal they wanted photos taken with him.,अखाड़े में अजनबियों को लगा कि वह इतना प्रभावशाली था कि वे उसके साथ तस्वीरें लेना चाहते थे ।,"इस रंगभूमि में सबसे अलग, वह सभी को इतना अद्भुत लगा कि वे उसके साथ फोटो खिंचवाना चाहते थे।",36.84,Medium,19,19,0
1435,"the youngster, from the village of nantyglo, near ebbw vale, south wales, is following in the footsteps of his aunt sharon howells, who has been showing horses for more than 10 years.",वह दस से भी ज़्यादा सालों से घोड़े दिखा रहा है ।,"एब वेल, साउथ वेल्स के समीप नैन्टीग्लो गांव का यह छोटा बच्चा अपनी आन्टी शैरॉन हॉवेल्स के पदचिह्नों पर चल रहा है जो वर्ष से अधिक समय से घोड़ों का प्रदर्शन कर रही हैं।",9.29,Bad,12,34,22
1436,mrs howells said the whole place was electric and everybody was cheering and clapping.,वे कहते हैं कि सारी जगह बिजली थी और हर कोई खुशी - खुशी बोल रहा था ।,"श्रीमत हॉवेल्स ने कहाः पूरा स्थान उत्साह से भरा हुआ था, तथा प्रत्येक व्यक्ति खुशी मना रहा था तथा ताली बजा रहा था।",13.63,Bad,18,23,5
1437,he was running on sand down the full length of the arena and even though he looked so tiny he did a marvellous job.,वह अखाड़े की पूरी लंबाई पर चल रहा था और फिर भी वह इतना छोटा था कि उसने एक अद्‌भुत काम किया ।,"वह पूरी रंगभूमि में बालू पर दौड़ रहा था, और इतना छोटा दिखने के बावजूद भी उसने असाधारण कार्य किया।",27.24,Medium,23,20,3
1438,"fenton is animal mad he loves horses, tractors and farms and has got two chickens which he looks after.","गस्टन जानवर पागल है... ... वह घोड़ों, ट्रैक्टर और खेत से प्यार करता है... ... और दो रहमान मिल गया है जो वह बाद में देख रहा है.","फेन्टन पशुओं का दीवाना है उसे घोड़े, ट्रैक्टर और खेत से बहुत प्यार है, तथा उसने दो मुर्गियाँ पाली हैं जिनकी वह देखभाल करता है।",31.03,Medium,28,25,3
1439,the way he has started hell be at the horse of the year show before long and im sure hell do well.,जिस तरह से वह नरक शुरू कर दिया है वह साल के घोड़े पर है... ... लंबे समय से पहले और निश्चित रूप से नरक.,"उसने जिस तरह की शुरुआत की है, वह बहुत पहले ही वर्ष की सर्वश्रेष्ठ घोड़ा प्रदर्शनी में होगा और मुझे भरोसा है कि वह बहुत अच्छा प्रदर्शन करेगा।",15.99,Bad,25,28,3
1440,a spokesman for the annual horse show said fenton is only three but he knows how to handle his pony.,वार्षिक घोड़े के लिए एक प्रवक्‍ता ने कहा कि fenton केवल तीन ही है लेकिन वह जानता है कि कैसे अपने पोनी को संभालना है ।,"वार्षिक घोड़ा प्रदर्शनी के प्रवक्ता ने कहाः फेन्टन की आयु मात्र तीन वर्ष है, लेकिन उसे अपने टट्टू को नियंत्रित करना आता है।",31.91,Medium,26,23,3
1441,they are a great team together.,वे एक साथ एक महान टीम हैं.,वे बहुत अच्छी जोड़ी हैं।,9.39,Bad,7,5,2
1442,the judges marked fenton and toffee on how well they were turned out and the way they presented in the show ring.,न्यायाधीशों ने प्रदर्शन की अंगूठी में प्रस्तुत किए गए जिस तरह से वे बाहर मुड़ गए और जिस तरह से वे प्रस्तुत किए गए थे उस पर ध्यान दिया ।,"निर्णयकर्ताओं ने, फेन्टन और टॉफी के प्रदर्शन के तरीके तथा शो रिंग में उनकी प्रस्तुति के तरीके को देखते हुए अंक दिए।",25.75,Medium,30,22,8
1443,they look for good teamwork between the pony and the handler fenton and toffee were the best in the ring.,वे पोनी के बीच अच्छा टीम काम के लिए लग रहे हैं और हैंडलर फ़्यून और Sepepe अंगूठी में सबसे अच्छा था.,उन्होंने टट्टू तथा उसके सवार के बीच अच्छा टीम कार्य देखा इस मामले में फेन्टन और टॉफी रिंग में सर्वश्रेष्ठ थे।,24.63,Medium,22,21,1
1444,"im sure fenton was helped by his cute clothes, he really looked the part.",उसने कहा: “मुझे लगता है कि यह काम बहुत मुश्‍किल है । ”,"मुझे पूरा विश्वास है कि फेन्टन के प्यारे कपड़ों ने उसकी सहायता की है, वह वास्तव में बहुत ही अलग दिख रहा था।",13.42,Bad,13,23,10
1445,china plea paper to be overhauled,बार - बार प्रार्थना करने के लिए शब्द - ब - शब्द इस्तेमाल किया जा सकता है,दलील देने वाले चीनी अखबार का जीर्णोद्धार होगा,12.51,Bad,17,8,9
1446,"a chinese newspaper that made a frontpage appeal for the release of a reporter accused of defamation is to be overhauled, a press regulator says.","एक समाचार - पत्र जिसने एक पत्रकार के रिहाई के लिए एक सामने अपील की है, वह यह है कि वह बिना किसी रोक - टोक के उड़ जाए, एक प्रेस रीअर कहता है ।","एक चीनी अखबार जिसने मानहानि के दोषी एक रिपोर्टर को छोड़े जाने के लिए मुखपृष्ठ पर एक अपील की थी, उसका जीर्णोद्धार किया जायेगा, यह बात एक प्रेस विनियामक ने कहा।",23.2,Medium,35,31,4
1447,the guangzhoubased new express made a rare public plea for the release of journalist chen yongzhou.,एक नई बात पर आधारित... पत्रकार द्वीव ह्‍यूगनॉटो को रिहा करने के लिए एक असाधारण जन निवेदन किया।,गुआंगजौ के अखबार न्यू एक्सप्रेस ने पत्रकार चेन योंगजौ की रिहाई के लिए एक विरल सार्वजनिक दलील दी थी।,24.02,Medium,18,19,1
1448,but mr chen subsequently admitted on television that he had taken bribes to fabricate stories about a part stateowned company.,वी. पर स्वीकार किया था कि उसने एक भागहीन कंपनी के बारे में कहानियाँ लिखने के लिए रिश्‍वत ली थी ।,"लेकिन उसके पश्चात मि. चेन ने टेलीविजन पर स्वीकार किया कि, उन्होंने राज्य के आंशिक स्वामित्व वाली कम्पनी के बारे में मनगढंत खबर लिखने के लिए रिश्वत लिया था।",34.39,Medium,21,29,8
1449,"now the new express is to undergo full rectification, the regulator said.","अब नए व्यक्‍ति को पूर्णीकरण का सामना करना है, रीकटर ने कहा ।",विनियामक ने कहा कि अब न्यू एक्सप्रेस को पूर्ण सुधार से गुजरना है।,27.56,Medium,13,13,0
1450,"the rectification order came from the guangdong administration of press and publication, radio, film and television.","इसके अलावा, यह भी बताया गया था कि एक व्यक्‍ति को क्या करना चाहिए और क्या नहीं ।","सुधार का आदेश ग्वांगडौंग प्रेस एवं प्रकाशन, रेडियो, फिल्म एवं टेलीविजन प्रशासन से आया।",8.72,Bad,18,14,4
1451,a preliminary investigation showed that yangcheng evening news groups new express had published several untrue reports about listed company zoomlion in the period of september 2012 to august 2013.,"एक नयी खोज ने दिखाया कि येंगचक शाम की खबरों ने नए - नए व्यक्‍ति व्यक्‍त किए हैं, जो कि सन्‌ 2013 की शुरूआत में कंपनी के जूमन के बारे में कई झूठी खबरें प्रकाशित की थीं ।",एक प्राथमिक जांच ने दिखाया कि यांगचेंग ईवनिंग न्यूज ग्रुप के न्यू एक्सप्रेस ने सितम्बर से अगस्त से बीच की अवधि में लिस्टेड कम्पनी जूमलॉयन के बारे में बहुत सी झूठी खबरें छापी थीं।,29.36,Medium,38,34,4
1452,"new expresss editorial management was disordered, the regulator said in a statement.","नए अभिव्यक्‍त लेख प्रबंधन को गड़बड़ी कर दिया गया, फिर से नियामक ने एक कथन में कहा ।",विनियामक ने एक बयान में कहा कि न्यू एक्सप्रेस का संपादकीय प्रबन्धन अव्यवस्थित था।,29.96,Medium,18,14,4
1453,it said it had decided to impose an administrative penalty on chen yongzhou by revoking his reporters license.,उन्होंने कहा कि अपने पत्रकारों लाइसेंस की घोषणा करने के द्वारा प्रशासनिक दंड देने का निर्णय किया था।,इसने कहा कि इसने चेन योंगजौ के रिपोर्टर के लाइसेंस को रद्द करने के द्वारा एक प्रशासनिक दण्ड लगाने का निर्णय लिया था।,46.53,Medium,18,23,5
1454,"it had also instructed yangcheng evening news group to undertake a complete rectification of new express, and recommended they investigate the relevant responsible persons at new express and immediately revise new expresss leadership team.",उन्होंने सिफ़ारिश की कि नए व्यक्‍ति नए व्यक्‍ति के तार्किक व्यक्‍ति की जाँच करें और तुरंत नयी समिति को व्यक्‍त करें ।,"इसने यांगचेंग ईवनिंग न्यूज ग्रुप को न्यू एक्सप्रेस का एक पूर्ण सुधार करने का निर्देश दिया था, न्यू एक्सप्रेस में इसके लिए जिम्मेदार लोगों की जांच करने तथा न्यू एक्सप्रेस के नेतृत्व दल को तत्काल संशोधित करने की संस्तुति की थी।",12.59,Bad,22,41,19
1455,mr chen wrote several articles for the new express alleging financial irregularities at a constructionequipment company called zoomlion.,एम. ने कई लेख लिखे जो दिखाते हैं कि इन्हें बनाने के लिए आर्थिक बातों को नज़रअंदाज़ करना मुश्‍किल हो रहा है ।,मि. चेन ने जूमलॉयन नामक एक कंस्ट्रक्शनउपकरण कम्पनी में वित्तीय अनियमितताओं का दोष लगाने वाले बहुत से लेख न्यू एक्सप्रेस में लिखे थे।,13.51,Bad,23,23,0
1456,"after he was detained, his newspaper published two frontpage appeals for his release, saying it backed his journalism.","जब उसे हिरासत में रखा गया, तो उसके अखबार ने अपनी रिहाई के लिए दो सामनेवाले को आकर्षित किया, और कहा कि वह अपनी पत्रिकावाद को वापस ले गया ।","उन्हें निरूद्ध किये जाने के पश्चात उनके अखबार ने उनकी रिहाई के लिए दो मुखपृष्ठ अपील प्रकाशित की, तथा कहा कि वह मि. चेन की पत्रकारिता का समर्थन करता है।",30.3,Medium,30,30,0
1457,but mr chen then appeared on state television admitting he had published false stories for money.,वी. पर एक लेख आया था जिसमें उसने पैसे के लिए झूठी कहानियाँ प्रकाशित की थीं ।,"लेकिन उसके पश्चात मि. चेन ने राज्य टेलीविजन पर आकर, पैसे के लिए झूठी कहानियां लिखना व प्रकाशित करना स्वीकार किया।",34.92,Medium,17,21,4
1458,"in this case ive caused damages to zoomlion and also the whole news media industry and its ability to earn the publics trust, he told state broadcaster cctv.",इस मामले में किए गए नुकसान और पूरे समाचार माध्यम उद्योग और जनता पर भरोसा रखने की अपनी क्षमता को भी उन्होंने घोषित किया ।,उन्होंने राज्य प्रसारक सी.सी.टी.वी. से कहा कि इस मामले में मैने जूमलॉयन को तथा साथ ही पूरे समाचार मीउिया उद्योग को तथा लोगों का विश्वास जीतने की इसकी क्षमता को क्षति पहुंचाई है।,30.58,Medium,25,33,8
1459,i did this mainly because i hankered after money and fame.,मैं यह विशेष रूप से किया था क्योंकि मैं पैसे और प्रतिष्ठा के बाद कर दिया.,मैने ऐसा मुख्यतः इसलिए किया क्योंकि मुझे पैसे और प्रसिद्धि का लालच था।,31.65,Medium,16,13,3
1460,ive realised my wrongdoing.,मेरे अपराध को महसूस किया.,मुझे अपनी गलतियों का अहसास हो गया है।,11.38,Bad,5,8,3
1461,"following mr chens apology, new express issued a frontpage apology, saying it had failed to properly check his reports.","एक बार फिर, एक बार फिर, एक बार फिर माफी माँगने के बाद, एक बार फिर एक बार फिर माफी माँगी ।","मि. चेन की क्षमायाचन के पश्चात न्यू एक्सप्रेस ने एक मुखपृष्ठ क्षमायाचना जारी किया, जिसमें कहा कि यह उनकी रिपोर्ट की उचित जांच करने में विफल हो गया था।",7.35,Bad,22,29,7
1462,several highprofile suspects have made televised confessions recently.,बहुत से उच्चतम फ़ाइल संदेहों ने हाल ही में खुले पाप को रद्द कर दिया है ।,हाल फिलहाल में बहुत से हाईप्रोफाइल संदिग्ध व्यक्तियों ने टी.वी. प्रसारित दोषस्वीकृति की है।,21.83,Medium,17,14,3
1463,"experts say confessions are still routinely coerced, despite a change in the law earlier this year banning the authorities from forcing anyone to incriminate themselves.","इस साल पहले कानून में हुए बदलाव के बावजूद, विशेषज्ञों का कहना है कि पाप - स्वीकृति अब भी रक्‍तदोषी है, फिर भी अधिकारियों ने अधिकारियों को अपने आप को मजबूर करने से रोका है ।","विशेषज्ञों का कहना है कि समयसमय पर बलपूर्वक दोषस्वीकृति करवाया जाता है, बावजूद इसके कि इस वर्ष के उत्तरार्ध में एक कानून ने अधिकारियों को किसी व्यक्ति को स्वयं को दोषी ठहराने के लिए बाध्य करने से प्रतिबंधित किया था।",35.33,Medium,36,40,4
1464,"the national president of the antiterrorism front, maninder singh bitta, will read shree hanuman chalisa along with 10,000 other readers on november 23rd, at an event organised by the shri hindu nyaypeeth at dana mandi near the jalandhar bypass.","इसके अलावा, वहाँ के लोगों के साथ कुल मिलाकर 10,000 और लोगों के साथ चमममबर 23 बजे, शंटीआ ने एक ऐसी घटना देखी, जिसे आम तौर पर आम तौर पर आम जनता के लिए इस्तेमाल किया जा सकता है ।",श्री हिंदू न्याय पीठ की ओर से नवंबर को जालंधर बाइपास के समीप दाना मंडी में आयोजित होने वाले श्री हनुमान चालीसा के पाठ में आतंकवाद विरोधी फ्रंट के राष्ट्रीय अध्यक्ष मनिन्द्रजीत सिंह बिट्टा हजार बच्चों के साथ श्री हनुमान चालीसा का पाठ करेंगे।,13.75,Bad,40,44,4
1465,"this information was provided by bitta after the chief spokesman of shri hindu nyaypeeth pravin dang and ashwini katyal, bhupinder banga, surji jain, bunty bajaj, raman khosla,bantu and aman sharma, had come to invite him to the hanuman chalisa paath.",इस जानकारी को शयानाना के मुख्य प्रवक्‍ता ने शोशीना ने दी थी ।,"यह जानकारी बिट्टा ने श्री हिंदू न्याय पीठ के मुख्य प्रवक्ता प्रवीण डंग व अश्वनी कत्याल, भूपिन्द्र बंगा, सुरजीत जैन, बंटी बजाज, रमन खोसला, बंटू और अनिल शर्मा की तरफ से उन्हें हनुमान चालीसा के पाठ का निमंत्रण देने के बाद उपस्थित जनसमूह को दी।",13.54,Bad,13,45,32
1466,he appreciated the efforts of the shri hindu nyaypeeth to make children aware of sanatan culture.,"वह इस बात की कदर करता था कि बच्चों को शिक्षा की संस्कृति के बारे में पता लगाने के लिए वह शोरूआ नाया ने जो मेहनत की, उसकी वह कदर करता था ।",उन्होंने श्री हिंदू न्याय पीठ द्वारा बच्चों को सनातन संस्कृति से जोड़ने के प्रयास की प्रशंसा की।,26.46,Medium,33,17,16
1467,he said it is also important to give children religious instruction along with worldly education for the unity and integrity of the country.,उसने कहा कि बच्चों को धार्मिक शिक्षा देना और देश की एकता और खराई के लिए सांसारिक शिक्षा देना भी महत्त्वपूर्ण है ।,उन्होंने कहा कि देश की एकता व अखंडता के लिए बच्चों को सांसारिक शिक्षा सहित धार्मिक शिक्षा देना भी जरूरी है।,58.69,Good,23,21,2
1468,usmexico drug tunnel with its own railway found,अपने रेलवे के साथ मेक्सिको दवा सुरंग मिली,यू.एस.मेक्सिको ड्रग सुरंग में स्वयं की रेलवे पायी गई,31.38,Medium,8,9,1
1469,"one of the most sophisticated drug smuggling tunnels between the usa and mexico has been found, complete with its own lighting, ventilation and electric rail systems.","हमारी और मेक्सिको के बीच की सबसे जटिल दवा थी, जो कि अपनी रोशनी, बिजली और बिजली - व्यवस्था के साथ पूरी तरह से मिल गयी है ।","यू.एस.ए. एवं मेक्सिको के बीच सबसे जटिल ड्रग तस्करी सुरंगों में से एक पायी गई है, जिसमें इसका स्वयं की लाइटिंग, वेंटीलेशन एवं इलेक्ट्रिक रेल सिस्टम है।",22.44,Medium,28,27,1
1470,us authorities described the four foot by three foot tunnel as one of the most sophisticated secret passages they have ever discovered.,हम अधिकारियों ने तीन फुटवाली सुरंग के बारे में बताया ।,यू.एस. अधिकरियों ने चार फीट गुणे तीन फीट की सुरंग को अब तक खोज किये गये सबसे जटिल गुप्त मार्गों में से एक के रूप में वर्णित किया है।,19.49,Bad,11,29,18
1471,"the tunnel, which zigzags the length of nearly six football pitches, links warehouses near tijuana, mexico and san diego, usa.","सुरंग, जो कि zagaggs लगभग छह फुटबॉल ssss की लंबाई, टाइटनना के पास गोदाम लिंक करता है, Mxicio और logo, हमा.","सुरंग लगभग छह फुटबॉल पिच की टेढ़ीमेढ़ी लम्बाई के बराबर है, जो कि टिजुआना, मेक्सिको के समीप गोदाम तथा सैन डिगो, यू.एस.ए. को जोड़ती है।",23.14,Medium,21,25,4
1472,"the area is filled with nondescript warehouses, making it easier to conceal trucks being loaded with drugs.","इस इलाके को गैर - कानूनी गोदामों से भरा हुआ है, जिससे ट्रकों को ड्रग्स से भर देना आसान हो जाता है ।","यह क्षेत्र एक जैसे गोदामों से भरा हुआ है, जो ड्रग भरे जा रहे ट्रक को छिपाना आसान बनाता है।",46.17,Medium,23,20,3
1473,"the tunnel was shut down before any drugs made it through undetected, authorities said.","इस सुरंग को किसी भी दवा से पहले बंद कर दिया गया था, अधिकारियों ने कहा ।",अधिकारियों ने कहा कि सुरंग से किसी ड्रग के गुजरने से पहले से इसे बंद कर दिया गया था।,54.53,Good,17,19,2
1474,"authorities seized eightandahalf tons of marijuana and 327 pounds of cocaine in connection with the tunnels discovery, according to court records.","अदालत के रिकॉर्ड के मुताबिक, अधिकारियों ने आठ टन गाँजा और कोकीन के 327 किलो वज़न और कोकीन कोकीन को गिरफ्तार कर लिया ।","न्यायालय के अभिलेखों के अनुसार, अधिकारियों ने साढ़े आठ टन मारिजुआना तथा पाउण्ड कोकीन को, सुरंग की खोज के सम्बन्ध में जब्त किया है।",26.54,Medium,24,24,0
1475,three men who authorities say worked as drivers were charged with possession of marijuana and cocaine with intent to distribute.,तीन अधिकारी कहते हैं कि चरस और कोकीन के अधिकार के अनुसार काम करते थे ।,"तीन व्यक्ति, जिनके बारे में अधिकारियों ने बताया कि वे चालक के रूप में कार्य कर रहे थे, पर वितरित करने के उद्देश्य से मारिजुआना तथा कोकीन रखे जाने का आरोप लगाया गया।",12.96,Bad,16,33,17
1476,they face prison sentences between 10 years and life imprisonment if convicted.,"उन्हें 10 साल और जीवन की सजा का सामना करना पड़ता है, अगर वे दोषी ठहराए गए हों ।",दोषसिद्ध होने पर उन्हें वर्ष कारावास से लेकर आजीवन कारावास तक की सजा हो सकती है।,23.73,Medium,19,16,3
1477,"in nogales, arizona, smugglers tap into vast underground drainage canals.",इन्हें पानी के अंदर ले जाया जाता है ।,"नोगलेस, एरिजोना में तस्कर, विशाल भूमिगत जल निकासी नहरों का लाभ उठाते हैं।",8.57,Bad,9,13,4
1478,the tunnel is the eighth major passage discovered in san diego since 2006.,सन्‌ 2006 से इस सुरंग की लंबाई आठ बड़े अक्षरों में पाई जाती है ।,"यह सुरंग, वर्ष से अब तक सैन डिगो में खोजा गया आठवां प्रमुख मार्ग है।",17.44,Bad,15,15,0
1479,"some of the largest tunnels have been discovered after central mexicos marijuana harvest in october, which presents drug cartels with a challenge of how to quickly get their product to consumers.","कुछ सबसे बड़ी सुरंगों को अक्‍तूबर १,००,००० से अधिक चरस की कटनी के बाद पाया गया है, जो नशीले पदार्थों के ज़रिए अपने उत्पादों को जल्दी - जल्दी उपभोक्ताओं के लिए कैसे प्राप्त करने की चुनौती देती है ।","अक्टूबर में केन्द्रीय मैक्सिको की मारिजुआना फसल के पश्चात कुछ सबसे बड़ी सुरंगों की खोज की गई है, जो कि ड्रग माफिया समूहों के सक्षम यह चुनौती प्रस्तुत करती है कि वे उत्पाद को उपभोक्ताओं तक तेजी से कैसे पहुचाएं।",34.42,Medium,39,40,1
1480,"in 2010, authorities found a roughly 700yard passage equipped with rail tracks that extended from the kitchen of a tijuana home to two san diego warehouses.",सन्‌ 2010 में अधिकारियों ने रेली के इन रास्तों से करीब 700 किलोमीटर का सफर तय किया ।,"वर्ष में अधिकारियों ने रेल ट्रैक से सुसज्जित लगभग गज का मार्ग पाया, जो टिजुआना के एक घर के रसाईघर से सैन डिगो गोदामों तक फैला हुआ था।",23.31,Medium,18,28,10
1481,congress candidate sarhul ram bhagat filed his nomination for the assembly constituency.,सम्मेलन की पहचान के लिए घोषणा - पत्र के अध्यक्ष तिहाएल ने अपनी सेवा जारी रखी ।,वहीं विधानसभा क्षेत्र के लिए कांग्रेस के प्रत्याशी सरहुल राम भगत ने नामांकन भरा।,18.62,Bad,17,14,3
1482,"besides the bjp and the congress, the national peoples party and two independent candidates, a total of 7 candidates filed nominations on thursday.","बजेप और सम्मेलन के अलावा, राष्ट्रीय लोग पार्टी और दो स्वतंत्र उम्मीदवारों, कुल सात उम्मीदवारों में से कुल मिलाकर 7 उम्मीदवारों कोंरे दिन में कुछ नहीं किया गया.",भाजपा व कांग्रेस के अलावा नेशनल पीपुल्स पार्टी के एक एवं दो निर्दलीय प्रत्याशियों सहित कुल प्रत्याशियों ने गुरुवार को नामांकन दाखिल किया।,21.4,Medium,28,23,5
1483,"bjp candidate rajsharan bhagat, along with his sponsor, deposited his nomination papers with the returning officer for the assembly constituency 12jashpur on thursday, which was day 7 after the start of filing of nomination papers for the second phase of the elections to be held on november 19th.",". Wupphuganant, और उसके समर्थकों के साथ, वापस अधिकारी के साथ उसका कोई सिफ़ारिशिंग पत्र शामिल करते हुए, सम्मेलन में 12 बजे के दिन के लिए scratrecentor के लिए डाल दिया गया, जो सात दिन के बाद था चुनावों के दूसरे चरणों के प्रारंभ के बाद नहीं पर आयोजित किया गया था।",निर्वाचन आयोग के अधिसूचना जारी होने के बाद दूसरे चरण में नवंबर को होने वाले मतदान के लिए अक्टूबर से शुरू हुए नामांकन दाखिल करने के सातवें दिन गुरुवार को विधानसभा निर्वाचन क्षेत्र जशपुर के लिए भाजपा के प्रत्याशी राजशरण भगत ने रिटर्निंग आफिसर के पास अपने प्रस्थापक नरेश नंदे के साथ नाम निर्देशन पत्र जमा किया।,21.72,Medium,52,57,5
1484,"the indian national congress candidate ram bhagat sarhul, with his sponsor ajay kumar, filed his nomination with the returning officer.","इसके अलावा, कुछ देशों में लोगों का मानना है कि उन्हें अपने धर्म के बारे में बहुत कम जानकारी है ।",वहीं भारतीय राष्ट्रीय कांग्रेस के प्रत्याशी सरहुल राम भगत ने अपने प्रस्थापक अजय कुमार के साथ रिटर्निंग आफिसर के समक्ष नामांकन दाखिल किया।,13.11,Bad,21,23,2
1485,"the bjp candidate, kunkuri rohit kumar, filed his nominations along with his sponsor mohanram and the kunkuri constituency independent candidate, dr. phoolchand kujur, filed his nominations for the assembly constituency sector 13 along with his 10 sponsors mrs. alpino khalko, suben kerketta, sukhdeo sai naag, hemant kujur, shaniram bhagat, walter kujur, vikas kumar jindal, mr. gupta, murari lal and mrs. sushila kujur.","sjppap उम्मीदवार, Kukakabaky sukamer, और Kukakamer के साथ उसके संरक्षक, डी. ukamamamad Tikamad Tikika, के साथ उसके पद के लिए कोई प्रतिनिधित्व नहीं किया।","विधानसभा निर्वाचन क्षेत्र कुनकुरी के लिए भाजपा के प्रत्याशी रोहित कुमार साय ने अपने प्रस्थापक मोहनराम एवं कुनकुरी विधानसभा के लिए ही निर्दलीय प्रत्याशी डॉ. फूलचंद कुजूर ने अपने दस प्रस्थापकों श्रीमती अपोलीना खलखो, रूबेन केरकेट्टा, सुखदेव साय नाग, हेमंत कुजूर, शनिराम भगत, वाल्टर कुजूर, विकास कुमार जिंदल, श्री गुप्ता, मुराली लाल अग्रवाल एवं श्रीमती सुशीला कुजूर के साथ नाम निर्देशन पत्र दाखिल किया।",7.28,Bad,24,64,40
1486,"the bjp candidate, shibshankar pankaira, filed his first nomination for the assembly constituency sector 14 pathalgaon with his sponsor tulsiram kaushik and his second nomination with his sponsor rajendra agarwal.","sjpphphgargacrara, ने सम्मेलन के लिए अपनी पहली नीकांशाई क्षेत्र 14 पथाकक के साथ और उसके सहवास के साथ उसकी दूसरी विशेषता को भी शामिल किया।",विधानसभा क्षेत्र पत्थलगांव के लिए भाजपा के प्रत्याशी शिवशंकर पैंकरा ने अपने प्रस्थापक तुलसी राम कौशिक के साथ पहला नामांकन एवं प्रस्थापक राजेंद्र अग्रवाल के साथ दूसरा नामांकन पत्र जमा किया।,19.04,Bad,25,31,6
1487,councillors accused dukpa of turning up at the function without an invitation.,परिषद्‌ ने बिना निमंत्रण के समारोह में परिवर्तन करने का आरोप लगाया ।,पार्षदों ने डुक्पा को बिना आमंत्रण के समारोह में आने का आरोप लगाया।,56.2,Good,13,13,0
1488,dupka said that he had been invited by the food controller.,क्वीका ने कहा कि उसे भोजन नियंत्रक ने आमंत्रित किया था ।,जबकि डुक्पा ने कहा कि उन्हें फूड कंट्रोलर ने आमंत्रित किया है।,42.88,Medium,12,12,0
1489,upset by this dispute the gta members left the function.,इस बहस से फ़्लाइ के सदस्यों ने इस कार्य को छोड़ दिया ।,विवाद से क्षुब्ध जीटीए सदस्य समारोह से चले गए।,16.16,Bad,13,9,4
1490,eight families were given food grain.,आठ परिवारों को भोजन के लिए अनाज दिया गया ।,आठ परिवारों को खाद्यान्न दिए गए।,44.43,Medium,10,6,4
1491,"the town president, amar singh rai, vice president suk bahadur bk and other town councillors were present at the event.","उस शहर के राष्ट्रपति, शामार पाप करते थे ।","इस अवसर पर नगर अध्यक्ष अमर सिंह राई, उपाध्यक्ष सुक बहादुर बीके व अन्य नगर पार्षद उपस्थित थे।",9.81,Bad,9,18,9
1492,british police serve assange with extradition notice,पुलिस परियोजनाओं को नज़रअंदाज़ करने के साथ मिलकर काम करती है,ब्रिटिश पुलिस ने असांजे को प्रत्यर्पण नोटिस भेजी,16.99,Bad,11,8,3
1493,"btitish police served an extradition notice today on wikileaks founder julian assange, who has taken refuge in ecuadors embassy in london and requested asylum.",पुलिस ने आज एक अतिरिक्‍त सूचना का प्रबन्ध किया है ।,"ब्रिटिश पुलिस ने विकीलीक्स के संस्थापक जूलियन असांजे को आज एक प्रत्यर्पण नोटिस भेजी, जिसने कि लंदन में ईक्वेडोर के दूतावास में शरण ले रखी है तथा आश्रय के लिए निवेदन किया है।",12.67,Bad,11,33,22
1494,"scotland yard said they had served a surrender notice on the 40yearold australian requiring him to appear at a police station, adding that failure to do so would make him further liable to arrest.",उन्होंने कहा कि वे 40 साल के एक पादरी से मिलने की माँग कर रहे थे ।,"स्कॉटलैण्ड यार्ड ने कहा कि उन्होंने वर्षीय ऑस्ट्रेलियाई असांजे को एक आत्समर्पण नोटिस भेजी है, जिसके लिए उन्हें पुलिस स्टेशन में उपस्थित होना पड़ेगा, साथ ही यह भी कहा कि ऐसा करने में विफल होने पर वह गिरफ्तार होने के लिए स्वयं ही जिम्मेदार होंगे।",10.07,Bad,17,45,28
1495,"assange faces extradition to sweden over sex crime allegations, having exhausted his options under british law when the supreme court overturned his appeal against extradition earlier this month.",इस महीने पहले सर्वोच्च न्यायालय ने अतिरिक्‍तता के विरुद्ध अपनी अपील हटा दी ।,"असांजे यौन अपराध आरोपों के चलते स्वीडेन में प्रत्यर्पण का सामना कर रहे हैं, साथ ही वह ब्रिटिश कानून के अन्तर्गत उनके विकल्प उस समय समाप्त हो गये जबकि सर्वोच्च न्यायालय ने इस महीने की शुरूआत में प्रत्यर्पण के विरूद्ध उनकी अपील को ठुकरा दिया था।",18.41,Bad,14,46,32
1496,"fearing stockholm would pass him on to the us, he sought refuge at ecuadors embassy in london on june 19, asking the south american country for political asylum.",वह 19 साल का था और वह दक्षिण - पश्‍चिमी राज्य के दक्षिण - पश्‍चिमी इलाके में रहता था ।,"स्टॉकहोम उन्हें यू.एस. के हवाले कर देगा, इस डर से उन्होंने राजनीतिक आश्रय के लिए दक्षिण अमेरिकी देश से कहते हुए, जून को लंदन में ईक्वेडोर के दूतावास में शरण का निवेदन किया था।",12.28,Bad,20,34,14
1497,"scotland yard has served a surrender notice upon a 40yearold man that requires him to attend a police station at date and time of our choosing, a spokesman said.",एक वक्‍त ऐसा आया जब वहाँ के एक निवासी ने कहा कि वह 40 साल के एक आदमी को पुलिस स्टेशन में आने के लिए कहता है ।,"एक प्रवक्ता ने कहा कि स्कॉटलैण्ड यार्ड ने वर्षीय असांजे को एक आत्मसमर्पण नोटिस भेजी है, जिसके लिए उन्हें हमारे द्वारा चुनी गई तिथि एवं समय पर पुलिस स्टेशन में उपस्थित होने की आवश्यकता थी।",21.23,Medium,28,35,7
1498,he remains in breach of his bail conditions.,वह अपने जमानत परिस्थितियों के उल्लंघन में रहता है.,वह अपनी जमानत की शर्तों के उल्लंघन में हैं।,50.79,Good,9,9,0
1499,the embassy declined to comment on the serving of the police notice.,उन्होंने पुलिस की सेवा पर जवाब देने से इनकार कर दिया ।,दूतावास ने पुलिस नोटिस दिये जाने के बारे में टिप्पणी करने से इंकार कर दिया।,31.67,Medium,12,15,3
1500,"assange fears he will be extradited from sweden to the united states to face possible espionage charges, after releasing more than 250,000 us diplomatic cables on the wikileaks antisecrecy website.","जैसा कि Wargargant डर है कि वह संयुक्त राष्ट्र के माध्यम से एक करने वाले आरोपों का सामना करने के लिए अतिरिक्त रूप से प्रभावित होगा, के रूप में 250,000 से अधिक हमारे 50,000 से अधिक प्राकृतिक केबलों को जारी करने के बाद।","असांजे को डर है कि विकीलीक्स नामक गोपनीयताविरोधी वेबसाइट पर , से अधिक यू.एस. राजनायिक केबल्स को जारी करने के कारण, संभावित जासूसी आरोपों का सामना करने के लिए स्वीडेन से यूनाइटेड स्टेट्स प्रत्यर्पित कर दिया जायेगा।",33.24,Medium,43,37,6
1501,"driver speeding at 130mph with hot drink between legs fined 1,000","130 मीम्फ पर ड्राइवर की रफ्तार 1,000 मीटर की दूरी पर है","पैरों के बीच हॉट ड्रिंक के साथ मील प्रति घंटे की गति से कार चलाने वाले को पाउन्ड , का जुर्माना",7.87,Bad,12,21,9
1502,"a motorist has been fined 1,000 for driving at up to 130mph 210kmh with a hot drink balanced between his legs.","एक मोटर - चालक अपनी टाँगों के बीच गरम पेय के साथ $१० किलोमीटर तक गाड़ी चलाने के लिए १,००० अच्छी तरह से किया गया है ।","कारचालक पर, पैरों के बीच हॉट ड्रिंक रखकर मील प्रति घंटे किमीप्रति घंटे की गति से कार चलाने के लिए , पाउंड , का जुर्माना किया गया है।",28.37,Medium,27,28,1
1503,"andrew howie, 35, of tiptree, essex, was spotted driving his mercedes benz on the a120 at braintree on 27 may.","सन्‌ 2720 में मस्तिष्क के एक ऊपरी वृक्ष पर, यानी 35 साल की उम्र में उसकी पीठ पर लगी एक नज़र डाली गयी ।","टिपट्री, एसेक्स के वर्षीय एन्ड्रू हॉवी को मई को ब्रेनट्री में पर अपनी मर्सिडीज बेन्ज चलाते हुए देखा गया था।",12.99,Bad,24,20,4
1504,when police stopped him they discovered the takeaway drink between his legs.,जब पुलिस ने उसे रोक दिया तो वे उसकी टाँगों के बीच से बह निकले पानी का पता लगा सके ।,जब पुलिस ने उन्हें रोका तो उनके पैरों के टेकअवे ड्रिंक पाया।,30.71,Medium,21,12,9
1505,at colchester magistrates court howie admitted a charge of driving without due care and attention.,कोरी ने बिना ध्यान और ध्यान के गाड़ी चलाने का एक आरोप स्वीकार किया ।,कॉलचेस्टर मजिस्ट्रेट न्यायालय में हॉवी ने लापरवाही से कार चलाने के अभियोग को स्वीकार किया है।,25.56,Medium,15,16,1
1506,seven points added to his licence resulted in him receiving a sixmonth driving ban.,सात मुद्दों ने उसके लाइसेंस को आगे बढ़ाया और उसके छः महीने तक गाड़ी चलाने पर पाबंदी लगा दी ।,"उनके लाइसेंस में सात बिंदु जोड़े गए, जिसके परिणामस्वरूप उन पर छह महीने तक कार चलाने का प्रतिबंध लगा दिया गया है।",27.29,Medium,20,22,2
1507,howie was also ordered to pay costs of 90 and a victim surcharge of 100.,उस वक्‍त वह 90 की कीमत चुकाती थी और 100 साल की एक शिकार थी ।,हॉवी को पाउंड का शुल्क तथा पाउंड का पीडि़त अधिभार देने का आदेश भी दिया गया।,8.21,Bad,16,16,0
1508,tax on foreign property owners to burst londons bubble,विदेशी संपत्ति वाले को करों पर कर,"विदेशी सम्पत्ति स्वामियों पर कर, लंदन की कृत्रिम स्थिति का अंत करेगा",24.59,Medium,7,12,5
1509,"the treasury have provisionally costed out the cgt measure but are awaiting a final decision from mr osborne, who, in the 2012 budget, introduced a 7 rate of stamp duty for homes costing more than 2m and annual charges for buyers who choose to hold homes in a company rather than as individuals.","उसी तरह, सन्‌ 2012 में, एक साल के अंदर, एक आदमी ने 2 बजे से भी ज़्यादा घरों में रहने का फैसला किया ।","वित्त विभाग ने प्रावधानिक रूप से सी.जी.टी. उपायों की गणना कर ली है, परन्तु मि. ओसबॉर्न से अंतिम निर्णय की प्रतीक्षा कर रहा है, जिन्होंने वर्ष के बजट में मिलियन पाउण्ड से अधिक कीमत वाले मकानों, तथा ऐसे व्यक्ति जो एक पृथक व्यक्ति के बजाय एक कम्पनी में घर रखने को प्राथमिकता देते हैं, के लिए प्रतिशत की दर से स्टैम्प ड्यूटी पेश किया था।",7.68,Bad,24,65,41
1510,"already the stamp duty take for residential property in the boroughs of westminster and kensington chelsea, which stood at 708 million in the 201213 tax year, exceeds the combined total for northern ireland, wales, scotland, the north east, north west and yorkshire and the humber put together.","सन्‌ 2012 के 138 लाख करों में, उत्तर की तरफ उत्तर और पश्‍चिम के उत्तर, पश्‍चिम, पश्‍चिम, पश्‍चिम, पश्‍चिम और न्यू यॉर्क में कुल मिलाकर 70 लाख से भी ज़्यादा लोग जमा हुए थे ।","कर वर्ष में वेस्टमिन्स्टर तथा केन्सिंग्टन एवं चेलेसा की नगरों में आवासीय सम्पत्तियों से प्राप्त होने वाली स्टैम्प ड्यूटी मिलियन पाउण्ड रही, जो कि पहले ही उत्तरी आयरलैण्ड, वेल्स, स्कॉटलैण्ड, तथा नॉर्थै ईस्ट, नॉर्थ वेस्ट एवं यॉर्कशायर तथा हम्बर के संयुक्त योग से अधिक ही है।",12.95,Bad,35,46,11
1511,"mr cook said following increases in stamp duty of high value homes and the introduction of associated antiavoidance legislation, it is very difficult to argue that high value property is undertaxed irrespective of the effect of the outdated council tax system.",इस बात पर बहस करना बहुत मुश्‍किल है कि बड़ी क़ीमती परिषद्‌ तंत्र के प्रभाव के बारे में बहुत ज़्यादा मूल्य नहीं है ।,"श्री कुक ने बतायाः उच्च मूल्य वाले घरों की स्टैम्प ड्यूटी में वृद्धि तथा एसोसियेटेड एन्टीएवॉयडेन्स विधान पेश किये जाने के पश्चात, यह बहस करना बहुत ही कठिन है कि उच्च मूल्य वाली प्रॉपर्टी पर उचित से कम टैक्स है, जिसका कि पुराने हो चुके परिषद कर प्रणाली के प्रभाव से कोई सम्बन्ध नहीं है।",17.43,Bad,24,55,31
1512,"but this move could make some foreign investors reticent to buy property in london or current owners reluctant to sell, he added.","लेकिन यह कदम कुछ विदेशी चालकों को वा वर्तमान मालिकों को बेचने से इनकार कर सकता था, उसने आगे कहा ।",उन्होंने जोड़ा कि लेकिन यह कदम कुछ विदेशी निवेशकों को लंदन में सम्पत्ति खरीदने में मौन धारण किया हुआ तथा वर्तमान स्वामियों को बेचने के लिए अनिच्छुक बना सकता है,32.74,Medium,21,30,9
1513,"prime property the top 5 to 10 of the housing market by price in the affluent southwest london belt, which stretches from fulham to wimbledon, has increased by a record 11.8 over the past year.",दक्षिण - पश्‍चिमी इलाके के अमीर लोगों की कीमत से 5 से 10 घरों के बाज़ार की ज़मीन - जायदाद बढ़ गयी है ।,"प्राइम प्रॉपर्टी, धनाढ्य दक्षिणीपश्चिम लंदन में मूल्य के अनुसार आवास बाजार का शीर्ष से प्रतिशत हिस्सा, जो कि फुलहम से विम्बलडन तक फैला हुआ है, में पिछले वर्ष रिकॉर्ड . प्रतिशत की वृद्धि हुई है।",11.83,Bad,24,35,11
1514,"prices in central london continued to show steady yearonyear growth of 5.6 but were overshadowed by a burgeoning domestic market with the citys south west, north 7.4 and east 6.5 all experiencing an uptick, according to research from savills.","मध्य युग के दौरान 56 साल की बढ़ती हुई बढ़ोतरी के बारे में पता लगाना जारी रखा गया लेकिन शहर के दक्षिण पश्‍चिम, उत्तर 7.4 और पूर्व में रहनेवाले एक घरेलू बाज़ार से भरा हुआ था ।","सैविल्स के शोध के अनुसार, केन्द्रीय लंदन के मूल्यों में प्रत्येक वर्ष . प्रतिशत की नियमित वृद्धि जारी थी, परन्तु बढ़ते हुए घरेलू बाजार की तुलना में थोड़ा कम प्रतीत हो रही थी, क्योंकि शहर के दक्षिण पश्चिम, उत्तर . प्रतिशत तथा पूर्व . प्रतिशत में उछाल देखी जा रही है।",23.31,Medium,37,51,14
1515,scientists have shed more light on how the movements of a dogs tail are linked to its mood.,वैज्ञानिकों ने इस बात पर ज़्यादा रोशनी डाली है कि कैसे कुत्ते की पूँछ उसके मूड से जुड़ी होती है ।,वैज्ञानिकों ने इस विषय पर और प्रकाश डाला है कि कुत्ते की पूंछ की हरकतों और उसके मूड में बीच क्या संबंध है।,40.64,Medium,21,23,2
1516,"earlier research had revealed that happy dogs wag their tails more to the right from the dogs point of view, while nervous dogs have a leftdominated swish.","पहले शोध ने प्रकट किया था कि ख़ुश कुत्ते अपनी पूँछ से ज़्यादा कुत्ते देखने के दृष्टिकोण से मारते हैं, जबकि कुत्तों के पास एक बायीं ओर के कुत्ते होते हैं ।","पिछले शोधों से पता चला है कि खुश कुत्ते अपनी दुम को दाईं ओर ज्यादा हिलाते हैं कुत्ते की दृष्टि से, जबकि बेचैन कुत्ते अपनी पूंछ को मुख्य रूप से बाईं ओर ज्यादा हिलाते हैं।",35.07,Medium,32,35,3
1517,but now scientists say that fellow canines can spot and respond to these subtle tail differences.,लेकिन अब वैज्ञानिक कहते हैं कि संगी व्यक्‍ति इन नाज़ुक पूंछ भिन्‍नताओं के प्रति प्रभावित हो सकते हैं और प्रतिक्रिया दिखा सकते हैं ।,लेकिन अब वैज्ञानिकों का कहना है कि साथी कुत्ते पूंछ के इस सूक्ष्म भेद को पहचान सकते हैं और उस पर अपनी प्रतिक्रिया व्यक्त कर सकते हैं।,43.63,Medium,24,27,3
1518,the study is published in the journal current biology.,अध्ययन को वर्तमान जीव - विज्ञान (अंग्रेज़ी) पत्रिका में प्रकाशित किया गया है ।,इस अध्ययन को जर्नल करन्ट बायलोजी में प्रकाशित किया गया है।,53.12,Good,14,11,3
1519,"prof georgio vallortigara, a neuroscientist from the university of trento, said it is very well known in humans that the left and right side of the brain are differently involved in stimuli that invokes positive or negative emotions.","इस बात को पुख्ता करते हुए कि मस्तिष्क का बाएँ हाथवाला और दाएँ तरफ होता है, इस बात में अलग - अलग तरीके से फर्क होता है कि सही या नकारात्मक भावनाएँ प्रार्थना करना ही बेहतर होता है ।",यूनिवर्सिटी ऑफ ट्रेन्टो से न्यूरोसाइंटिस्ट प्रोफेसर जॉर्जिया वेल्लरटिगरा ने बतायाः मनुष्यों में यह सभी अच्छी तरह जानते हैं कि मस्तिष्क के बाएं और दाएं भाग उस उत्तेजना में अलगअलग ढंग से शामिल होते हैं जो सकारात्मक या नकारात्मक भावनाओं को उत्पन्न करती है।,24.54,Medium,39,43,4
1520,here we attempted to look at it in other species.,यहाँ हम दूसरी जातियों में इसे देखने की कोशिश की.,यहाँ हमने इसे अन्य प्रजातियों में भी देखने का प्रयास किया है।,35.49,Medium,10,12,2
1521,"he added that just as in humans, for dogs the right side of the brain was responsible for lefthanded movement and vice versa, and the two hemispheres played different roles in emotions.","उसने आगे कहा कि जैसे मनुष्यों में भी है, मस्तिष्क की दाहिनी ओर कुत्तों को बाएँ हाथ की चाल के लिए ज़िम्मेदार था और इसके विपरीत, और दोनों दरियाईएँ भावनाओं में भिन्‍न भूमिका अदा करती थीं ।","उन्होंने बताया कि मनुष्यों की तरह कुत्तों में भी मस्तिष्क का दायाँ भाग बाएँ हाथ की हरकतों और विपरीत क्रम के लिए जिम्मेदार था, और दो गोलार्द्धों ने भावनाओं में अलगअलग भूमिकाएं निभाई।",44.24,Medium,37,33,4
1522,"to find out more about how dogs react to the lopsided tail wags of other dogs, the researchers monitored the animals as they watched films of other dogs.","यह जानने के लिए कि अन्य कुत्तों की पीठ पर कुत्तों के प्रति कुत्ते कैसी प्रतिक्रिया दिखाते हैं, खोजकर्ताओं ने जानवरों को अन्य कुत्तों की फिल्में देखते हुए देखा ।","इस बारे में अधिक जानने के लिए कि कुत्ते अन्य कुत्तों द्वारा एकतरफा दुम हिलाने पर कैसे प्रतिक्रिया करते हैं, अनुसंधानकर्ताओं ने अन्य कुत्तों की फिल्में देखते जानवरों पर नज़र रखी।",53.38,Good,30,31,1
1523,they measured the pets heart rates and analysed their behaviour.,उन्होंने पालतू जानवर की दर मापी और अपने व्यवहार का निरीक्षण किया ।,उन्होंने पालतू कुत्तों के दिल की धड़कनों को मापा और उनके व्यवहार का विश्लेषण किया।,40.83,Medium,13,15,2
1524,"it will probably not be long before we understand why their tails sometimes go one way, sometimes the other","शायद हम यह समझ नहीं पाएँगे कि उनकी पूँछ कभी - कभी एक तरीके से क्यों जाती हैं, कभी - कभी दूसरा",हमें यह समझने में संभवतः अधिक समय नहीं लगेगा कि उनकी दुम कभी एक तरफ तो कभी दूसरी तरफ क्यों हिलती है।,32.4,Medium,22,22,0
1525,"prof vallortigara said we presented dogs with movies of dogs either a naturalistic version or a silhouette to get rid of any other confounding issues, and we could doctor the movement of the tail and present the tail more to the left or right.","Sorffgogigigio ने कहा कि हम कुत्तों की फिल्में या तो एक प्राकृतिकवादी संस्करण या एक अजीब बात है कि किसी अन्य अजीब मुद्दों से छुटकारा पाने के लिए कुत्तों को प्रस्तुत किया, और हम पूंछ की गति और अधिक बाईं ओर प्रस्तुत कर सकते हैं.","प्रो. वेल्लरटिगरा ने बतायाः हमने कुत्तों को कुत्तों की फिल्मों के साथ पेश किया यथार्थवादी संस्करण में या उलझन में डालने वाले अन्य मुद्दों से निपटने के लिए छायाचित्र में, और हम पूंछ की हरकत को देख सकते थे और पूंछ को अधिक बाएं या दाएं प्रस्तुत कर सकते थे।",39.27,Medium,45,50,5
1526,"when the animals saw an otherwise expressionless dog move its tail to the right from the tailwagging dogs point of view, they stayed perfectly relaxed.","जब जानवरों ने देखा कि एक अन्य अभिव्यक्‍तिहीन कुत्ता अपनी पूँछ को दाहिनी ओर कुत्तों की ओर ले जाता है, तो वे पूरी तरह आराम करने के लिए रुक जाते हैं ।",जब जानवरों ने किसी भावशून्य कुत्ते को अपनी पूंछ दाईं ओर कुत्ते की दृष्टि से हिलाते देखा तो वे पूरी तरह आराम से रहे।,44.17,Medium,32,24,8
1527,"but when they spotted a tail veer predominantly to the left again from the tailswishing dogs point of view, their heart rates picked up and they looked anxious.","लेकिन जब वे एक पूँछ को फिर से देख रहे थे, तो उनकी पूँछ से दूसरी तरफ, कुत्तों की नज़रों से निकल आए, उनके दिल की दरें उठ गयीं और वे चिंता करने लगे ।",लेकिन जब उन्होंने पूंछ को दिशा बदलकर मुख्य रूप से बाईं ओर पुनः कुत्ते की दृष्टि से घुमाते देखा तो उनकी दिल की धड़कन बढ़ गई और वे बेचैन दिखे।,23.9,Medium,35,30,5
1528,prof vallortigara said he didnt think that the dogs were intentionally communicating with each other through these movements.,उसने कहा कि कुत्ते अनजाने में एक दूसरे से भेद कर रहे हैं ।,प्रो. वेल्लरटिगरा के अनुसार उन्हें नहीं लगता कि कुत्ते इन हरकतों के माध्यम से जानबूझकर एक दूसरे से संवाद कर रहे थे।,25.44,Medium,14,22,8
1529,"instead, he believes that they dogs have learned from experience what moves they should and shouldnt feel worried about.","इसके बजाय, वह विश्‍वास करता है कि उन्होंने अनुभव से सीखा है कि उन्हें क्या करना चाहिए और क्या करना चाहिए ।","इसके बजाय, उन्हें लगता है कि कुत्तों ने यह अपने अनुभव से सीखा है कि उन्हें किस हरकत पर चिंतित होना चाहिए और किस पर नहीं।",49.1,Medium,22,26,4
1530,"he said if you have several meetings with other dogs, and frequently their tail wagging one way is associated with a more friendly behaviour, and the right side is producing a less friendly behaviour, you respond on the basis of that experience.","उन्होंने कहा कि यदि आपके पास अन्य कुत्तों के साथ अनेक सभाएँ हैं, और उनकी पूँछ को और अधिक दोस्ताना व्यवहार के साथ जोड़ा जाता है, और सही पक्ष एक कम दोस्ताना व्यवहार कर रहा है, तो आप उस अनुभव के आधार पर प्रतिक्रिया दिखाते हैं ।","उन्होंने कहाः यदि आप दूसरे कुत्तों से कई बार मिल चुके हैं, और यदि वे अपनी पूंछ को लगातार ही एक तरफ हिलाते हैं तो यह अधिक दोस्ताना व्यवहार से संबंधित है, और दायाँ भाग कम दोस्ताना व्यवहार प्रस्तुत करता है, आप उसी अनुभव के आधार पर प्रतिक्रिया करते हैं।",48.45,Medium,47,50,3
1531,"the researchers say the findings could give owners, vets and trainers a better insight into their animals emotions.","खोजकर्ताओं का कहना है कि खोज करनेवालों को मालिक दे सकती है, वे अपने जानवरों की भावनाओं को और अच्छी तरह समझ पाते हैं ।","अनुसंधानकर्ताओं का कहना है कि ये निष्कर्ष मालिकों, पशु चिकित्सकों और प्रशिक्षकों को पशुओं की भावनाओं के बारे बेहतर जानकारी प्रदान कर सकते हैं।",33.91,Medium,25,24,1
1532,"dog behaviour expert john bradshaw, a visiting fellow at the university of bristols school of veterinary science, said this was not the first study to examine whether left and right were important to canines.","कुत्ते के व्यवहार विशेषज्ञ, स्वास्थाव ने कहा कि यह पहले अध्ययन नहीं था कि क्या बाईं और दाहिने और दाहिने कपड़े महत्त्वपूर्ण थे या नहीं ।","यूनिवर्सिटी ऑफ ब्रिस्टल के स्कूल ऑफ वेटरनेरी साइंसेज़ के अतिथि फ़ेलो, कुत्तों के व्यवहार के विशेषज्ञ जॉन ब्रेडशॉ ने बताया कि इसकी जाँच करने के लिए यह पहला अध्ययन नहीं है कि कुत्तों के लिए बायाँ या दायाँ भाग महत्वपूर्ण है या नहीं।",27.83,Medium,26,43,17
1533,last year a team from the university of lincoln found that dogs turn their heads to the left when looking at an aggressive dog and to the right when looking at a happy dog.,पिछले साल लिंकी यूनिवर्सिटी से एक टीम ने पाया कि कुत्तों ने अपने सिर बाएँ मोड़ दिए जब एक शांत कुत्ता देखते हुए और ख़ुश कुत्ता को देखते समय उनके सिर की ओर मुड़ते हुए देखा ।,पिछले वर्ष यूनिवर्सिटी ऑफ लिंकन की टीम ने पाया कि जब कुत्ते किसी आक्रामक कुत्ते को देखते हैं तो अपना सिर बाईं ओर घुमाते हैं और खुश कुत्ते को देखने पर अपना सिर दाईं ओर घुमाते हैं।,36.78,Medium,37,37,0
1534,"and in another research paper from the university of victoria in canada, he said dogs were more likely to approach a robot dog when its tail was made to wag left rather than right, rather than becoming anxious the opposite way around to the italian study.","उसने कहा कि जब उसकी पूँछ सही दिशा में जा रही थी, तो वह सही - सही अध्ययन करने के बजाय एक रोबोट के पास जा रही थी ।","कनाडा में यूनिवर्सिटी ऑफ विक्टोरिया के अन्य शोध में, उन्होंने बतायाः इतालवी अध्ययन के विपरीत जब रोबोट कुत्ते की पूंछ दाएं की अपेक्षा बाईं ओर हिलाई गई, तो कुत्तों के बेचैन होने की बजाय उसके नजदीक पहुँचने की अधिक संभावना थी।",16.01,Bad,29,41,12
1535,he said the differences could be because the dogs in the different studies were not fully interpreting the animals in the films or robodogs as canines.,"उन्होंने कहा कि भिन्‍न अध्ययनों में कुत्तों को जानवरों को पूरी तरह से समझा नहीं जा रहा था, या जैसे कि कैफीन ।",उन्होंने कहा कि ये अंतर इसलिए था क्योंकि विभिन्न अध्ययनों में कुत्ते फिल्मों में पशुओं या रोबोट कुत्तों को पूरी तरह श्वान नहीं समझ रहे थे।,43.63,Medium,23,26,3
1536,"a study of how dogs responded to real dogs could help, he explained.",वह बताता है कि कुत्तों ने असल कुत्तों की मदद कैसे की ।,उन्होंने स्पष्ट किया कि इसमें कुत्तों द्वारा असली कुत्तों के प्रति प्रतिक्रिया करने के तरीके का अध्ययन मदद कर सकता है।,21.08,Medium,13,21,8
1537,"while there is considerable evidence from many different mammals that the two sides of the brain are used for different purposes, much of the detail still has to be hammered out and dogs are no exception, he said.","जबकि अनेक भिन्‍न जानवरों से काफ़ी सबूत हैं कि मस्तिष्क के दोनों पहलू विभिन्‍न उद्देश्‍यों के लिए प्रयोग किए जाते हैं, विवरणों का अधिकांश होना अब भी बाक़ी है और कुत्ते भी, उसने कहा ।","जबकि विभिन्न स्तनधारियों से इस बात के काफी सबूत मिले हैं कि मस्तिष्क के दो भागों का अलगअलग उद्देश्यों के लिए उपयोग किया जाता है, अधिक विस्तृत जानकारी प्राप्त होना अभी भी बाकी है और इस मामले में कुत्ते अपवाद नहीं हैं, उन्होंने कहा।",38.13,Medium,35,44,9
1538,"however, given the ease with which their behaviour can be recorded, it will probably not be long before we understand why their tails sometimes go one way, sometimes the other.","लेकिन, उनके व्यवहार के बारे में जो आराम दिया जा सकता है, वह शायद हमें यह समझने में देर न हो कि उनकी पूँछ कभी - कभी एक तरीक़े से क्यों जाती हैं, कभी - कभी एक तरीक़े से ।","हालांकि, जिस आसानी से उनके व्यवहार को दर्ज किया जा सकता है, उसे देखते हुए लगता है कि हमें यह समझने में संभवतः अधिक समय नहीं लगेगा कि उनकी दुम कभी एक तरफ तो कभी दूसरी तरफ क्यों हिलती है।",37.61,Medium,40,40,0
1539,arctic monkeys postpone glasgow gig due to alex turners illness,आर्किस्टिक बंदरों की बीमारी की वजह से ग्लैडिस गॉग गॉफिएटर की गति कम हो जाती है,एलेक्स टर्नर की बीमारी के कारण आर्कटिक मंकीज ने ग्लासगो गिग स्थगित की,29.25,Medium,16,13,3
1540,rock band the arctic monkeys have postponed a gig in glasgow after their lead singer was diagnosed with laryngitis.,इनकी अगुवाई करनेवाले गायकों के बाद चट्टानी बंदरों ने एक गॉँगोवा में शोर मचाना बंद कर दिया है ।,आर्कटिक मंकीज नामक रॉक बैंक ने अपने प्रमुख गायक के कंठशोथ से पीडि़त होने के पश्चात ग्लासगो में गिग को स्थगित कर दिया है।,19.61,Bad,19,24,5
1541,the sheffield group were scheduled to perform at the hydro venue in the city on friday.,उस शहर के जल - शैलों में काम करने के लिए फूजी दिन में शट क्षेत्र का समूह नियत किया गया था ।,शुक्रवार को शहर में हाइड्रो स्थल पर प्रदर्शन करने के लिए शेफ्फील्ड समूह का कार्यक्रम निर्धारित था।,21.71,Medium,23,17,6
1542,"however, lead singer alex turners illness has forced them to reschedule the show.","फिर भी, गायक श्‍वेत लोगों की बीमारी ने उन्हें इस शो को फिर से निर्धारित करने के लिए मजबूर कर दिया है ।",लेकिन उनके प्रमुख गायक एलेक्स टर्नर की बीमारी ने उन्हें इस शो की तिथि फिर से निर्धारित करने के लिए बाध्य कर दिया।,53.3,Good,23,23,0
1543,the bands announcement came after they were forced to similarly postpone a gig at the lg arena in birmingham on thursday.,इस घोषणा के बाद उन्हें ब्लैम के एक अखाड़े में एक टाइटम में एक टाइटम के पास ले जाया गया ।,"बैंड की घोषणा उस समय आई, जब वे गुरुवार को बर्मिंघम में एरीना में गिग को समान तरीके से स्थगित करने के लिए बाध्य थे।",14.71,Bad,21,25,4
1544,"in a statement on their official website, the arctic monkeys said following the decision to postpone the show at the birmingham lg arena tonight and after seeking medical advice, arctic monkeys must also postpone the show at the glasgow hydro on friday, november 1.","उनकी आधिकारिक वेबसाइट पर एक कथन में, आर्कीशियन बंदरों ने कहा कि आज रात बिंगम एलग में प्रदर्शन करने के लिए और चिकित्सा सलाह पाने के बाद, आर्किटिम बंदरों को भी फंबॉरी दिन में प्रदर्शन को स्थगित करना चाहिए।","अपनी आधिकारिक वेबसाइट पर बयान में आर्कटिक मंकीज ने कहाः चिकित्सकीय सलाह लेने के पश्चात आज रात बर्मिंधम एरीना में शो स्थगित करने के निर्णय के पश्चात, आर्कटिक मंकीज को नवम्बर, शुक्रवार को ग्लासगो हाइड्रो में भी शो को अवश्य ही स्थगित करना होगा।",33.08,Medium,39,44,5
1545,alex turner has been diagnosed with laryngitis and is regrettably not able to perform.,डॉक्टर को पता चला है कि उसे कैंसर है ।,"जांच में एलेक्स टर्नर को कंठशोथ हुआ पाया गया, तथा वे प्रदर्शन करने में दुखद रूप से सक्षम नहीं हैं।",7.77,Bad,10,20,10
1546,the show at the lg arena in birmingham will now take place on november 20 and the show at the glasgow hydro will now take place on november 21.,बिंगम में मैदान में प्रदर्शन अब नोमबर 20 पर होगा और इस शो में दिखाई देगा कि अब नर्मोबर 21 पर.,"बर्मिंघम में एरीना में शो अब नवम्बर को होगा, तथा ग्लासगो हाइड्रो में शो नवम्बर को होगा।",19.07,Bad,21,17,4
1547,all tickets remain valid for these shows.,इन प्रदर्शनों के लिए सभी टिकट वैध रहे हैं.,सभी टिकटें इन शो के लिए मान्य रहेंगी।,32.3,Medium,9,8,1
1548,we wish to apologise to all ticket holders for any inconvenience this has caused.,हम इस किसी भी मुसीबत की वजह से सभी टिकटों के लिए माफ़ी माँगना चाहते हैं.,हमें सभी टिकटधारकों को होने वाले किसी भी असुविधा के लिए खेद व्यक्त करते है।,26.61,Medium,16,15,1
1549,please contact the customer services at the box office you purchased your tickets from for any further assistance.,कृपया बॉक्स ऑफिस पर ग्राहक सेवाओं से संपर्क करें आप किसी भी अन्य सहायता के लिए अपने टिकट खरीद लिया है.,"किसी अन्य सहायता के लिए, आपने जिस बॉक्स ऑफिस से टिकटें खरीदी थीं, वहां के ग्राहक सेवा से सम्पर्क करें।",51.93,Good,21,20,1
1550,pope francis to name first cardinals in february,पोप पिग्मी भाषा में पहले कार्डिनलों को नाम देने के लिए,पोप फ्रांसिस फरवरी में प्रथम कार्डिनल के नाम की घोषणा करेंगे,25.22,Medium,11,11,0
1551,"pope francis will create new cardinals of the catholic church for his first time on february 22, the vatican announced thursday.",पोप पिग्मी चर्च के नए कार्डिनलों को अपनी पहली बार कन्‍नीरी 22 पर पहली बार बनाने के लिए तैयार करेंगे ।,वैटिकन ने गुरुवार को घोषणा की है कि पोप फ्रांसिस फरवरी को अपने कार्यकाल में पहली बार कैथोलिक चर्च का नया कार्डिनल बनाएँगे।,27.91,Medium,21,23,2
1552,"cardinals are the highestranking clergy in the catholic church below the pope, and theyre the ones who elect popes, so francis will be appointing his first group of men who will ultimately help choose his successor.","पोप के नीचे कैफीन चर्च में कार्डिनल पादरियों का सबसे बड़ा दबदबा है, और जो पोप चुने गए हैं, उन लोगों को भी नियुक्‍त किया जाएगा, इसलिए वे अपने पहले समूह को नियुक्‍त करेंगे जो आख़िरकार उसके उत्तराधिकारी को चुनने में मदद करेंगे ।","कार्डिनल्स, कैथोलिक चर्च में सर्वोच्च श्रेणी के पादरी होते हैं, इनका पद केवल पोप से नीचे होता है, तथा यही लोग पोप का चयन करते हैं, इसलिए फ्रांसिस अपने व्यक्तियों के प्रथम समूह की निुयक्ति करेंगे, जो अंततः उनका उत्तराधिकारी चुनने में सहायता करेंगे।",33.97,Medium,44,44,0
1553,there are now 201 cardinals.,अब वहाँ २०१ कार्डिनल हैं ।,अभी वहां कुल कार्डिनल्स हैं।,38.39,Medium,6,5,1
1554,"however, once a cardinal reaches 80 he is no longer permitted to participate in the election of a pope this falls to a group of 120 cardinal electors.","लेकिन, जब एक कार्डिनल 80 तक पहुँचता है, तब उसे पोप के चुनाव में भाग लेने की अनुमति नहीं है ।","वैसे, वर्ष की उम्र पर पहुंचने के पश्चात कार्डिनल को पोप के चुनाव में सहभागिता करने की अनुमति नहीं होती यह कार्डिनल चुनावकर्ता के समूह में आते हैं।",32.65,Medium,21,28,7
1555,"in a statement announcing the news, father federico lombardi, a vatican spokesman, said a meeting of all the existing cardinals would be held before the ceremony to elevate the new cardinals, known as a consistory.","समाचार घोषित करते हुए, पिता मौजूदा कार्डिनलों की एक सभा ने कहा कि नए कार्डिनलों को ऊँचा करने के लिए समारोह से पहले आयोजित किया जाएगा ।","समाचार की घोषणा करते हुए एक वक्तव्य में वैटिकन के प्रवक्ता फादर फेड्रिको लॉम्बार्डी ने कहा कि नए कार्डिनल्स को प्रोन्नत किए जाने के समारोह से पहले, सभी मौजूदा कार्डिनल्स की बैठक आयोजित की जाएगी, जिसे पोपसभा कहते हैं।",37.11,Medium,27,39,12
1556,"pope francis has decided to communicate his decision to convoke februarys consistory in advance in order to facilitate the planning of other meetings involving the participation of cardinals from different parts of the world, lombardi said.",पोप फ्रेस ने फैसला किया है कि वह पहले से ही अपनी राय पेश कर लेगा ताकि दुनिया के अलग - अलग भागों से कार्डिनलों के भाग की योजना बनाए रख सके ।,"लोम्बार्डी ने कहा, पोप फ्रांसिस ने फरवरी की पोपपरिषद आयोजित करने के अपने निर्णय को पहले से बताने का निर्णय लिया है, ताकि दुनिया के विभिन्न देशों से कार्डिनल्स की सहभागिता वाली अन्य बैठकों की योजना बनाना सरल हो जाए।",30.36,Medium,33,40,7
1557,"jack valero of catholic voices said that by february, the number of cardinal electors was likely to have dropped.",इस वजह से कई लोगों ने अपनी जान गँवा दी ।,कैथोलिक वॉयसेज के जैक वैलेरो ने कहा कि फरवरी तक कार्डिनल चुनावकर्ताओं की संख्या में कमी आने की संभावना थी।,5.74,Bad,11,20,9
1558,he said usually a pope would name as many cardinals as was needed to raise the number of cardinal electors back to 120 and as many cardinals aged over 80 as he wanted.,"उसने कहा कि आम तौर पर एक पोप ऐसे कई कार्डिनलों का नाम लेगा जिन्हें कार्डिनलों की संख्या को बढ़ाने के लिए १०,००० से ज़्यादा कार्डिनलों और ८० से ज़्यादा कार्डिनलों की संख्या को बढ़ाने की ज़रूरत थी ।","उन्होंने कहा कि पोप सामान्य तौर पर, कार्डिनल चुनावकर्ता की संख्या से जितनी कम होती है, उतने कार्डिनल्स, तथा अपनी इच्छानुसार वर्ष से अधिक आयु वाले कार्डिनल्स के नाम की घोषणा करते हैं।",30.17,Medium,39,33,6
1559,"next years consistory would be significant because it would be the first since francis was elected in march this year, valero said.","अगले सालों में Pananians को इस साल मार्च में चुना गया था क्योंकि यह पहले होगा, घाटीरो ने कहा ।","वैलेरो ने कहा कि, अगले वर्ष की पोपसभा महत्वपूर्ण होगी, क्योंकि इस वर्ष मार्च में फ्रांसिस के चुने जाने के पश्चात यह पहली पोपसभा होगी।",24.47,Medium,20,25,5
1560,at the moment there is a sort of bias towards europe and especially towards italy.,क्षण में एक तरह का डर है और विशेष रूप से यह की ओर है.,वर्तमान में यूरोप तथा खास तौर पर इटली के प्रति एक प्रकार का पूर्वाग्रह है।,10.2,Bad,15,15,0
1561,"it will be interesting to see whether the new pope will nominate cardinals from the rest of the world to restore the balance, he said.","यह देखना दिलचस्प होगा कि क्या नया पोप बाक़ी संसार के बाक़ी के कार्डिनलों को बाक़ी के संतुलन को पुनःस्थापित करने के लिए नहीं करेगा, उसने कहा ।","उन्होंने कहा यह देखना रोचक होगा कि क्या संतुलन पुर्नस्थापित करने के लिए नए पोप, बाकी दुनिया से भी कार्डिनल्स मनोनीत करते हैं।",44.63,Medium,28,23,5
1562,"forty percent of roman catholics are in south america, but they have a tiny number of cardinals.","दक्षिण मेरोथिका में चालीस प्रतिशत के बीच है, लेकिन उनमें बहुत कम कार्डिनल हैं ।","दक्षिण अमेरिका में चालीस प्रतिशत रोमन कैथोलिक्स है, लेकिन कार्डिनल्स में उनकी संख्या बहुत कम है।",49.64,Medium,15,16,1
1563,"the cardinals will also be the first to be chosen since francis formed the council of cardinals, a group of eight cardinals from around the world tasked with looking into ways to reform the church.","इसके अलावा, कार्डिनलों को सबसे पहले कार्डिनलों के परिषद्‌ के रूप में चुना जाएगा, जो पूरे विश्‍व में से आठ कार्डिनलों के एक समूह ने चर्च को सुधारने के लिए तरीक़ों को देखने के लिए कार्य किया ।","फ्रांसिस द्वारा कार्डिनल्स परिषद जो दुनिया भर से आठ कार्डिनल्स का समूह होता है, जिनका कार्य चर्च के सुधार के तरीके तलाशना होता है, गठित किए जाने के पश्चात चुने जाने वाले ये पहले कार्डिनल्स भी होंगे।",34.12,Medium,38,37,1
1564,in the past the pope decided everything on his own.,अतीत में पोप ने अपने आप पर सब कुछ निर्णय लिया ।,इसके पहले पोप सभी चीजों का निर्णय अपने आप लेते थे।,25.95,Medium,12,11,1
1565,"now francis has selected these eight cardinals to help him, valero said.","अब फ्रेनसीस ने इन आठ कार्डिनलों को उसकी मदद करने के लिए चुना है, घाटीो ने कहा.","वैलेरो ने कहा, अभी फ्रांसिस ने अपनी सहायता करने के लिए इन आठ कार्डिनल्स को चुना है।",42.82,Medium,17,17,0
1566,he said it was quite possible that francis would ask the cardinals for advice.,उन्होंने कहा कि यह काफ़ी संभव था कि पंबरों सलाह के लिए कार्डिनलों से पूछ - ताछ करेंगे ।,उन्होंने कहा कि ऐसा संभव है कि फ्रांसिस कार्डिनल्स से सलाह मांगे।,42.52,Medium,19,12,7
1567,but weve not been in that situation before its all completely new.,लेकिन हम उस स्थिति में पूरी तरह से नए नहीं रहे हैं.,लेकिन हम इस स्थिति में पहले नहीं रहे हैं यह बिलकुल नया है।,49.55,Medium,12,13,1
1568,valero said popes typically elevated bishops from large places to the position of cardinal but that francis was full of surprises so we dont know who hell name.,"दक्षिण अफ्रीका के पोपों ने कहा कि आम तौर पर बड़े - बड़े स्थानों से कार्डिनलों को ऊँचे पद पर ठहराया जाता है, लेकिन यह आश्‍चर्य की बात थी कि स्रोतवादी लोगों से भरा हुआ था ताकि हम नरक का नाम कौन जानते हैं ।","वैलेरो ने कहा कि आम तौर पर पोप बड़ी जगहों के बिशप को कार्डिनल का पद देते हैं, लेकिन फ्रांसिस पूरी तरह आश्चर्यचकित करने वाले थे इसलिए हम नहीं जानते कि वे किसका नाम घोषित करेंगे।",33.5,Medium,45,36,9
1569,gm recalls some new pickup trucks in u.s. to fix seatbacks,um यू. में कुछ नए पिक ट्रक याद करते हैं. सीटबैक को ठीक करने के लिए,सीटबैक को सही करने के लिए जी.एम. ने यू.एस. में पिकअप ट्रकों को वापस बुलाया,34.42,Medium,16,15,1
1570,"general motors co is recalling nearly 19,000 of its allnew 2014 chevrolet silverado and gmc sierra pickup trucks to repair a problem with the manual reclining seatback, according to a notice from u.s. auto safety regulators on friday.","आम मोटर - गाड़ी को याद कर रही है कि इसकी सभी नए 2014 तक की लगभग १,००,००,००० प्रतियाँ और ग्रीरा ट्रकों के लगभग १,००,००० ट्रकों को, साथ ही कि वेले सीट के साथ एक समस्या की मरम्मत करने के लिए। यू. डी. वी. वी.","शुक्रवार को यू.एस. ऑटो सुरक्षा विनियामकों की ओर से एक सूचना के अनुसार जनरल मोटर्स कम्पनी, अपने बिलकुल नये शेवरले सिल्वरैडो तथा जी.एम.सी. सीरा पिकअप ट्रक्स में हाथ से घुमाने वाली सीटबैक में एक कमी को सही करने के लिए लगभग , ट्रकों को वापस बुलाया है।",20.94,Medium,45,47,2
1571,"on some of the trucks, the front seats may have a defect in the reclining mechanism.","कुछ ट्रकों पर, सामने की सीटों पर शायद मेज़ों में कमी हो ।",कुछ ट्रकों में फ्रंट सीट घुमाने की प्रणाली में एक कमी हो सकती है।,32.22,Medium,13,14,1
1572,"as a result, the seatbacks fail to comply with federal auto safety standards on head restraints.",इस वजह से सीट की सीटें अपने सिर पर रोक लगा देने पर समाज के लोगों की सुरक्षा के स्तरों का पालन करने से चूक जाती हैं ।,"परिणामस्वरूप सीटबैक, हेड रिस्ट्रेन्ट के बारे में संघ ऑटो सुरक्षा मानकों का अनुपालन करने में विफल रही।",24.41,Medium,28,17,11
1573,"if the vehicle is struck from behind, the head restraint may not properly protect occupants, increasing the risk of injury, according to the notice posted on the national highway traffic safety administration website.","अगर गाड़ी के पीछे से गाड़ी टूट जाती है, तो शायद सिर पर रोक लगा दी जाए ।","राष्ट्रीय राजमार्ग यातायात सुरक्षा प्रशासन की वेबसाइट पर डाली गई एक सूचना के अनुसार यदि वाहन पीछे से फंस जाए तो संभव है कि हेड रिस्ट्रेन्ट, चालक की उचित तरीके से सुरक्षा न कर सके, जिससे चोट का जोखिम बढ़ जायेगा।",9.47,Bad,18,41,23
1574,the recalled models were built between august 1 and september 10.,याद किए गए मॉडलों का निर्माण एक सगीत 1 और 10 के बीच किया गया था ।,वापस बुलाये जा मॉडल्स को अगस्त से सितम्बर के बीच में निर्मित किया गया था।,29.15,Medium,17,15,2
1575,gms truck rollout began in june and represents the most important vehicle launch for the no. 1 u.s. automaker since its 2009 bankruptcy restructuring.,Gmms ट्रक रोल आउट में शुरू किया और नहीं के लिए सबसे महत्वपूर्ण वाहन लांच को चित्रित करता है. 1 uus. 1 us. _BAR_,"जी.एम. के ट्रक जून में भेजे जाने शुरू हुए तथा, वर्ष दीवालियापन नवीनीकरण के पश्चात शीर्ष यू.एस. ऑटोमेकर के लिए यह सबसे महत्वपूर्ण वॉहन लॉन्च को दर्शाता है।",23.92,Medium,24,28,4
1576,gm told truck owners about the defect in the first half of october.,जीम ने ट्रक के मालिकों को बताया कि पहले आधे ऑक्टॉर में क्या - क्या हो रहा है ।,जी.एम. ने ट्रक स्वामियों को इस दोष के बारे में अक्टूबर के उत्तरार्ध में बता दिया था।,19.82,Bad,19,17,2
1577,"nhtsa could not review the owner notification letter due to the 16day government shutdown, which tempered auto sales growth in october.","सन्‌ 16 दिन की सरकार अपने मालिक को खत लिखने के लिए तैयार नहीं थी, जो ऑक्टॉर में अपने आप को स्वचालित बिक्री के बढ़ने से रोकता है ।","एन.एस.टी.एम.ए. दिवस की सरकारी बंदी, जिसने अक्टूबर में ऑटो की बिक्री में वृद्धि को बाधित कर दिया था, के कारण स्वामी अधिसूचना पत्र की समीक्षा नहीं कर सका।",19.56,Bad,29,28,1
1578,"sales of the silverado and sierra trucks, which were redesigned for the 2014 model year, were up about 20 percent during the first 10 months of the year, gm said on friday.","सन्‌ 2014 के मॉडल साल के पहले 10 महीनों में, विम नाम के इलाके में करीब 20 प्रतिशत लोगों ने कहा ।","जी.एम. ने शुक्रवार को कहा कि, सिल्वरैडो तथा सीरा ट्रक जिन्हें वर्ष मॉडल वर्ष के लिए पुनः डिजाइन किया गया था, की बिक्री में, इस वर्ष के पहले महीनों में प्रतिशत की वृद्धि थी।",20.02,Medium,22,34,12
1579,"in october, gm sold 42,660 silverado and 16,503 sierra pickup trucks.","सन्‌ ऑक्टॉर में गॉर ने 42,660 चांदी और 16,503 किलोमीटर का ट्रक बेच दिया ।","अक्टूबर में जी.एम. ने , सिल्वरैडो तथा , सीरा पिकअप ट्रक बेचा था।",21.33,Medium,15,13,2
1580,gm shares were up 1.4 percent at 37.47 on the new york stock exchange on friday afternoon.,gm साझेदारी 37 के दशक में 1.4 प्रतिशत नए योर्क शेयर पर fri दिन दोपहर के बदले बदले।,शुक्रवार की दोपहर को न्यूयॉर्क स्टॉक एक्सचेन्ज में जी.एम. के शेयर में . प्रतिशत की उछाल थी।,21.35,Medium,18,17,1
1581,an obama voters cry of despair,निराशा की पुकार,ओबामा के मतदाताओं की निराशा की चीत्कार,24.7,Medium,3,7,4
1582,"i voted for president obama twice, sharing hope in possibility of change","राष्ट्रपति बूमा के लिए वोट दो बार, परिवर्तन की संभावना में हिस्सा लेने की आशा",मैने बदलाव की अपेक्षा में ओबामा को दो बार मतदान दिया,20.15,Medium,15,11,4
1583,he says obama has had worthy efforts thwarted by gop obstructionism,वह कहते हैं कि Pabama के पास जाने के लिए योग्य प्रयास असफल रहे हैं,उनका कहना है कि जी.ओ.पी. की अवरोध की नीति के कारण ओबामा के महान प्रयास बाधित हो गये हैं,16.47,Bad,15,19,4
1584,"obstructionism cant excuse obamacare website woes, drone attacks","पुलिसवाद माफ नहीं कर सकता... ...bama की वेबसाइट पर हाय, ड्रोन हमले","अवरोध की नीति ओबामाकेयर वेबसाइट की तकलीफें, ड्रोन हमलों का बहाना नहीं दे सकती है",27.81,Medium,12,15,3
1585,obamas 2008 campaign memoir is a sad reminder of what might have been,ओबास 2008 अभियान का एक दुःखद अनुस्मारक है जो शायद हो सकता है,ओबामा वर्ष के कैम्पेन का संस्मरण उन बातों की याद दिलाता है कि क्या हो सकता था,18.57,Bad,13,17,4
1586,nathaniel p. morris is a secondyear student at harvard medical school.,"आम तौर पर, डॉक्टर डॉक्टरी स्कूल में एक दूसरा साल का विद्यार्थी होता है ।",नैथेनियल पी. मोरिस हार्वर्ड मेडिकल स्कूल में द्वितीय वर्ष के छात्र हैं।,20.49,Medium,15,12,3
1587,im reading a terribly sad book these days.,इन दिनों एक दुःखद पुस्तक पढ़ने के बाद।,मैं आजकल बहुत ही दुखद किताबें पढ़ रहा हूं।,11.07,Bad,8,9,1
1588,"its a book that i thought would uplift me during the doldrums of secondyear medical school, and renew in me a sense of hope.",इस किताब ने मुझे दूसरे साल के डॉक्टरों के स्कूल में दाखिला दिया और मेरे अंदर आशा की भावना फिर से जाग उठी ।,"यह एक ऐसी किताब है, जिसके बारे में मुझे लगता है कि यह द्वितीय वर्ष मेडिकल स्कूल के विषाद के दौरान मेरा उत्साहवर्द्धन करेगी तथा मेरे में उम्मीद की किरण जगायेगी।",16.51,Bad,24,31,7
1589,"its called the audacity to win, and its a memoir of barack obamas 2008 presidential campaign.",सन्‌ 2008 के राष्ट्रपति के अभियान में एक बार फिर यह अभियान शुरू हुआ ।,"इसका नाम जीतने की हिम्मत है, तथा यह बराक ओबामा के वर्ष के राष्ट्रपति चुनाव अभियान की संस्मरिका है।",24.07,Medium,15,19,4
1590,"when im finished with my patient writeups at night and get into bed, the book returns me to a time when politics inspired millions and speeches could take your breath away.","जब रात में मेरे रोगी लिखने के साथ समाप्त हो गया और बिस्तर में मिलता है, पुस्तक मुझे एक ऐसे समय में लौटा देती है जब राजनीति ने लाखों और भाषणों को आपकी सांस छीन लिया.","जब मैं रात में अपने रोगियों के पर्चों से फुरसता पाता हूँ तथा बिस्तर पर जाता हूँ तो यह किताब मुझे एक ऐसे दौर में ले जाती है, जिसमें राजनीति ने लाखों लोगों को प्रेरित किया था तथा भाषण आपकी सांस को रोककर रख सकते थे।",32.93,Medium,36,46,10
1591,"the election turned out to be a landslide, and news anchors paused to reflect on the historic nature of the hour.","चुनावों ने एक भू - दृश्‍य साबित किया, और समाचार लंगर को उस घड़ी के ऐतिहासिक स्वरूप पर विचार करने के लिए ठहरा हुआ ।","चुनाव एकतरफ साबित हुए, तथा समाचार वक्ताओं ने उस समय की ऐतिहासिक महत्व को दर्शाने के लिए विराम लिया था।",32.09,Medium,25,20,5
1592,"my classmates cried with joy, and my parents saved every newspaper they could find.",मेरी क्लास के बच्चे खुशी से रोते थे और हर अखबार से उन्हें छुटकारा मिलता था ।,"मेरे सहपाठियों की आंखों में आनन्द के अश्रु थे, तथा मेरे मातापिता ने प्रत्येक मिलने वाले समाचार पत्र को सहेज कर रख लिया।",12.69,Bad,17,23,6
1593,"a young team of visionaries was headed for the white house, and the nation was ready for change.","दर्शन की एक छोटी भीड़ श्‍वेत घर की ओर जा रही थी, और जाति परिवर्तन के लिए तैयार थी ।","नौजवान दूरदर्शी व्यक्तियों का एक दल व्हाइट हाउस जा रहा था, तथा पूरा देश परिवर्तन के लिए तैयार था।",32.12,Medium,20,19,1
1594,"during obamas transition to office in 2008, he had an 82 approval rating.","सन्‌ 2008 में, ओबास में ऑफिस में भर्ती होने के बाद, उसे 82 मंज़ूरी की गयी ।",वर्ष में ओबामा के राष्ट्रपति बनने के दौरान उनके पास प्रतिशत अनुमोदन रेटिंग थी।,12.63,Bad,17,14,3
1595,and then i close the book.,और फिर मैं पुस्तक बंद.,और फिर मैने किताब बंद कर दी।,29.87,Medium,5,7,2
1596,"cutting to the present is a rude awakening, like snapping out of a dream.","वर्तमान में कटौती एक कठोर नींद है, जैसे कि एक सपने से निकाले जाते हैं ।","वर्तमान की सच्चाई एक कठोर सत्य है, जैसे कि सपनों की दुनिया से लौटकर आना।",34.19,Medium,16,15,1
1597,"its hard to remember those days of optimism they seem a distant memory, a sad reminder of opportunities gone by.","निराशा के उन दिनों को याद करने के लिए कड़ी मेहनत की जाती है कि वे एक दूर की याददाश्‍त में हैं, अवसरों का दुःखद अनुस्मारक ।","उम्मीद के उन दिनों को याद करना कठिन है वे एक दूर की याद प्रतीत होते हैं, खो चुके अवसरों की एक दुखद याद।",45.67,Medium,27,24,3
1598,"change indeed happened, in the years since i cast my first ballot.","वास्तव में परिवर्तन हुआ, वर्षों में जब से मैं अपनी पहली गेंद फेंक दी.",मेरे द्वारा प्रथम बार मतदान किय जाने के पश्चात वास्तव में परिवर्तन हुआ।,36.38,Medium,14,13,1
1599,it was simply nothing i could have imagined.,यह सिर्फ कुछ भी नहीं था मैं कल्पना कर सकता था.,सरल तौर कहें तो में इसमें से किसी भी कल्पना भी नहीं कर सकता था।,30.94,Medium,11,15,4
1600,"i credit obama with great and varied accomplishments, from the passage of the affordable care act to our military exit from iraq, the end of dont ask dont tell, to the killing of osama bin laden.",इस वजह से वे अपनी जान बचाने के लिए कुछ भी करने को तैयार नहीं थे ।,"मैने ओबामा को बहुत सी उपलब्धियों का श्रेय देता हूँ, अफोर्डेबल केयर एक्ट से लेकर ईराक से हमारी सेना की वापसी, न पूछो न बताओ की समाप्ति लेकर ओसामा बिन लादेन को मारे जाने तक।",8.26,Bad,17,35,18
1601,"moreover, i believe that partisan obstructionism has upended too many efforts to push our nation forward immigration reform, a public option for health care, and closing the base at guantanamo bay, among others.","इसके अलावा, मुझे विश्‍वास है कि हमारे राष्ट्र में सुधार लाने, स्वास्थ्य देखभाल के लिए एक सार्वजनिक विकल्प, और अन्य लोगों के बीच, आधार पर बंद करने के लिए पक्षवाद ने बहुत सारे प्रयास किए हैं ।","इसके अलावा मैं विश्वास करता हूँ कि पक्षपाती विरोध करने की नीति ने हमारे देश के आगे बढ़ने के बहुत से प्रयासों को रोका हैः जिसमें अप्रवासी सुधार, स्वास्थ्य सेवा के लिए सार्वजनिक विकल्प, ग्वांतानामो बे पर अड्डा बंद करना, के अलावा और अन्य शामिल हैं।",36.82,Medium,37,46,9
1602,"but, after the countless times in which i have found myself defending the obama administration to colleagues and peers, ive reached a limit to the explanations that i can provide.","लेकिन, उन अनगिनत समयों के बाद, जिनमें मैंने अपने आपको सहकर्मियों और दोस्तों के साथ व्यवहार करने के प्रशासन की रक्षा की है, वह उन बातों की सीमा तक पहुँच गया जो मैं प्रदान कर सकता हूँ ।",लेकिन असंख्या बार जिसमें मैने अपने आपको सहकर्मियों एवं साथियों के समक्ष ओबामा प्रशासन का पक्ष लेतेलेते मेरे पास उत्तर खत्म हो ये जोकि मैं उन्हें दे सकता।,36.06,Medium,38,28,10
1603,ive reached a point of political despair.,वह राजनैतिक निराशा की एक हद तक पहुँच गया ।,मैं राजनीतिक निराशा के बिन्दु पर पहुंच गया हूँ।,35.47,Medium,10,9,1
1604,"republican obstructionism cannot explain allowing the bugging of foreign leaders, nor having drones strike innocent children overseas.",देश - भक्‍ति की भावना को बढ़ावा नहीं दे सकती ।,"रिपब्लिकन की विरोध नीति विदेशी नेताओं की जासूसी का उत्तर नहीं है, न ही विदेशों में मासूम बच्चों पर ड्रोन हमलों का उत्तर है।",8.26,Bad,11,24,13
1605,"it cannot explain having the national security agency collect data on the private lives of americans, nor prosecuting whistleblowers who reveal government wrongdoing.","यह समझा नहीं जा सकता कि राष्ट्रीय सुरक्षा संस्था के साथ - साथ, न ही सरकारी अपराध प्रकट करनेवाले सीटी बजाते हुए भी अपने निजी जीवन में डेटा जमा कर सकती है ।",यह राष्ट्रीय सुरक्षा एजेन्सी द्वारा आम अमेरिकी नागरिकों की निजी जीवन के बारे में डेटा संग्रहित करने का जवाब नहीं दे सकती है न ही सरकार की गलत हरकतों का उजागर करने वाले लोगों पर अभियोग चलाने का उत्तर दे सकती है।,33.03,Medium,33,42,9
1606,"it cannot account for assassinating anwar alawlaki, an american citizen, without a trial, nor shirking public funding and spending limits during presidential campaigns.","यह एक क़ानूनी नागरिक, एक परीक्षण के बिना, न तो सार्वजनिक अंशदानों के लिए और न ही राष्ट्रपति के अभियानों के दौरान सीमाएँ लगाने के लिए खाता नहीं है ।","यह बिना किसी ट्रायल के अमेरिकी नागरिक अनवर एल अवलाकी की हत्या का कारण नहीं बता सकती है, न ही राष्ट्रपति कैम्पेन के दौरान कम होते सार्वजनिक निधि तथा व्यय सीमाओं का ही।",32.23,Medium,30,33,3
1607,it cannot justify the findings of a report that says the white houses efforts to silence the media are the most aggressive ... since the nixon administration.,यह एक रिपोर्ट की खोज को सही नहीं कर सकता है कि मीडिया को चुप करने के सफेद घरों की कोशिश सबसे अधिक झगड़ालू हैं...,"यह उस रिपोर्ट के निष्कर्षों का उत्तर नहीं दे सकती है, जिसका कहना है कि व्हाइट हाउस द्वारा मीडियो को चुप कराने के प्रयास निक्सन प्रशासन के बाद से अब तक सबसे आक्रामक रहे हैं।",22.48,Medium,25,35,10
1608,"and, most recently, it cannot excuse the failure to design a simple website more than three years since the affordable care act was signed into law.","और हाल ही में, यह तीन साल से भी ज़्यादा समय से एक सरल वेबसाइट बनाने की असफलता को बहाना नहीं कर सकता था क्योंकि महँगे देखभाल कार्य को क़ानून में लगाया गया था ।","और सबसे हाल ही में यह, अफोर्डेबल केयर एक्ट के कानून में हस्ताक्षरित किये जाने के तीन वर्षों के बाद भी एक सरल वेबसाइट को डिजाइन करने की विफलता का बहाना नहीं दे सकता है।",34.05,Medium,35,35,0
1609,i dont know if this is what i should have expected.,मैं नहीं जानता कि क्या मैं उम्मीद करनी चाहिए थी.,मुझे नहीं पता कि क्या मैने इसकी ही उम्मीद की थी।,40.78,Medium,10,11,1
1610,"if, at 18 years old, i was supposed to figure out that governance may contradict the political campaigns that precede it.","अगर मैं 18 साल का था, तो मुझे यह पता लगाने की ज़रूरत थी कि हुकूमत करने से पहले राजनैतिक अभियानों का विरोध कैसे किया जा सकता है ।","यदि, वर्ष की आयु में, मुझे यह अनुमान लगा लेना चाहिए था कि शासन प्रणाली, इसको आगे लाने वाले राजनीतिक अभियान का खण्डन कर सकती है।",25.55,Medium,29,26,3
1611,"obviously, elective office isnt a predictable course, as the opposing political party and random events, such as the newtown massacre, will shape our public conversation.","ज़ाहिर है कि विरोधी राजनीतिक पार्टी और बेतरतीब घटनाएँ, जैसे कि नया शहर हत्या, हमारी जन बातचीत का आकार देगी ।","प्रत्यक्ष है कि निर्वाचित कार्यालय एक पूर्वानुमेय मार्ग नहीं है, क्योंकि विरोधी राजनीतिक दल तथा यादृच्छिक घटनाएं जैसे कि न्यूटाउन हत्याकाण्ड, हमारे सार्वजनिक चर्चा को आकार प्रदान करेगी।",25.74,Medium,21,28,7
1612,"yet, of all of the examples that i have listed above, they largely seem to be of the administrations own choosing.","फिर भी, ऊपर दिए गए गए सभी उदाहरणों में से अधिकांश लोग ख़ुद चुनावों में से एक प्रतीत होते हैं ।","फिर भी मैने जितने उदाहरण ऊपर दिये हैं, वे अधिकांशतः प्रशासन द्वारा स्वयं के चुने गये प्रतीत होते हैं।",36.3,Medium,21,19,2
1613,that is what troubles me most of all.,यही कारण है कि मुझे सबसे ज्यादा दुख होता है.,यह बात तुझे सबसे अधिक परेशान करती है।,23.05,Medium,10,8,2
1614,"i voted for obama again in 2012, but not because i was excited by his candidacy.","सन्‌ 2012 में मैं फिर से बिस्मा के लिए वोट देता था, लेकिन इसलिए नहीं कि मैं उसकी कैफी से उत्साहित था ।","मैने ओबामा के लिए में पुनः वोट दिया, लेकिन इसलिए नहीं कि मैं उसकी उम्मीदवारी से रोमांचित था।",47.95,Medium,23,18,5
1615,mitt romney presented a confusing and unrefined alternative who could not seem to lock down his policies or his positions.,यह ऐसा है मानो उसकी नीति या उसके पदों को बंद कर दे ।,"मिट रोमनी ने एक भ्रमित करने वाला तथा एक अनिश्चित विकल्प प्रस्तुत किया, जो कि उनकी नीतियों अथवा उनके पद को निर्धारित करने जैसा नहीं प्रतीत होता था।",11.28,Bad,14,28,14
1616,"i felt that a second term for obama, free from the pressures of future elections, would fulfill the hope that we had heard of for so long.","मुझे लगा कि भविष्य में चुनावों के दबाव से मुक्‍त होने का दूसरा अवसर, हमने इतनी देर तक सुना था कि हम उस आशा को पूरा कर पाएँगे ।","मुझे लगा कि ओबामा के लिए एक दूसरा कार्यकाल, जो कि भविष्य के चुनावों के दबाव से मुक्त होगा, उन आशाओं को पूर्ण करेगा जिनके बारे में हम लम्बे समय से सुनते रहे हैं।",36.4,Medium,29,34,5
1617,"still, as obamas approval rating sank below 45 this week, returning to 2008 through that book has become that much harder.","फिर भी, जैसे ही ओबास्सस अनुमोदन रेटिंग इस सप्ताह ४५ से नीचे गिर गयी, उस पुस्तक से 2008 तक लौटना इतना मुश्‍किल बन गया है ।","फिर भी, जबकि ओबामा की अनुमेादन रेटिंग इस सप्ताह प्रतिशत से कम है, उस किताब के माध्यम से वर्ष में लौटना बहुत कठिन बन गया है।",36.65,Medium,26,26,0
1618,it makes me yearn for the many promises that disappeared.,यह मुझे उन वादों के लिए तरसती है जो गायब हो गयी हैं ।,उसे देखकर मुझे उनके गायब हो चुके वादों की याद आती है।,33.25,Medium,14,12,2
1619,this week i was reading the portion of the book describing how obama suffered a huge loss to clinton in the pennsylvania primary.,इस हफ्ते मैं इस किताब का हिस्सा पढ़ रहा था ।,"इस सप्ताह में पुस्तक का एक हिस्सा पढ़ रहा था, जिसमें वर्णित किया गया था कि किस तरह से पेनसिलवेनिया प्राइमरी में ओबामा के कारण क्लिन्टन को बहुत बड़ा नुकसान नहुआ था।",14.46,Bad,11,32,21
1620,"at a postmortem campaign meeting, he told his staff that they needed to get back on track and stay true to the purpose of their cause.",उसने एक अभियान में अपनी लाठी से कहा कि उन्हें ट्रैक में वापस जाना है और अपने उद्देश्‍य के उद्देश्‍य को पूरा करना है ।,"एक पोस्टमार्टम कैम्पेन मीटिंग में उन्होंने अपने अधीनस्थ कर्मचारियों को बोला कि उन्हें वापस पटरी पर लौटने की आवश्यकता है, तथा अपने उद्देश्यों पर सत्यनिष्ठ बने रहने की आवश्यकता है।",23.57,Medium,25,30,5
1621,"i want us to get our mojo back, he said.","मैं चाहता हूँ कि हम वापस हमारे मोजो वापस पाने के लिए चाहते हैं, उसने कहा.",उन्होंने कहा मैं अपने मोजो को वापस पाना चाहता हूँ।,42.13,Medium,16,10,6
1622,weve got to remember who we are.,हम हम कौन हैं याद करने के लिए मिला है.,हमें याद रखना चाहिए हमें कौन हैं।,29.19,Medium,10,7,3
1623,"its five years later, mr. president, and i couldnt agree with you more.","उसके पांच साल बाद, एमर, और मैं तुमसे अधिक सहमत हो सकता था.",आज पांच वर्ष पश्चात राष्ट्रपति महोदय मैं आपसे और अधिक सहमत नहीं सकता।,23.05,Medium,13,13,0
1624,the opinions expressed in this commentary are solely those of nathaniel morris.,इस व्याख्या में व्यक्‍त विचार केवल नाीएल मिरसिस के लोग ही हैं ।,इस टिप्पणी में व्यक्त किये गये विचार नैथेनियल मोरिस के हैं।,30.14,Medium,13,11,2
1625,clive palmer claims pm tony abbott has conflict of interest over parental leave scheme,"जब माता - पिता अपने बच्चों की परवरिश करते हैं, तो वे अपने बच्चों की परवरिश करने की योजना बनाते हैं ।",क्लाइव पामर ने दावा किया कि पैतृक छुट्टी योजना के बारे में पी.एम. टोनी एबॉट का हित संघर्ष है,15.46,Bad,22,19,3
1626,billionaire mp clive palmer says prime minister tony abbott has a conflict of interest over his parental leave scheme because his daughters might get pregnant and benefit from it.,वह अपने माता - पिता की छुट्टी की योजना के प्रति दिलचस्पी का विरोध करता है क्योंकि उसकी बेटियों को गर्भवती होकर इससे लाभ हो सकता है ।,"अरबपति एम.पी. क्लाइव पामर ने कहा है कि पैतृक छुट्टी योजना के बारे में प्रधानमंत्री टोनी एबॉट का हित संघर्ष है क्योंकि उनकी बेटियां गर्भवती हो सकती हैं, तथा इसे लाभ ले सकती हैं।",31.87,Medium,28,34,6
1627,"the mining magnate, who is in a dispute about paying a 6 million carbon tax bill, made the claim as he tried to brush off questions about whether he had a conflict.",यह दावा तब किया गया जब उसने यह दावा किया कि वह एक संघर्ष को रोकने की कोशिश कर रहा है या नहीं ।,"खनन क्षेत्र के महारथी, जोकि मिलियन डॉलर के कार्बन कर बिल के भुगतान को लेकर विवाद में हैं, ने दावा किया है, जबकि उन्होंने संघर्ष के बारे में प्रश्नों उत्तर देने का प्रयास किया है।",17.54,Bad,24,35,11
1628,the palmer united party could control up to four votes in the senate that may be crucial in deciding if the carbon and mining taxes are axed.,"फिर भी, यह फ़ैसला किया जा सकता है कि कार्बन और खान के करों का निर्णय करने के लिए कोई निर्णायक क़दम उठाया जा सकता है ।","पामर यूनाइटेड पार्टी सीनेट में चार वोट तक नियंत्रित कर सकती है, जो कि कार्बन एवं खनन करों को कम किये जाने के बारे में निर्धारित करने में महत्वपूर्ण हो सकते हैं।",19.52,Bad,27,32,5
1629,but mr palmer claimed it was only ministers who could have a conflict of interest and said mr abbotts daughters stood to personally benefit from policies.,लेकिन मॉन्ड ने दावा किया कि यह केवल सेवक ही था जो दिलचस्पी का संघर्ष कर सकते थे और कहा कि बेटियों को ख़ुद नियमों से लाभ उठाने के लिए खड़ा किया गया था ।,"लेकिन मि. पामर ने दावा किया है कि केवल मंत्रियों का ही हित संघर्ष हो सकता है, तथा कहा कि मि. एबॉट की बेटियाँ नीतियों से व्यक्तिगत रूप से लाभ उठा सकती हैं।",32.89,Medium,35,33,2
1630,"hes got a major conflict of interest when it comes to paid parental leave because if any of those daughters get pregnant, hell have a direct interest whether they get leave or not, mr palmer said.","जब माता - पिता की छुट्टी का भुगतान करने की बात आती है, तो उसके पास स्पष्ट दिलचस्पी होती है कि अगर उन बेटियों में से कोई भी गर्भवती हो जाती है, तो नरक में एक प्रत्यक्ष दिलचस्पी है कि उन्हें छोड़ दिया जाता है या नहीं, एमर ने कहा ।","मि. पामर ने कहा प्रदत्त पैतृक छुट्टी के मामले में उनका एक महत्वपूर्ण हित संघर्ष हो सकता है, क्योंकि यदि उनकी कोई भी बेटी गर्भवती होती है तो उनका एक प्रत्यक्ष हित होगा कि उन्हें छुट्टी मिले या न मिले।",36.48,Medium,51,40,11
1631,"two months after the election, the electoral commission officially declared mr palmer the winner of the sunshine coast seat of fairfax by 53 votes, after a recount.","चुनाव के दो महीने बाद, चुनाव - नियुक्‍ति - नियुक्‍ति अधिकारी ने 53 वोटों के बाद, जर्फोक्स की मौजूदगी की विजेता घोषणा की ।","चुनाव के दो महीने पश्चात, चुनाव आयोग ने फिर से गिरनने के पश्चात आधिकारिक रूप से मि. पामर को फेयरफैक्स की सनशइन कोस्ट सीट का मतों से विजेता घोषित किया है।",28.49,Medium,24,31,7
1632,mr palmer called for overhaul of election counting to speed up the process.,इस प्रक्रिया को तेज़ी से बढ़ाने के लिए चुनाव के लिए चुनावों के शिखर पर जाना जाता है.,मि. पामर ने प्रक्रिया को तेज गति से आगे बढ़़ाने के लिए चुनाव गिनती के जीर्णाद्धार की मांग की।,39.87,Medium,18,19,1
1633,tony abbotts daughters frances and bridget.,Tokatss france और पुल.,टोनी एऑट की बेटियाँ फ्रैन्सेज और ब्रिजेट।,1.59,Bad,4,7,3
1634,should this election be decided two months after we stopped voting?,क्या इस चुनाव को वोट देने के दो महीने बाद तय किया जाना चाहिए?,क्या चुनाव का परिणाम हमारे द्वारा मतदान किये जाने के दो महीने बाद आना चाहिए?,43.32,Medium,14,15,1
1635,"we need to have a better system, he said.","हम एक बेहतर प्रणाली होने की जरूरत है, उसने कहा.",उन्होंने कहा हमारे पास एक बेहतर प्रणाली होनी चाहिए।,46.32,Medium,10,9,1
1636,"why is it that we shouldnt have a system where you can walk in, punch your details into a computer, vote immediately and have a result at 6.30 that night?","क्यों हम एक ऐसी प्रणाली होना चाहिए जहाँ आप चल सकते हैं, एक कंप्यूटर में अपनी विवरण पंच, तुरंत उस रात 630 में और परिणाम होगा?","ऐसा क्यों नहीं हो सकता कि हमारे पास एक ऐसी प्रणाली हो जिसमें हम कम्प्यूटर पर अपना विवररण भरें, तुरन्त वोट दें और शाम को पर हमारे पास परिणाम हो।",33.49,Medium,26,30,4
1637,mr palmer also criticised the use of pencils to mark ballots.,इस बात पर भी इलज़ाम लगाया जाता था कि पेंसिल के इस्तेमाल में गेंदें लगाना गलत है ।,मि. पामर ने मतपत्रों पर निशान लगाने के लिए पेन्सिल के प्रयोग की भी आलोचना की।,15.93,Bad,18,16,2
1638,is it because they can rub out the result if someone doesnt like it?,"क्या यह इसलिए हो सकता है क्योंकि अगर कोई इसे पसंद नहीं करता, तो वे इसका परिणाम निकाल सकते हैं?","ऐसा इसलिए, क्योंकि यदि कोई व्यक्ति उसे पसंद न करे तो वचे उसे मिटा सकते हैं?",36.32,Medium,20,16,4
1639,in this day and age having a pencil seems extraordinary.,आज के समय में और उम्र में पेंसिल का होना असाधारण लगता है ।,आज के दौर में पेंसिल का प्रयोग करना बिलकुल बेतुका लगता है।,39.1,Medium,14,12,2
1640,the electoral commission has been studying options for electronic voting and recently released a joint discussion paper with new zealand.,और हाल ही में नए जोश के साथ एक संयुक्‍त चर्चा पत्र रिलीज़ किया गया है ।,"चुनाव आयोग, इलेक्ट्रॉनिक मतदान के लिए विकल्पों का अध्ययन कर रहा है, तथा हाल ही में न्यूजीलैण्ड के साथ एक संयुक्त परिचर्चा पत्र जारी किया है।",29.67,Medium,17,26,9
1641,"mr palmer, 59, said his policies included an international airport for the sunshine coast and he would take very seriously his new job.","सन्‌ 59 में, मॉन्डर ने कहा कि उसकी नीति - कथा में धूप के तट के लिए अंतर्राष्ट्रीय हवाई अड्डे भी शामिल था और वह अपनी नयी नौकरी को बहुत गंभीरता से लेता ।"," वर्षीय मि. पामर ने कहा कि उनकी नीतियों सनशाइन कोस्ट के लिए एक अन्तर्राष्ट्रीय हवाई अड्डा बनवाया जाना शामिल है, तथा वे अपने नये कार्य को बहुत गम्भीरतापूर्वक लेंगै।",37.83,Medium,34,29,5
1642,public office is about public service.,सरकारी कार्यालय के बारे में सार्वजनिक सेवा है.,सार्वजनिक पद जन सेवा के लिए होता है।,33.56,Medium,8,8,0
1643,"we seek no reward, except the reward of history that we can at a critical time serve this community, he said.","हम कोई इनाम नहीं माँगते, सिवाय इतिहास के इनाम के कि हम इस समुदाय में सेवा कर सकते हैं, उसने कहा ।","उन्होंने कहा कि हमें इतिहास के पुरस्कार कि हम इस महत्वपूर्ण समय पर समुदाय की सेवा कर सकें, के अलावा कोई अन्य पुरस्कार नहीं चाहिए।",29.32,Medium,22,25,3
1644,because of this the plaintiffs had to suffer.,इस स्पष्टता के कारण दुःख उठाना पड़ा.,जिससे वादकारियों को परेशानी उठानी पड़ी।,15.87,Bad,7,6,1
1645,"addressing those gathered for the occasion, the bar association president, ramesh singh negi, expressed strong indignation at the deteriorating law and order situation in the state.","इस मौके के लिए इकट्ठा हुए लोगों से बात करते वक्‍त, बार - बार संघ के अध्यक्ष, डब्बी पाप की वजह से देश की हालत और हालात के बारे में ज़बरदस्त गुस्से की आग भड़क उठी ।",इस मौके पर आयोजित सभा को संबोधित करते हुए बार एसोसिएशन अध्यक्ष रमेश सिंह नेगी ने प्रदेश में बिगड़ती कानूनव्यवस्था पर तीव्र आक्रोश व्यक्त किया।,21.34,Medium,37,25,12
1646,he said that the growing number of attacks on the advocates and their families shows that the criminals have become fearless.,उन्होंने कहा कि समर्थकों और उनके परिवारों पर बढ़ती संख्या दिखाती है कि अपराधी निडर हो गए हैं ।,उन्होंने कहा अधिवक्ताओं तथा उनके परिजनों पर तेजी से बढ़ रहे हमलों से साबित होता है कि अपराधी बेखौफ हो चले हैं।,34.8,Medium,19,22,3
1647,they are not afraid of the police and administration system any more.,वे पुलिस और प्रशासन प्रणाली से और नहीं डरते हैं.,उन पर पुलिस एवं प्रशासनिक व्यवस्था का कोई खौफ नहीं रह गया है।,23.72,Medium,10,13,3
1648,"citing various such attacks taking place at different places he said that, if the lawyers themselves are not safe, then we can surely understand how much less safe is the general pubic.","दूसरे स्थानों पर ऐसे हमलों का ज़िक्र करते हुए उन्होंने कहा कि, यदि वकील खुद सुरक्षित नहीं हैं, तो हम निश्‍चित ही समझ सकते हैं कि आम तौर पर आम तौर पर सुरक्षित है ।",उन्होंने हाल ही में अलगअलग स्थानों पर हुई इस तरह की घटनाओं का उल्लेख करते हुए कहा कि जब अधिवक्ता समाज सुरक्षित नहीं है तो आम आदमी की सुरक्षा का सहज ही अंदाजा लगाया जा सकता है।,33.77,Medium,35,37,2
1649,rbs suspends two forex traders,दो ओर्बोज व्यापारियों के लिए सस्पेंड करता है, ने दो फॉरेक्स ट्रेडर्स को निलम्बित किया,13.88,Bad,8,7,1
1650,"royal bank of scotland has suspended two traders in its foreign exchange division according to two people familiar with the situation, in another sign that the global probe by regulators into the suspected manipulation of the currency market is rapidly gaining traction.",एक और संकेत है कि मुद्रा बाज़ार के प्रयोग के कारण विश्‍व - युद्ध तेज़ी से बढ़ रहा है ।,"रॉयल बैंक ऑफ स्कॉटलैन्ड ने अपने विदेशी मुद्रा विनिमय विभाग के दो ट्रेडर्स को निलम्बित कर दिया है, मामले से विज्ञ दो लोगों से यह जानकारी प्राप्त हुई, यह अन्य संकेत है कि मुद्रा बाजार के संदिग्ध हेरफेर में विनियामकों द्वारा की जाने वाली वैश्विक जांचपड़ताल द्रुत गति से आगे बढ़ रही है।",15.24,Bad,20,53,33
1651,"some of the worlds largest banks, including ubs, barclays, deutsche bank and rbs, have confirmed they are cooperating with regulators in investigations into the worlds largest financial market, where 5.3tn changes hands each day.","इनमें से कुछ सबसे बड़े बैंक हैं, जिनमें से कुछ पर्ब्बा, डब्बा बैंक और ग्रीब्ब भी शामिल हैं, उन्होंने विश्‍व भर में सबसे बड़े वित्तीय बाज़ार में खोज करनेवालों के साथ सहयोग दिया है, जहाँ ५.३ टन हाथों में बदल जाता है ।"," बारक्लेज, ड्यूश बैंक तथा सहित दुनिया के कुछ सबसे बड़े बैंकों ने पुष्टि की है कि दुनिया के सबसे बड़े वित्तीय बाजार जिसमें प्रत्येक दिन . ट्रिलियन का आदानप्रदान होता है, में जांचपड़ताल में वे विनियामकों के साथ सहयोग कर रहे हैं।",35.24,Medium,43,42,1
1652,the two traders would be the first rbs employees to be suspended in the widening probe that echoes the libor interbank lending manipulation scandal.,दो व्यापारियों का पहला माल होता है जो दिल खोलकर जाँच करने के लिए सबसे पहले कर्मचारी को लटका दिया जाता है ।,"ये दोनों ट्रेडर्स के प्रथम कर्मचारी होंगे, जिन्हें लिबॉर अंतरबैंक ऋण हेरफेर कांड की पुनरावृत्ति प्रतीत होने वाले मामले की जांचपड़ताल आगे बढ़ने के साथ निलम्बित किया गया है।",16.49,Bad,23,29,6
1653,"the bank, which declined to comment on the suspensions, confirmed this month that it has received requests for information from regulators.","बैंक ने, जो नल के बारे में टिप्पणी करने से इंकार कर दिया, इस महीने की पुष्टि की है कि उसे पुनर्भरणों से जानकारी के लिए निवेदन मिला है.",बैंक ने निलम्बन के बारे में टिप्पणी करने से इन्कार करते हुए पुष्टि की है कि बैंक को इस महीने विनियामकों से सूचना के लिए अनुरोध प्राप्त हुआ है।,45.84,Medium,29,29,0
1654,"our ongoing inquiry into this matter continues and we are cooperating fully with the fca and our other regulators, the bank said two weeks ago.","इस मामले में हमारी लगातार जाँच जारी रहती है और हम एफका और हमारे अन्य पुनर्वास के साथ पूरी तरह सहयोग दे रहे हैं, बैंक ने दो सप्ताह पहले कहा ।","दो सप्ताह पहले बैंक ने कहा था कि, इस मामले में हमारी जांच जारी है, तथा हम और अन्य विनियामकों के साथ पूर्ण सहयोग कर रहे हैं।",48.22,Medium,31,27,4
1655,"last month, people close to the situation said that rbs had turned over records of emails and instant messages to the uk regulator, the financial conduct authority, sent to and from a former trader.","पिछले महीने, लोगों ने स्थिति के क़रीब लोगों ने कहा कि ई.","पिछले महीने, मामले से विज्ञ लोगों ने कहा था कि ने भूतपूर्व ट्रेडर को भेजी गई तथा उनसे प्राप्त की गई ईमेल और त्वरित संदेशों के अभिलेखों को विनियामक, वित्तीय आचार प्राधिकरण को भेजा है।",16.71,Bad,12,35,23
1656,"this trader, richard usher, left rbs in 2010 and is understand to have be given leave from his current position as european head of forex spot trading at jpmorgan.","सन्‌ 2010 में, अमीर - अमीर लोगों की शुरूआत हुई ।","रिचर्ड यूशर नामक इस ट्रेडर ने वर्ष में छोड़ दिया था, तथा माना जाता है कि इसे, जे.पी.मोरगन में फॉरेक्स स्पॉट ट्रेडिंग के यूरोपियन प्रमुख के इसके वर्तमान पद से छुट्टी की गई है।",4.44,Bad,11,34,23
1657,"rohan ramchandani, head of european spot trading at citi, went on leave this week, while matt gardiner, a former senior currencies trader at barclays and ubs, was suspended by standard chartered this week.","इस सप्ताह को पार करने के लिए, कवर्सिलि के एक पूर्व पूर्व पूर्वतम प्रसंसा के व्यापारर, एक बार बार बार्बर्स और sbabs पर, मानक द्वारा निलंबित किया गया था इस सप्ताह.","सिटी में यूरोपियन स्पॉट ट्रेडिंग के प्रमुख रोहन रामचंदानी पिछले सप्ताह छुट्टी पर गए थे, जबकि बारक्लेज और में भूतपूर्व वरिष्ठ करेन्सी ट्रेडर को इस सप्ताह स्टैन्डर्ड चार्टर्ड द्वारा निलम्बित किया गया था।",26.56,Medium,31,33,2
1658,none of these traders have been accused of any wrongdoing.,इनमें से कोई भी व्यापारी किसी भी अपराध पर आरोप नहीं लगाया गया है ।,इनमें से किसी भी ट्रेडर पर किसी गलत कार्य का आरोप नहीं लगाया गया है।,53.37,Good,15,15,0
1659,"mr ushers instant message group included bankers at barclays and citigroup, people close to the situation said.",इस बारे में लोगों ने कहा कि वे उस वक्‍त के करीब हैं ।,मामले से विज्ञ लोगों ने बताया कि मि. यूशर के त्वरित संदेश समूह में बारक्लेज और सिटिग्रुप के बैंकर्स शामिल हैं।,15.62,Bad,14,21,7
1660,"ubs said this week it had taken action against some of its employees after the swiss regulator, finma, said it was investigating suspected manipulation of the foreign exchange market at a number of swiss banks.","ब्लू ने कहा कि इस सप्ताह ने अपने कर्मचारियों के कुछ कर्मचारियों के खिलाफ कार्यवाही की थी... ...clog, fina, यह सोचा गया था कि यह एक बहुत बड़ी दुकान पर विदेशी विनिमय बाजार का प्रयोग कर रहा था."," ने कहा कि, स्विस विनियामक, फिनमा द्वारा यह बताए जाने के पश्चात कि वह बहुत से स्विस बैकों में विदेशी मुद्रा बाजार की संदिग्ध हेरफेर की जांचपड़ताल कर रही है, इस सप्ताह उसने अपने कुछ कर्मचारियों के विरुद्ध कार्रवाई की है।",31.88,Medium,38,41,3
1661,"at least six authorities globally the european commission, finma, switzerlands competition authority weko, the fca, the department of justice in the us and the hong kong monetary authority are looking at allegations that bankers colluded to move the currencies market.","कम - से - कम छः अधिकारियों ने दुनिया भर में आम जनता के लिए जो काम किया है, उसका श्रेय हमको, फ़ाका, न्याय विभाग, और हम में न्याय के विभाग का अधिकार दिया गया है ।","वैश्विक स्तर पर कम से कम छह प्राधिकरण यूरोपियन आयोग, फिनमा, स्विटजरलैंड का प्रतिस्पर्धा प्राधिकरण वीको, , में न्याय विभाग, तथा हाँग काँग मौद्रिक प्राधिकरण बैंकर्स पर मुद्रा बाजार में अपने अनुकूल उतारचढ़ाव करवाने के लिए दुरभिसंधि किए जाने के आरोपों की जांच कर रहे हैं।",18.54,Bad,37,46,9
1662,"hsbc, citigroup, jpmorgan and credit suisse have also launched internal probes or received requests for information from regulators, said people familiar with the situation.",यही वजह है कि लोगों को इस हालात से अच्छी तरह वाकिफ होना पड़ा है ।,"मामले से परिचित लोगों ने बताया कि, , सिटीग्रुप, जे.पी.मोरगन, तथा क्रेडिट सुइस ने भी आंतरिक जांच पड़ताल की है, अथवा विनियामकों की ओर से सूचना के लिए अनुरोध प्राप्त किया है।",10.58,Bad,16,32,16
1663,banks are scouring through years worth of instant messages and emails to search for instances of wrongdoing.,"जैसे - जैसे सालों बीतता जा रहा है, वैसे - वैसे इस तरह के संदेश और ई - मेल गलत काम की मिसालों की खोज में लग रहे होते हैं ।",बैंक किसी गलत क्रियाकलाप के सुराग की तलाश में कई सालों के बराबर त्वरित संदेश और ईमेल की बारीकी से जांच कर रहे हैं।,25.6,Medium,31,24,7
1664,news about the probes has rattled traders in an area that has been one of the bigger profit drivers of investment banks trading units in past years but which has been challenged this year as low volatility in currencies cuts opportunities for speculators.,इस खोज ने एक ऐसे क्षेत्र में व्यापारियों को उलझन में डाल दिया है जो पिछले वर्षों में निवेश बैंकों के व्यापार इकाइयों में से एक बड़े लाभ चालकों में से एक रहा है लेकिन जो इस साल पर सवाल किया गया है कि इस साल Tamacs में Tapesss में कम scrapss के लिए अवसर काटने के अवसरों को काट दिया गया है।,"जांचपड़ताल के बारे में समाचार ने, ऐसे क्षेत्र के ट्रेडर्स में खलबली मचा दी है, जो पिछले कई वर्षों से निवेश बैंकों की ट्रेडिंग इकाई में सबसे अधिक लाभ कमाने वाले प्रमुख व्यक्तियों में से रहे हैं, लेकिन उन्हें इस वर्ष चुनौती का सामना करना पड़ रहा है, क्योंकि करेन्सीज में कम उतारचढ़ाव के कारण सट्टेबाजों के लिए अवसरों में कमी आई है।",30.71,Medium,63,63,0
1665,"some bankers have tried to play down the affair by saying the vast and highly liquid foreign exchange market is almost impossible to manipulate, but senior traders are saying this is not necessarily true.","कुछ बैंकरों ने बड़ी और बहुत ही साफ़ पानी - रहित विदेशी खोज - बाज़ार को बोलने की कोशिश की है, लेकिन वृद्ध व्यापारियों को यह कहना ज़रूरी नहीं है कि यह सच नहीं है ।","कुछ बैंकर्स ने यह कहकर मामले को दबाने का प्रयास किया कि बहुत ही विशाल तथा अत्यधिक लिक्विड विदेशी मुद्रा विनिमय बाजार में हेरफेर करना असंभव दृश्य है, लेकिन वरिष्ठ ट्रेडर्स का कहता है कि जरूरी नहीं है कि ऐसा सच हो।",27.41,Medium,36,42,6
1666,"a senior trader said that despite the huge volume of daily foreign exchange trading, the fragmentation of liquidity between different trading platforms and banks increasing use of their own internal platforms meant that you can start to get an impact on the market at quite small ticket prices.","एक बुज़ुर्ग व्यापारी ने कहा कि रोज़मर्रा के व्यापार की बड़ी मात्रा के बावजूद, अलग - अलग व्यापार मंचों और अपने आंतरिक मंचों के बढ़ते प्रयोग के बीच द्रव का टुकड़ा, इस बात का अर्थ था कि आप बाज़ार पर काफ़ी छोटी क़ीमतों पर एक प्रभाव डालना शुरू कर सकते हैं ।",वरिष्ठ ट्रेडर ने कहा कि विदेशी मुद्रा क्रयविक्रय के अत्यधिक विशाल परिमाण के बावजूद अलगअलग ट्रेडिंग प्लेटफॉर्म के बीच लिक्विडिटी का विखंडन तथा बैंकों द्वारा अपने स्वयं के प्लेटफॉर्म के बढ़ते उपयोग का अर्थ है कि आप थोड़े कम टिकट मूल्य पर बाजार को प्रभावित करना शुरू कर सकते हैं।,30.39,Medium,52,50,2
1667,the news came on the same day as credit suisse announced it had dismissed a trader at its london exchange traded funds desk this week after he had caused a nearly 6m loss late last year.,"पिछले साल करीब 6 बजे के बाद, जब क्रेडिट कार्ड की वजह से उसने व्यापार के लिए पैसे जमा कर लिए थे, तो उसी दिन खबर आयी थी ।","यह समाचार उसी दिन आया, जिस दिन क्रेडिट सुइस ने लंदन में अपने एक्सचेन्ज ट्रेडेड फंड्स डेस्क से ट्रेडर को इस सप्ताह सेवाच्युत किए जाने की घोषणा की थी, जिसने पिछले वर्ष के अंत में लगभग मिलियन का घाटा किया था।",17.19,Bad,29,41,12
1668,the bank promptly notified the relevant authorities and has been cooperating with its regulators.,बैंक ने तुरन्त संबंधित अधिकारियों को सूचित किया और उसके पुनर्भरणों के साथ सहयोग दिया गया है ।,बैंक ने तुरन्त ही सुसंगत प्राधिकरणों को अधिसूचित किया तथा अपने विनियामकों के साथ सहयोग कर रहा है।,46.72,Medium,18,18,0
1669,"we are confident the trader acted alone and that the matter has been contained, credit suisse said.",हमें भरोसा है कि व्यापारकर्ता अकेले कार्य करता है और इस मामले में इस बात का श्रेय आता है ।,"क्रेडिट सुइस ने कहा कि हमें विश्वास है कि ट्रेडर ने अकेले ही कार्य किया था, तथा उसे नियंत्रित कर लिया गया है।",21.71,Medium,20,23,3
1670,"the students studying various courses, including technical and administrative courses, will be able to exercise their right to vote.",इसमें तकनीकी और प्रशासनिक कोर्स भी शामिल हैं ।,परिसर में चलने वाले तकनीकी व प्रबंधन समेत अन्य कोर्स की पढ़ाई कर रहे छात्र इस बार अपने मताधिकार का प्रयोग कर सकेंगे।,13.86,Bad,9,23,14
1671,the university vicechancellor wrote to the governor seeking permission to hold elections.,विश्‍व - दर्शन,विश्वविद्यालय कुलपति ने चुनाव कराने की अनुमति के लिए राज्यपाल को पत्र लिखा है।,4.66,Bad,3,14,11
1672,the university students union had demanded to begin the election process.,विश्‍वविद्यालय के विद्यार्थियों ने चुनाव की प्रक्रिया शुरू करने की माँग की थी ।,विश्वविद्यालय में प्रवेश प्रक्रिया शुरू होने के साथ छात्रसंघ चुनाव करवाने की मांग उठने लगी थी।,40.42,Medium,14,16,2
1673,they also organised a petition to support the campaign and make their voices heard by the university administration and college management.,उन्होंने इस अभियान का समर्थन करने के लिए भी निवेदन किया और विश्‍वविद्यालय के प्रशासन और कॉलेज प्रबंधन द्वारा अपनी आवाज़ सुनायी दी ।,विश्वविद्यालय प्रशासन व कॉलेज प्रबंधन तक अपनी आवाज पहुंचाने के लिए उन्होंने अपने प्रतिनिधि के चयन को लेकर हस्ताक्षर अभियान भी चलाया था।,43.53,Medium,24,23,1
1674,"the students enrolling in over two dozen courses including b.tech, mba, pharmacy, biotechnology, bioscience, tourism management and paramedical science held on the campus, will be able to elect their representative.",विद्यार्थियों को दो दर्जन से अधिक कोर्सों में शामिल किया जाता है जिनमें एम.,"परिसर में संचालित बीटेक, एमबीए, फार्मेसी, बायोटेक्नोलॉजी, बायोसाइंस, टूरिज्म मैनेजमेंट व पैरामेडिकल साइंस समेत करीब दो दर्जन कोर्स में प्रवेश लेने वाले छात्र इस साल अपना प्रतिनिधि चुन सकेंगे।",12.21,Bad,14,29,15
1675,more than six thousand students will be getting their first opportunity to exercise their franchise.,छ: हज़ार से भी ज़्यादा विद्यार्थी अपना गुज़ारा करने का पहला मौका पाएँगे ।,यहां पर पढ़ाई करने वाले छह हजार से अधिक छात्रों को पहली बार मताधिकार का प्रयोग करने का मौका मिलेगा।,19.09,Bad,14,20,6
1676,"the vicechancellor, dr. ashok kumar, said that the university has sought permission from the governor for the election.","Eukkkkaku, ने कहा कि विश्‍वविद्यालय ने चुनाव के लिए गवर्नर से अनुमति माँगी है।",कुलपति प्रो. अशोक कुमार ने बताया कि विश्वविद्यालय में चुनाव कराने को राज्यपाल से अनुमति मांगी है।,35.52,Medium,14,17,3
1677,once approval is obtained the election date will be announced.,चुनाव तिथि प्राप्त करने के बाद जब अनुमोदन प्राप्त होगा तब घोषणा की जाएगी ।,अनुमति मिलते ही चुनाव की तिथि घोषित कर दी जाएगी।,32.19,Medium,15,10,5
1678,he said it is the responsibility of the college administration to hold elections in other colleges.,उन्होंने कहा कि यह कॉलेज प्रशासन की जिम्मेदारी है अन्य कॉलेजों में चुनाव रखने के लिए।,"उन्होंने कहा, अन्य कॉलेजों में चुनाव कराना कॉलेज प्रबंधन की जिम्मेदारी है।",70.77,Good,16,12,4
1679,many colleges do not want to hold student union elections in their campus.,कई कॉलेजों में विद्यार्थी संघ को अपने पड़ोस में रखना नहीं चाहते।,कई कॉलेज प्रबंधन नहीं चाहते हैं कि उनके परिसर में छात्रसंघ चुनाव हो।,30.59,Medium,12,13,1
1680,"however, due to the lack of unity among the students, elections were not being held.","फिर भी, विद्यार्थियों के बीच एकता की कमी के कारण चुनाव नहीं किए जा रहे थे ।","वहीं, छात्रों में एकता न होने के कारण भी चुनाव नहीं हो पा रहे हैं।",31.13,Medium,17,15,2
1681,the union organised a petition for elections.,इस संघ ने चुनाव के लिए एक निवेदन स्थापित किया ।,चुनाव के लिए परिषद ने हस्ताक्षर अभियान चलाया था।,30.41,Medium,11,9,2
1682,"akash jaiswal, division organiser abvp","एक भारी फिल्टराफ़ैव, विभाजन आयोजक Abvp","आकाश जायसवाल, विभाग संयोजक एबीवीपी",19.1,Bad,6,5,1
1683,after diwali permission will be sought from the district administration to hold elections in colleges.,कॉलेजों में चुनाव रखने के लिए ज़िला प्रशासन से अनुमति मांगी जाएगी.,दीपावली के बाद जिला प्रशासन से कॉलेजों में चुनाव कराने की अनुमति मांगी जाएगी।,62.24,Good,12,14,2
1684,the unclear views of various colleges is also making it difficult to hold elections.,अलग - अलग कॉलेजों के काल्पनिक विचारों से चुनाव करना भी मुश्‍किल हो जाता है ।,छात्रसंघ चुनाव को लेकर कॉलेजों का नजरिया साफ न होने से भी इसमें दिक्कतें आ रही हैं।,24.25,Medium,16,17,1
1685,people purchased a lot of utensils as well as gold and silver on the occasion of dhanteras in the capital.,उन्होंने राजधानी में डेनस के अवसर पर बहुत से बर्तन और सोने और चाँदी खरीद लिए ।,धनतेरस पर राजधानी में बर्तनों से लेकर सोने व चांदी की खूब खरीददारी लोगों ने की है।,31.85,Medium,17,17,0
1686,sales have increased by 20 to 30 since last year.,पिछले साल से बिक्री 20 से 30 तक बढ़ गयी है ।,ऐसी खरीदारी में बीते वर्ष की अपेक्षा से फीसदी बढ़ोतरी हुई है।,11.54,Bad,12,12,0
1687,people crowded the jewellery shops in simla.,लोग सामला में रत्न की दुकानों में भीड़ - भाड़ में आते हैं ।,शिमला में आभूषणों की दुकानों में लोंगों का हुजूम लगा रहा।,35.2,Medium,14,11,3
1688,the utensil shops set up in lower bajar to maal road were crowded.,वे बड़ी भीड़ - भाड़वाले रास्ते से गुज़र रहे थे ।,लोअर बाजार से लेकर मालरोड तक सजने वाली बर्तनों की दुकानों में भी काफी भीड़ देखी गई।,12.38,Bad,11,17,6
1689,"although inflation had plagued these items, people did not seem to be pennypinching while purchasing on this auspicious occasion.","हालाँकि इस सुखद अवसर पर खरीदने के दौरान लोग पैसा इकट्ठा नहीं करते थे, फिर भी ऐसा प्रतीत होता था कि लोग इन चीज़ों को खा रहे थे ।","हालांकि इस वर्ष ऐसी वस्तुओं पर महंगाई का ग्रहण लगा रहा, लेकिन लोगों ने फिर भी शुभ मुहुर्त पर खरीददारी करने में कंजूसी नहीं दिखाई।",22.17,Medium,29,25,4
1690,"the auspicious times for purchases on friday were from 752 am to 1012 am, 156 pm to 337 pm and 617 pm to 812 pm.","Frox2 से 1012 तक खरीदते वक्‍त, 16 pm और 617 पेज 812 तक की रोटी खरीदने का बढ़िया मौका था ।",शुक्रवार को खरीददारी के लिए शुभ मुहर्त सुबह से बजे तक तथा से बजे तक व बजे से बजे तक रहा।,12.28,Bad,21,21,0
1691,large crowds gathered in shops on all the three auspicious times in simla and the suburbs.,इन तीनों जगहों पर बड़ी भीड़ इकट्ठी हुई थी ।,उक्त तीनों मुहुर्त के समय शिमला सहित उपनगरों में लोगों की अधिक भीड़ अधिक खरीददारी के लिए उमड़ी।,11.69,Bad,10,18,8
1692,there wasnt even a place to stand for people in the lower bazaar in simla.,सिज़ाला में लोगों के लिए भी एक जगह थी ।,शिमला लोअर बाजार में तो लोगों को पैर धरने के लिए स्थान नहीं मिला।,19.38,Bad,10,14,4
1693,"every shop, large and small, was crowded.","हर दुकान, बड़े - बड़े, भीड़ - भाड़वाले थे ।",हर छोटी बड़ी दुकान में भीड़ भी इसी प्रकार लगी रही।,17.16,Bad,10,11,1
1694,when the thirteenth day of the kartik month is celebrated as dhanteras it is considered to be a sign of a happy diwali.,"जब ख्खिक महीने का तेरहवां दिन दर्कस के रूप में मनाया जाता है, तो यह एक आनन्दित तेजता का चिन्ह माना जाता है ।",ऐसे में जब कार्तिक मास की कृष्ण पक्ष की त्रयोदशी धनत्रयोदशी के रूप मे मनाई जाने वाले धनतेरस पर खरीदारी शुभ दीपावली के संकेत हैं।,16.76,Bad,24,25,1
1695,supreme court upholds obama health care law,उच्च न्यायालय ब्लॉमा स्वास्थ्य देखभाल नियम का समर्थन करता है,सर्वोच्च न्यायालय ने ओबामा स्वास्थ्य सेवा कानून का समर्थन किया,49.79,Medium,10,10,0
1696,"in a major victory for the obama administration, the us supreme court today ruled barack obamas signature health care law is constitutional.",आज बड़े पैमाने पर बड़े पैमाने पर अदालत के फैसले में देश - भक्‍ति के कानून का पालन किया जाता है ।,"ओबामा प्रशासन के लिए एक प्रमुख जीत के रूप में, यू.एस. सर्वोच्च न्यायालय ने आज बराक ओबामा के नाम पर स्वास्थ्य सेवा कानून को संवैधानिक घोषित किया।",14.42,Bad,22,27,5
1697,"by a 54 vote, the justices ruled the patient protection and affordable care acts individual mandate which requires citizens to buy health insurance by 2014 or else pay a penalty was constitutional under the taxing power of the government.","एक 54 वोट के द्वारा, न्यायाधीशों ने मरीज़ की सुरक्षा और महँगी देखभाल के लिए एक व्यक्‍ति को आदेश दिया कि 2014 तक स्वास्थ्य बीमा खरीद लें या फिर सरकार के कर देने की अनुमति दें ।", मतों से न्यायाधीशों ने रोगी सुरक्षा तथा वहनीय देखभाल अधिनियम के पृथक आदेश जिसके अन्तर्गत नागरिकों को वर्ष से पहले स्वास्थ्य बीमा खरीदने अथवा दण्ड देने की आवश्यकता होगी के पक्ष में फैसला दिया कि यह सरकार की कर अधिरोपित करने की शक्ति के अन्तर्गत संवैधानिक था।,30.43,Medium,37,47,10
1698,"chief justice john roberts sided with the four more liberal members of the court while justices scalia, thomas, alito and kennedy dissented.","न्याय के दौरान न्याय की कैंचिया, सुमोआ, अटेटोटो और अभिनयित विरोध के बावजूद अदालत के चार और उदार सदस्यों के साथ न्यायाधीशों ने अदालत के चार और अधिक उदार सदस्यों का पक्ष लिया ।","मुख्य न्यायाधीश जॉन रॉबर्ट ने न्यायालय के चार अन्य उदारवादी सदस्यों का समर्थन किया, जबकि अन्य न्यायाधीश स्कैलिया, थॉस, एलिटो तथा केनेडी ने असहमति जतायी।",28.21,Medium,34,25,9
1699,"the court also upheld the remaining sections of the 2700 page law, and further held that the health care laws requirement that states increase medicaid eligibility or else lose all federal medicaid funding is not unconstitutionally coercive.","अदालत ने २,७०० पेज नियम के बाक़ी भागों का समर्थन भी किया, और आगे कहा कि स्वास्थ्य देखभाल - संबंधी नियम जो स्वास्थ्य देखभाल - संबंधी आवश्‍यकताओं को बढ़ाते हैं या अन्य सभी संघीय अंशदानों को खो देते हैं ।","न्यायालय ने पृष्ठ वाले इस कानून के शेष अनुच्छेदों का भी समर्थन किया है, तथा कहा कि स्वास्थ्य सेवा कानून की यह शर्त कि राज्य मेडिकेड पात्रता में वृद्धि करें अथवा वे सभी संघीय मेडिकैड वित्त पोषण गवा देंगे, अंसवैधानिक रूप से अवपीड़क नहीं है।",23.16,Medium,40,45,5
1700,the suit to block the law was brought by 26 states and the national federation of independent business.,कानून को रोकने के सूट को 26 राज्यों और स्वतंत्र व्यवसाय के राष्ट्रीय भरण - पोषण के द्वारा लाया गया था ।,"इस कानून को रोकने लिए राज्यों, तथा राष्ट्रीय स्वतंत्र व्यवसाय महासंघ द्वारा यह याचिका लायी गई थी।",50.3,Good,22,17,5
1701,"the law was vigorously opposed by each of the major republican presidential candidates during the 2012 primary season, including presumptive nominee mitt romney.","सन्‌ 2012 के शुरूआती दिनों में, हर मुख्य गणराज्य के राष्ट्रपति ने इस कानून का कड़ा विरोध किया ।"," के आरंभिक सत्र के दौरान इस कानून का विरोध सभी प्रमुख रिपब्लिकन राष्ट्रपति उम्मीदवारों द्वारा किया गया था, जिसमें प्रकल्पिक नामांकित व्यक्ति मिट रूमनी भी शामिल हैं।",23.2,Medium,19,27,8
1702,its true that we cannot even move without money.,यह सच है कि हम पैसे के बिना भी आगे नहीं बढ़ सकते ।,सही है कि धन के बिना हमारा काम नहीं चल सकता।,27.4,Medium,14,11,3
1703,"money is one of the most important requirements for survival, but considering it as the most important thing is not in our best interest.","पैसे का बचाव करने के लिए सबसे ज़रूरी माँगें क्या हैं, लेकिन इस पर ध्यान देना हमारी सबसे बड़ी चिंता नहीं है ।","जीवन यापन के लिए धन सबसे बड़ी जरूरतों में से एक है, लेकिन इसे ही सब कुछ मान लेना हमारे हित में नहीं है।",37.44,Medium,23,24,1
1704,we celebrate dhanteras on krishna trayodashi in the month of kartika.,हम कितिका के महीने में कोरिशना ट्रेशी पर डार्शी का जश्‍न मनाते हैं ।,कार्तिक मास की कृष्ण त्रयोदशी को हम धनतेरस मनाते हैं।,28.22,Medium,14,10,4
1705,"kuber, the lord of wealth, and yama, the lord of death yama are worshipped during dhanteras.","धन का स्वामी, धन का स्वामी, और यामा, मृत्यु का स्वामी डेनया के दौरान उपासना की जाती है।",धनतेरस को धन के देवता कुबेर और मृत्यु देवता यमराज की पूजा की जाती है।,29.48,Medium,18,15,3
1706,money plays an important part in our religion and life.,पैसा हमारे धर्म और जीवन में एक महत्त्वपूर्ण भूमिका अदा करता है ।,हमारे धर्म एवं जीवन में धन का महत्वपूर्ण स्थान है।,47.93,Medium,13,10,3
1707,money is neither good nor bad.,पैसा न तो अच्छा है और न ही बुरा ।,कोई भी धन अच्छाबुरा नहीं होता।,27.28,Medium,10,6,4
1708,it is our attitude towards money that is good or bad.,हम पैसे के बारे में कैसा महसूस करते हैं?,अच्छीबुरी होती है धन के प्रति हमारी भावना।,9.28,Bad,9,8,1
1709,"there is nothing more valuable than wealth that is used for the wellbeing of mankind, but if wealth becomes the cause of ego, then it is of no value.","लोगों की भलाई के लिए इस्तेमाल की गयी धन - दौलत से बढ़कर कुछ भी नहीं, लेकिन अगर धन - दौलत घमंड की वजह बन जाए, तो इसका कोई मोल नहीं ।","जो धन मानवता के कल्याण के काम आए उससे बढ़कर मूल्यवान कोई और वस्तु नहीं हो सकती, लेकिन जो धन अहंकार का कारण बने उसका कोई मतलब नहीं।",25.52,Medium,32,28,4
1710,wealth should be earned with a sacred objective and should also be spent on sacred objectives.,धन को एक पवित्र उद्देश्‍य से कमाया जाना चाहिए और पवित्र लक्ष्यों पर भी ख़र्च करना चाहिए ।,धन को हम पवित्र उद्देश्य से कमाएं और पवित्र उद्देश्य से ही व्यय करें।,41.25,Medium,18,14,4
1711,it is the duty of everyone to earn money for the wellbeing of the family.,परिवार की भलाई के लिए पैसा कमाना हर किसी का कर्तव्य है ।,परिवार के भरणपोषण के लिए धन कमाना हर व्यक्ति का कर्तव्य है।,47.88,Medium,13,12,1
1712,"there should also be some sense of social expenditure, but the tendency to the unlimited accumulation or creation of wealth by any means can be bad for our conscience and personality.","सामाजिक खर्चों का भी कुछ भाव होना चाहिए, लेकिन किसी भी तरह हमारे अंतःकरण और व्यक्‍तित्व के लिए असीमित बहुतायत या भौतिक सृष्टि की प्रवृत्ति ।","इसका कुछ भाग समाज पर व्यय करने की भावना भी होनी चाहिए, लेकिन बेहिसाब संग्रहण अथवा येनकेनप्रकारेण धन अर्जित करने की प्रवृत्तिहमारे विवेक, व्यक्तित्व का नाश कर देती है।",30.82,Medium,26,29,3
1713,there should always be a spirit of charity on our minds.,हमेशा हमारे मन में प्रेम की आत्मा होनी चाहिए ।,दान की भावना सदा मन में रहनी चाहिए।,33.13,Medium,10,8,2
1714,"even a fraction of your wealth, given by you, can become the basis of someones livelihood.",यहाँ तक कि आपकी धन - दौलत का एक अंश भी किसी की रोज़ी - रोटी का आधार बन सकता है ।,आपके द्वारा दिया गया धन का एक अंश भी किसी के जीवन यापन का आधार बन सकता है।,48.24,Medium,22,18,4
1715,many people in society are living in extreme poverty. we all must think about them.,समाज के अनेक लोग अत्यधिक ग़रीबी में जी रहे हैं ।,समाज में अनेक लोग भयंकर अभाव में जी रहे हैं उनके लिए हम सभी को सोचना चाहिए।,30.82,Medium,11,17,6
1716,"in fact wealth, religion, desire and salvation have been given equal importance in all walks of life.","दरअसल धन, धर्म, इच्छा और उद्धार को जीवन के सभी मार्गों में बराबर महत्त्व दिया गया है ।","वास्तव में जीवन के पुरुषाथरें में अर्थ, धर्म, काम और मोक्ष को बराबर महत्व दिया गया है।",42.4,Medium,18,17,1
1717,everyone wishes for wealth and success and depending on how hard they work they achieve wealth and success.,हर कोई धन - दौलत और कामयाबी की चाहत रखता है और इस बात पर निर्भर करता है कि वे धन - दौलत और कामयाबी पाने के लिए कितना मेहनत करते हैं ।,सभी लोग धन और यश की कामना करते हैं और उनके पुरुषार्थ के अनुसार ही उन्हें धन और यश प्राप्त भी होता है।,19.77,Bad,33,23,10
1718,only wealth gained with selfrespect is long lasting.,"धन - दौलत और ऐशो - आराम की चीज़ों के सिवा कुछ नहीं, वह हमेशा के लिए बनी रहती है ।",वही धनसंपदा टिकाऊ होती है जिसके साथ सम्मान जुड़ा हुआ हो।,15.43,Bad,21,11,10
1719,"no criminal, no matter how wealthy he becomes, can never enjoy his wealth in the correct manner and nor can he be useful to others.","कोई भी अपराधी, चाहे वह कितना अमीर क्यों न हो, अपने धन का कभी - भी सही तरीक़े से आनन्द नहीं उठा सकता और न ही वह दूसरों के लिए उपयोगी हो सकता है ।","कोई भी अपराधी कितना भी धनवान क्यों न हो जाए, वह न तो उसका सही तरह से उपभोग कर सकता है और न ही किसी दूसरे के काम आ सकता है।",39.65,Medium,35,31,4
1720,do not envy someone who has money.,किसी के पास पैसे है कि ईर्ष्या मत कीजिए ।,किसी और के पास धन हो तो उससे ईष्र्या न करें।,22.41,Medium,10,11,1
1721,true wealthy is the one which makes it possible for wealth to flow through numerous hands.,सच्चा धनी वह होता है जो बहुत - से हाथों से धन - दौलत कमाने के लिए संभव बनाता है ।,सच्चा धनवान वही है जो धन के असंख्य हाथों में बहने का मार्ग बनाए।,28.9,Medium,21,14,7
1722,there is no more appropriate use for wealth than that of creating jobs for others.,धन - दौलत के लिए दूसरों के लिए काम करने से ज़्यादा कोई फायदा नहीं होता ।,दूसरों के लिए रोजगार के सृजन से बढ़कर धन का सदुपयोग और कोई नहीं हो सकता।,31.97,Medium,17,16,1
1723,"also bear in mind, wealth does not come only in the form of money.",यह भी याद रखिए कि धन - दौलत सिर्फ पैसे के रूप में ही नहीं आती ।,"एक और बात, धन केवल मुद्रा के रूप में नहीं होता।",27.0,Medium,17,11,6
1724,"health, character and love for others is also a kind of wealth.","दूसरों के लिए स्वास्थ्य, चरित्र और प्रेम भी एक क़िस्म की दौलत है ।","यह आपके स्वास्थ्य, चरित्र, दूसरों के प्रति प्रेम के रूप में भी होता।",44.29,Medium,14,13,1
1725,try to gain possession of this kind of wealth.,इस तरह की दौलत हासिल करने की कोशिश कीजिए ।,कोशिश करें कि आप इसी धन के स्वामी बनें।,20.35,Medium,10,9,1
1726,this morning in agra a subinspector lost his life and four people were severely injured after a direct collision between a truck and a police jeep.,इस सुबह एक उप - सैनिक ने अपना जीवन खो दिया और चार लोगों को ट्रक और एक पुलिस स्ले के बीच सीधे टकराने के बाद बुरी तरह घायल कर दिया गया ।,आगरा में आज सुबह ट्रक तथा पुलिस की जीप में सीधी भिड़त होने से एक सब इंस्पेक्टर की मौत हो गई जबकि चार लोग गंभीर रूप से घायल हैं।,20.41,Medium,33,29,4
1727,near the tora police chowky in the tajganj station area a police jeep going at full speed collided headon with a truck.,बाँग्लादेश में पुलिस के पुलिस - स्टेशन के पास एक पुलिस बज रही थी जो ट्रक के साथ पूरी गति से चल रही थी ।,ताजगंज थाना क्षेत्र के टोरा पुलिस चौकी के पास आज सुबह पुलिस की तेज रफ्तार जीप ट्रक में घुस गई।,22.7,Medium,25,20,5
1728,subinspector register singh died on the spot and four constable were severely injured.,उस वक्‍त चार लोगों की मौत हो गयी थी ।,इस दुर्घटना में सब इंस्पेक्टर रजिस्टर सिंह की मौके पर ही मौत हो गई जबकि चार कांस्टेबल गंभीर रूप से घायल हैं।,10.83,Bad,10,22,12
1729,all of them were admitted to the medical college.,उन सभी को चिकित्सा कॉलेज में भर्ती किया गया ।,सभी को मेडिकल कालेज में भर्ती कराया गया है।,46.5,Medium,10,9,1
1730,"according to the information received, a resident named habibullah malla was walking towards willow nursery in haritara sopor on thursday.","इस जानकारी के मुताबिक, बबुब्बॉका के पास रहनेवाले एक निवासी, क्रीरा में काम करने जा रहे थे ।","जानकारी के अनुसार, वीरवार को हरीतारासोपोर में हबीबुल्ला मल्ला नामक एक शहरी विलो नर्सरी की तरफ जा रहा था।",22.2,Medium,18,19,1
1731,suddenly he was attacked by a bear.,अचानक वह एक भालू द्वारा हमला किया गया.,अचानक उस पर एक भालू ने हमला कर दिया।,36.16,Medium,8,9,1
1732,he cried for help to fight the bear off.,उसने हार मानने के लिए मदद के लिए पुकारा ।,उसने भालू का प्रतिरोध करते हुए मदद के लिए शोर मचाया।,29.81,Medium,10,11,1
1733,by the time the people around him came to his help the bear had badly bitten his face.,"जब उसके आस - पास के लोग उसकी मदद करने आए, तो उसने अपना चेहरा बुरी तरह काट दिया ।",जब तक उसकी मदद के लिए आसपास से लोग मौके पर पहुंचते तब तक भालू ने उसके चेहरे को बुरी तरह नोच खाया था।,28.96,Medium,20,24,4
1734,people shouted and threw rocks at the bear.,लोग चिल्लाया और भालू पर पत्थर फेंक दिया.,लोगों ने भालू पर पत्थर बरसाते हुए शोर मचाया।,33.75,Medium,8,9,1
1735,"then, the bear left habibullah and hid in the nursery.","फिर, भालू बाबीला छोड़ दिया और नर्सरी में छिपा दिया गया ।",इस पर वह हबीबुल्ला को छोड़ नर्सरी में छिप गया।,38.93,Medium,12,10,2
1736,the villagers took the injured man to hospital.,गाँववाले घायल आदमी को अस्पताल ले गए ।,ग्रामीणों ने घायल हबीबुल्ला को उपचार के लिए अस्पताल पहुंचाया।,20.17,Medium,8,10,2
1737,to achieve their set targets the incometax department has plans to start a campaign for collecting advance tax from tax payers.,उनके नियत लक्ष्य को प्राप्त करने के लिए आयटायोक्स विभाग ने करों से कर चुकाने से पहले कर लेने के अभियान शुरू करने की योजना बना दी है.,आयकर विभाग तय लक्ष्य को प्राप्त करने के लिए करदाताओं से अग्रिम टैक्स जमा कराने के लिए अभियान चलाने की योजना बनायी है।,48.71,Medium,28,23,5
1738,"more than 100 ngos, along with the executive management committee of the mahabodhi temple, declared a world heritage centre, were sent notices by the department.",एक विश्‍व विरासत केंद्र ने एक विश्‍व विरासत केंद्र की घोषणा की ।,विश्वदाय धरोहर घोषित महाबोधि मंदिर के प्रबंधकारिणी समिति सहित करीब से अधिक स्वयंसेवी संस्थाओं को विभाग की ओर से नोटिस निर्गत किया गया है।,10.7,Bad,13,24,11
1739,school students are also future tax payers.,स्कूल के विद्यार्थी भी भविष्य में कर अदा करनेवाले हैं ।,स्कूली छात्रछात्राएं जो भविष्य के करदाता हैं।,26.87,Medium,11,7,4
1740,the official have started reaching out to them too.,इस अधिकारी ने भी उनके पास आने की कोशिश की है ।,उनके पास अधिकारी पहुंचने लगे हैं।,40.52,Medium,12,6,6
1741,the gaya zone deputy director saurabh kumar rai announced details of the departmental action plan on tuesday to jagaran.,समलैंगिक क्षेत्र का उप - मंत्री साकूबा कुमार ने कहा कि आज के ज़माने में कर्सान के लिए विभागीय कार्यवाही की जानकारी दी जा रही है ।,गया अंचल के उपायुक्त सौरभ कुमार राय ने जागरण को मंगलवार को विभागीय कार्ययोजना के बारे में जानकारी दी।,33.52,Medium,27,19,8
1742,the deputy director said that the target for the current financial year was around rs. 9 crores.,उप - निर्देशक ने कहा कि मौजूदा वित्तीय वर्ष का लक्ष्य आर. 9 कोर के चारों ओर था ।,उपायुक्त श्री राय ने बताया कि करीब करोड़ रुपया चालू वित्तीय वर्ष का लक्ष्य है।,35.37,Medium,19,15,4
1743,out of which 40 percent will be obtained through tds and tcs.,इसमें से ४० प्रतिशत टी.,इसमें से करीब प्रतिशत टीडीएस और टीसीएस के माध्यम से प्राप्त हो जाती है।,22.84,Medium,5,14,9
1744,there are many sources from which to collect the remaining amount.,वहाँ अनेक स्रोत हैं जिनसे शेष मात्रा को एकत्र करना है ।,शेष राशि के लिए कई स्रोत है।,30.01,Medium,12,7,5
1745,he said an appeal is being made to tax payers to pay their advance taxes.,उसने एक निवेदन कहा कि करदाताओं को उनके कर अदा करने के लिए कर दिया जा रहा है ।,उन्होंने कहा कि अग्रिम टैक्स जमा कराने के लिए करदाताओं से अपील की जाती है।,34.09,Medium,19,15,4
1746,departmental actions are being brought against the tax defaulters.,कर रीकरर्स के खिलाफ विभागीय कार्यवाही की जा रही है.,कर वंचकों के खिलाफ विभागीय कार्रवाई होती है।,50.18,Good,10,8,2
1747,similarly there is a plan to selfmotivate the tax payers to pay.,उसी तरह कर चुकाने के लिए कर चुकाने वाले करों का आत्म - निरीक्षण करने की एक योजना है ।,वहीं करदाताओं को सही टैक्स देने के लिए स्वप्रेरित करने की योजना है।,31.71,Medium,20,13,7
1748,"for this reason officials have gone to the ima, the chamber of commerce and other institutions in gaya.","इस वजह से अधिकारी, व्यापार कक्ष और समलैंगिकी में अन्य संस्थाओं के कक्ष में गए हैं ।","जिसके तहत गया में आईएमए, चैंबर आफ कामर्स व अन्य संस्था के पास अधिकारी जा चुके हैं।",31.12,Medium,17,17,0
1749,he said that the chief commissioner of income tax has come to pay a visit after an invitation from the chamber.,उसने कहा कि आमदनी का प्रमुख अधिकारी कक्ष से निमंत्रण के बाद भेंट करने आया है ।,उन्होंने कहा कि स्वयं मुख्य आयकर आयुक्त मैडम गया में चैंबर के बुलावे पर आ चुकी हैं।,18.94,Bad,17,17,0
1750,he said that there is a strategy to spread awareness about taxes among the students from 9th to 12 grade.,उन्होंने कहा कि 9वीं से 12 अंक तक विद्यार्थियों को कर देने के बारे में जानने का एक तरीका है ।,उन्होंने कहा कि वर्ग के छात्रछात्राओं को टैक्स को लेकर जागरूक करने की नीति है।,29.51,Medium,21,15,6
1751,for this purpose he himself has met with many school students.,इस उद्देश्‍य के लिए वह खुद कई स्कूल विद्यार्थियों से मिला है ।,इसके तहत वे स्वयं कई स्कूल के बच्चों से रूबरू हो चुके हैं।,20.45,Medium,13,13,0
1752,children can also encourage their parents to be good tax payers.,बच्चे अपने माता - पिता को अच्छा कर देने के लिए भी प्रोत्साहित कर सकते हैं ।,बच्चे अपने अभिभावकों को भी एक अच्छा करदाता होने के लिए प्रेरित करते हैं।,45.06,Medium,17,14,3
1753,"he said there are a total of 42,000 members in the income tax department.","उन्होंने कहा कि आमदनी के कर विभाग में कुल मिलाकर ४,००० सदस्य हैं ।",उन्होंने कहा कि आयकर महकमा के कुल हजार सदस्य हैं।,52.92,Good,14,10,4
1754,this includes officers down to clerical staff.,इसमें पादरी वर्ग के कर्मचारी भी शामिल हैं ।,जिनमें अधिकारी से लेकर चपरासी शामिल हैं।,35.31,Medium,9,7,2
1755,he said that in the last financial year the department collected 5 lakh crores in taxes.,उन्होंने कहा कि पिछले वित्तीय वर्ष में विभाग ने करों में ५ ०० ०० रुपये इकट्ठा किए ।,उन्होंने कहा कि पिछले वित्तीय वर्ष में विभाग ने लाख करोड़ रुपया राजस्व वसूला था।,62.3,Good,18,15,3
1756,deputy director rai said that he was going to ask the commercial tax department for the records of any action taken against tax defaulters.,उसने कहा कि वह करों के खिलाफ किसी भी कार्यवाही के रिकॉर्ड के लिए व्यापार कर विभाग से पूछ रहा था ।,उपायुक्त श्री राय ने कहा कि वे वाणिज्य कर विभाग से कर वंचकों के खिलाफ की गई कार्रवाई के बारे में जानकारी मांगने जा रहे हैं।,29.89,Medium,22,26,4
1757,the program started with the national anthem and the lighting of the lamp by all the guests.,कार्यक्रम देश के लोगों के साथ शुरु हुआ और सभी मेहमानों ने दीपक की चमक शुरू की ।,कार्यक्रम का शुभारंभ राष्ट्रगान और सभी अतिथियों के करकमलों से दीप प्रज्वलित कर किया गया।,23.47,Medium,18,15,3
1758,"director, dr.s.k.garg, said that the institutions annual function is celebrated as the foundation day.",वे कहते हैं कि संस्थाएँ वार्षिक समारोह को नींव के दिन के तौर पर मनाया जाता है ।,निदेशक डा. एसके गर्ग ने कहा कि संस्थान का वार्षिकोत्सव स्थापना दिवस के रूप में मनाया जाता है।,34.96,Medium,18,18,0
1759,during this the alumni and students who have achieved the top position in the university are awarded the cash achievement award.,इस दौरान विश्‍वविद्यालय में सबसे ज़्यादा पद हासिल करनेवाले और विद्यार्थियों को नकदी सफलता का पुरस्कार दिया जाता है ।,इसमें संस्थान के पूर्व छात्रछात्राओं का तथा विवि स्तर पर शीर्ष स्थान प्राप्त करने वाले छात्रछात्राओं को कैश एचीव अवार्ड से सम्मानित किया गया।,18.0,Bad,20,24,4
1760,"for various competitions such as mehendi, debating skills, antakshari, dancing, singing and comedy shows prizes were presented to the winners.","कई प्रतियोगिताओं के लिए, जैसे कि योफनी, बहस कौशल, नृत्य, गाना, गाना और आनाली पुरस्कार विजेता को प्रस्तुत किया गया ।","विभिन्न प्रतियोगिताओं मेहंदी, वादविवाद, नृत्य, अंत्याक्षरी, गायन व कामेडी शो के विजेताओं को पुरस्कार वितरित किए गए।",36.09,Medium,21,17,4
1761,"the principal guest district collector, navdeep rinwa, and special guest, the principal of the llrm medical college, dr. pradeep bharati, appreciated the management initiatives.","मुख्य मेहमान - साथी, नीववा और खास मेहमान, डॉ.",मुख्य अतिथि जिलाधिकारी नवदीप रिणवा व विशिष्ट अतिथि एलएलआरएम मेडिकल कालेज के प्राचार्य डा. प्रदीप भारती ने प्रबंध तंत्र के कार्यो को सराहा।,6.53,Bad,9,23,14
1762,"the program was presided over by chaudhari vikram chandra goyal, vicechancellor of charan singh university, who said that the institution had honoured the university.",उन्होंने कहा कि इस संस्था ने विश्‍वविद्यालय को सम्मानित किया था ।,कार्यक्रम की अध्यक्षता कर रहे चौ. चरण सिंह विवि के कुलपति विक्रम चंद्र गोयल ने कहा कि संस्थान ने विवि को गौरवान्वित किया है।,21.42,Medium,12,24,12
1763,at the end of the function all the guests were given shawls and mementoes.,समारोह के अंत में सभी मेहमानों को चादर और मेले दिए गए ।,समापन पर सभी अतिथियों को शॉल ओढ़ाकर व स्मृति चिह्न भेंटकर सम्मानित किया गया।,13.11,Bad,13,14,1
1764,"before that chairman dr. s.p deshwal said that the aim was to provide the nation with the best and most worthy citizens by providing high quality education for students from all walks of life, who would help in moving the country forward.","उस अध्यक्ष डी. डी. डी. डी. डी.एल ने कहा कि यह उद्देश्य राष्ट्र को सबसे अच्छे और सबसे योग्य नागरिक प्रदान करने के लिए था... ... जीवन के सभी मार्गों से विद्यार्थियों के लिए उच्च गुणवत्ता शिक्षण प्रदान करने के द्वारा, जो देश को आगे बढ़ने में मदद करेगा.","इससे पहले चेयरमैन डा. एसपी देशवाल ने कहा कि उनका लक्ष्य समाज के प्रत्येक वर्ग के छात्रछात्राओं को गुणवत्तापूर्ण शिक्षा के माध्यम से राष्ट्र को श्रेष्ठ व योग्य नागरिक प्रदान करना है, जो राष्ट्र निर्माण में सहायक सिद्ध हो सकें।",33.06,Medium,49,40,9
1765,arnav chakravarti and jagvijay assisted during the function.,इस काम में एरना शावरी और सुजावी ने मदद की ।,अर्णव चक्रवर्ती व जगविजय ने सहयोग किया।,8.11,Bad,11,7,4
1766,megha singh and priti kaushik conducted the function.,मिघा पाप और मुख्य थाशिक ने इस समारोह को संचालित किया ।,संचालन मेघा सिंह व प्रीति कौशिक ने किया।,28.51,Medium,12,8,4
1767,"in a hearing held behind closed doors, after accepting the plea of the nia, special judge i.s. mehta has placed ahmed on remand for 14 days.","जेल के दरवाज़े के पीछे एक सुनवाई में, विशेष न्यायाधीश आइ.",विशेष जज आइएस मेहता ने बंद कमरे में हुई मामले की सुनवाई के बाद एनआइए की दलील को मंजूर करते हुए अहमद को दिन की रिमांड पर भेज दिया है।,13.39,Bad,11,30,19
1768,"according to sources, when presenting ujair ahmed to the court, the nia said that ujair ahmed was also among those accused of the patna serial bombings, along with imtiyaaz ansari and haider who are members of the indian mujahideen.","इस पर सरकारी अफसर ने कहा कि वे भी उन लोगों में से हैं, जो नीकाज़ी और ह्‍यूगनॉट्‌स के सदस्य हैं ।","सूत्रों के अनुसार, उजैर अहमद को अदालत के समक्ष पेश करते हुए एनआइए ने बताया कि उजैर अहमद पटना सीरियल धमाकों के मुख्य आरोपी इंडियन मुजाहिदीन के सदस्य इम्तियाज अंसारी और हैदर के साथ इस घटना में मुख्य रूप से शामिल था।",12.18,Bad,22,42,20
1769,ahmed had brought many other terrorists to ansari.,एक पल के लिए कई दूसरे आतंकवादी एक जर में लाए थे.,अहमद ने कई अन्य आतंकियों को अंसारी से मिलवाया था।,12.4,Bad,12,10,2
1770,the nia wants to find the other suspects in this case by interrogating ahmed.,यु. पू.,अहमद से पूछताछ के जरिये एनआइए मामले में अन्य आरोपियों को भी गिरफ्तार करना चाहती है।,1.2,Bad,2,16,14
1771,"the search for bombmaking material and the terrorists who made those bombs is still going on, in this case.","इस मामले में, बम बनाने के लिए और उन बमों को बनाने के लिए जो उन बम बना रहे हैं, खोज अब भी चल रही है ।",इस मामले में बम बनाने का सामान एवं उसे बनाने वाले आतंकियों की खोजबीन अभी बाकी है।,33.96,Medium,27,17,10
1772,"they have to take ahmed to bihar, jharkhand and many other states to do this and to facilitate this ahmeds remand is essential.","इन्हें बर्ड, जफ़केन और अनेक अन्य कहते हैं कि यह करने के लिए और इस स्वादिष्ट पुनःवास को पूरा करना अनिवार्य है ।","इसके लिए उन्हें अहमद को बिहार, झारखंड एवं कई राज्यों में लेकर जाना है, जिसके लिए उसे रिमांड पर लिया जाना जरूरी है।",18.03,Bad,23,23,0
1773,"it should be noted that the nia had arrested the man accused of the patna serial bomb blast, ujair ahmed from ranchi, on october 30th.","यह बात गौर करने लायक है कि अक्‍तूबर १५, १९९५ के दिन, यू. एस.",बता दें कि एनआइए ने पटना सीरियल धमाकों के मामले में आरोपी उजैर अहमद को रांची से अक्टूबर को गिरफ्तार किया था।,8.89,Bad,14,22,8
1774,the special task force stf exposed the fraud in the 2012 pmt just a day ago.,सन्‌ 2012 में एक दिन पहले ही धोखाधड़ी का परदाफाश किया गया ।,स्पेशल टास्क फोर्स एसटीएफ ने एक दिन पहले ही वर्ष की पीएमटी में फर्जीवाड़ा होने का खुलासा किया है।,20.62,Medium,13,19,6
1775,the stf found discrepancies in the enrolment numbers of 700 students.,सौफ ने 700 विद्यार्थियों की एनरोमेंट संख्या में पाया ।,एसटीएफ को जांच में छात्रों के रोल नंबर में गड़बड़ी मिली है।,12.77,Bad,10,12,2
1776,amongst them almost 125 students had been admitted into medical college.,उनमें से करीब 125 विद्यार्थी चिकित्सा कॉलेज में भर्ती हुए थे ।,इनमें से करीब छात्रों ने मेडिकल कॉलेजों में एडमिशन ले लिया था।,27.96,Medium,12,12,0
1777,now these students admissions will be declared void.,अब इन विद्यार्थियों को स्वीकार नहीं किया जाएगा ।,अब इन छात्रों के एडमिशन निरस्त हो सकते हैं।,15.49,Bad,9,9,0
1778,after the stfs revelation the medical examination department has started considering cancelling these students admissions.,चिकित्सा जाँच विभाग को प्रदर्शित करने के बाद इन विद्यार्थियों को सहमत कराने पर विचार - विमर्श करना शुरू किया गया है ।,एसटीएफ के खुलासे के बाद चिकित्सा शिक्षा विभाग ने इन छात्रों के प्रवेश निरस्त करने के लिए मंथन शुरू कर दिया है।,32.07,Medium,23,22,1
1779,according to the information provided the department is waiting for a complete list of all suspect students from the stf.,"विभाग की जानकारी के मुताबिक, सभी संदेही विद्यार्थियों की पूरी सूची का इंतज़ार कर रहे हैं ।",जानकारी के अनुसार विभाग इन सभी संदिग्ध छात्रों की सूची एसटीएफ से मिलने का इंतजार कर रहा है।,37.02,Medium,17,18,1
1780,the list will be sent to the peb to revoke the eligibility of the students involved.,इस सूची को विद्यार्थियों की बढ़तीता को फिर से निकालने के लिए भेजा जाएगा ।,इसमें शामिल छात्रों की पात्रता निरस्त करने के लिए व्यापमं को सूची भेजी जाएगी।,26.61,Medium,15,14,1
1781,"although, in this case, the department is also thinking of taking legal advice.","फिर भी, इस मामले में, विभाग भी कानूनी सलाह लेने की सोच रहा है ।",हालांकि इस मामले में विभाग कानूनी सलाह भी लेने की बात कह रहा है।,51.69,Good,15,14,1
1782,"the departmental officials said that the students enrolled in 2012 have completed one year, so taking legal advice is necessary.","विभाग के अधिकारियों ने कहा कि सन्‌ 2012 में विद्यार्थियों ने एक साल पूरे कर लिए हैं, इसलिए कानूनी सलाह लेना ज़रूरी है ।","विभागीय अधिकारियों का कहना है कि वर्ष में प्रवेश लेने वाले छात्रों को एक साल हो चुका है, इसीलिए इस मामले में कानूनी सलाह लेना जरूरी है।",36.91,Medium,24,27,3
1783,"as the case is now under an stf enquiry, department of medical education officials are not in a position to make a statement.","जैसे - जैसे मामला अब एक अति संक्षिप्त रूप से हो रहा है, चिकित्सीय शिक्षण अधिकारियों का विभाग एक कथन करने के लिए स्थिति में नहीं हैं ।",मामला अभी एसटीएफ की जांच तक ही सीमित होने से चिकित्सा शिक्षा विभाग के अधिकारी कुछ भी कहने की स्थिति में नहीं हैं।,41.18,Medium,28,23,5
1784,"the peb director, tarun pithore, said, if the stf provides us the list of suspected students with proof, then their admission would be cancelled immediately.","वे कहते हैं कि अगर वे हमें संदेही विद्यार्थियों की सूची सबूत देकर देते हैं, तो उनकी मंज़ूरी तुरंत रद्द कर दी जाएगी ।",व्यापमं संचालक तरुण पिथोरे का कहना है कि अगर एसटीएफ सबूत के साथ संदिग्ध छात्रों की सूची सौंपती है तो उनके प्रवेश तत्काल निरस्त होंगे।,22.76,Medium,24,25,1
1785,"the director of medical education, dr.nirbhay srivastava, also said, if the students admissions were found to be forged, we would cancel their admissions.","उन्होंने यह भी कहा कि अगर विद्यार्थियों को कबूल किया जाए, तो हम उनकी मंज़ूरी रद्द कर देंगे ।","उधर, संचालक चिकित्सा शिक्षा डॉ. निर्भय श्रीवास्तव ने बताया कि छात्रों के फर्जी एडमिशन होना सही पाए जाने पर उनके प्रवेश निरस्त करने से इंकार भी नहीं किया है।",12.27,Bad,19,29,10
1786,according to stf officials the forged student admissions included in the pmt for the year 2012 are under investigation.,"सन्‌ 2012 की जाँच के दौरान, इस किताब की जाँच की जा रही है ।",एसटीएफ अधिकारियों के अनुसार वर्ष की पीएमटी में शामिल फर्जी छात्रों की जांच की जा रही है।,20.25,Medium,15,17,2
1787,after the investigation a list of the suspected students will be given to the peb.,संदिग्ध विद्यार्थियों की सूची जाँचने के बाद scb को दिया जाएगा.,जांच के बाद संदिग्ध छात्रों की सूची व्यापमं को सौंपी जाएगी।,36.06,Medium,11,11,0
1788,it is noteworthy that in the pmt exams for the year 2013 the eligibility of 345 suspect students was rescinded.,"यह गौर करने लायक बात है कि सन्‌ 2013 में जब 345 विद्यार्थियों को शक हो गया कि उन्हें फिर से होश आने लगा है, तो उन्हें दोबारा ज़िंदा किया गया ।",उल्लेखनीय है कि व्यापमं ने वर्ष में हुई पीएमटी परीक्षा में शामिल संदिग्ध छात्रों की पात्रता निरस्त कर दी थी।,14.7,Bad,32,20,12
1789,"out of these 345, the department of medical education has already rescinded 84 student admissions.","इन ३४५ में से, चिकित्सीय शिक्षा के विभाग ने पहले ही 84 विद्यार्थी स्वीकार कर लिया है ।",इन में से चिकित्सा शिक्षा विभाग अब तक के प्रवेश निरस्त कर चुका है।,34.0,Medium,18,14,4
1790,"ejaz jaan, the legislator of the poonch assembly constituency, set up a water cooler in the gurudwara grounds.",यू. एस. ए. ए.,पुंछ विधानसभा क्षेत्र के विधायक एजाज जान ने गुरुद्वारा परिसर में वाटर कूलर का उद्घाटन किया।,1.06,Bad,4,16,12
1791,"the legislator said that quite a lot of people visit the gurudwara, but due to the lack of proper water facilities a water cooler has been installed here.","वहाँ के एक पादरी ने कहा कि बहुत - से लोग गॉँगा से मिलने आते हैं, लेकिन यहाँ पानी की साफ - सफाई की कमी के कारण यहाँ पानी का साफ पानी भरा हो गया है ।","विधायक ने कहा कि गुरुद्वारे में काफी संख्या में लोग आतेजाते रहते हैं, लेकिन यहां पर पीने के पानी की सही व्यवस्था न होने के कारण वाटर कूलर लगवाया गया है।",32.27,Medium,37,31,6
1792,"using this, people can get cold water in the summer.","इस तरह, गर्मियों में लोगों को ठंडा पानी मिल सकता है ।",इससे लोगों को गर्मी के दिनों में ठंडा पानी मिल सकेगा।,49.3,Medium,12,11,1
1793,pure ordinary water will also be available during the winter season.,सर्दियों के मौसम में शुद्ध साधारण पानी भी उपलब्ध होगा ।,सर्दी के मौसम में शुद्ध सादा पानी उपलब्ध रहेगा।,59.72,Good,11,9,2
1794,this will solve the drinking water problem of the devotees.,यह उन दासों की पीने की समस्या को सुलझा देगा ।,जिससे आने जाने वाले श्रद्धालुओं को पीने के पानी की समस्या दूर हो जाएगी।,22.39,Medium,11,14,3
1795,"other people were also present at the event, including the gurudwara committee members.","अन्य लोग भी उस घटना में उपस्थित थे, जिसमें ग्रीडा समिति सदस्य भी थे ।",इस अवसर पर गुरुद्वारा कमेटी के सदस्यों के साथ साथ अन्य लोग भी मौजूद थे।,24.72,Medium,15,15,0
1796,"if, after the general election, the new government continued the policy of not selling kerosene through ration shops then in half a dozen states kerosene would not be sold in these shops.","यदि आम चुनाव के बाद, नयी सरकार ने उस समय आधा दर्जन से अधिक देशों में इन दुकानों में बेच दिया नहीं गया तो इन दुकानों में बेच दिया जाएगा ।",आम चुनाव के बाद नई सरकार ने अगर राशन के जरिये केरोसिन की बिक्री बंद करने की नीति जारी रखी तो आधा दर्जन राज्यों में इन दुकानों पर केरोसिन नहीं मिलेगी।,34.89,Medium,31,31,0
1797,"the punjab, haryana, rajasthan and uttarakhand are among the states where the sale of kerosene sale will be stopped.",और ये भी उन देशों में हैं जहाँ की बिक्री बंद कर दी जाएगी ।,"जिन राज्यों में केरोसिन की बिक्री बंद होनी है उनमें पंजाब, हरियाणा, राजस्थान, उत्तराखंड शामिल हैं।",20.59,Medium,15,16,1
1798,"in addition to these, karnataka, tamilnadu and some states in the northeast are also preparing to stop the sale of kerosene.","इन के अलावा, कानानाका, अरनाका और उत्तर - पूर्व में कुछ राज्य भी भूनाका के बिक्री को रोकने के लिए तैयारी कर रहे हैं ।","इनके अलावा कर्नाटक, तमिलनाडु और पूर्वोत्तर के कुछ राज्यों में भी केरोसिन की बिक्री को बंद करने की तैयारी है।",38.39,Medium,25,20,5
1799,according to sources in the petroleum ministry the decision to stop the sale of kerosene through pds shops is based on two criteria.,"इसके अलावा, इन चीज़ों की बिक्री रोकने के लिए इन दोनों जगहों पर दो चीज़ों पर आधारित है ।",पेट्रोलियम मंत्रालय के सूत्रों के मुताबिक दो आधार पर राज्यों में पीडीएस दुकानों पर केरोसिन की बिक्री बंद करने का फैसला किया जाएगा।,18.14,Bad,19,23,4
1800,the first criterion is that an electricity supply are being installed in the rural areas at a rapid pace.,सबसे पहले यह पता लगाया गया है कि गाँवों में बिजली की सप्लाई तेज़ी से बढ़ती जा रही है ।,पहला आधार तो ग्रामीण इलाकों में तेजी से बिजली कनेक्शन को बनाया जा रहा है।,26.3,Medium,20,15,5
1801,the second criterion is the lpg supply network.,द्वितीय मापदंड है lpg आपूर्ति नेटवर्क.,दूसरा आधार एलपीजी कनेक्शन है।,10.07,Bad,6,5,1
1802,this means that in those states where most households in the rural areas have gas connections the sale of pds kerosene will be stopped.,इसका मतलब है कि उन इलाकों के ज़्यादातर घराने में गैस का इस्तेमाल करना बंद कर दिया जाएगा ।,"यानी जिन राज्यों के अधिकांश ग्रामीण परिवारों को रसोई गैस कनेक्शन दिए जा चुके हैं, वहां पीडीएस केरोसिन की बिक्री बंद की जा रही है।",14.33,Bad,19,25,6
1803,the petroleum ministry is fully prepared for this.,इसके लिए पैलिस्टाइन सेवा पूरी तरह तैयार है ।,इस बारे में पेट्रोलियम मंत्रालय ने पुख्ता तैयारी कर ली हैं।,14.92,Bad,9,11,2
1804,since october 2013 the sale of pds kerosene in delhi has already been stopped.,अक्‍तूबर 2013 से डेली में वुल्फिस की बिक्री शुरू हो चुकी है ।,"अक्टूबर, से दिल्ली में पीडीएस केरोसिन की बिक्री पहले ही बंद हो चुकी है।",33.9,Medium,13,14,1
1805,"according to sources, under this policy the kerosene quota of punjab, haryana, maharashtra and uttarakhand has been reduced significantly.","स्रोत के अनुसार, इस नीति के अंतर्गत, रान्‍ना, हाना, माश और गॉख के कोटा को उल्लेखनीय रूप से कम किया गया है ।","सूत्रों के मुताबिक इस नीति के तहत ही पंजाब, हरियाणा, महाराष्ट्र और उत्ताराखंड को केरोसिन कोटा काफी कम किया जा चुका है।",24.07,Medium,23,22,1
1806,the punjab quota of 2.72 lakh kilolitres was reduced to one lakh kilolitres.,सन्‌ 272 में जंहाख का राज कम हो गया ।,पंजाब का कोटा . लाख किलो लीटर से घटा कर एक लाख किलो लीटर किया गया।,9.83,Bad,10,16,6
1807,the kerosene quota allocation for haryana was reduced by 70 and for uttarakhand it was reduced by almost 40.,हाना के लिए कोटा कम किया गया था 70 और इसे लगभग 40 साल की उम्र में कम कर दिया गया था ।,उत्ताराखंड के आवंटन में फीसद तो हरियाणा का केरोसिन कोटा लगभग फीसद घटाया गया।,20.34,Medium,23,14,9
1808,despite this reduction no shortage of kerosene has been reported by these states.,इस कमी की कोई कमी के बावजूद इन देशों ने रिपोर्ट दी है ।,इस कटौती के बावजूद इन राज्यों से केरोसिन की किल्लत की खबर नहीं आई है।,28.16,Medium,14,15,1
1809,the ministry is assuming that it is clear that kerosene is used for adulteration.,यह सच है कि प्रचार काम में बड़ों के लिए इस्तेमाल किया जाता है ।,मंत्रालय मान रहा है कि इससे स्पष्ट है कि केरोसिन का इस्तेमाल मिलावट के लिए होता रहा है।,24.0,Medium,15,18,3
1810,the difference in the price of diesel and pds kerosene is currently rs.37.,मरल्स और मरडीज़ की कीमत में फर्क वर्तमान में आर.37 है ।,पीडीएस केरोसिन और डीजल की कीमत में इस समय रुपये का अंतर है।,25.57,Medium,12,13,1
1811,this encourages those who carrying out adulteration.,यह उन लोगों को प्रोत्साहित करता है जो वयस्कता का पालन करते हैं ।,इससे मिलावट करने वालों को बढ़ावा मिलता है।,16.86,Bad,14,8,6
1812,"in the states where the sale of kerosene through pds shops has been stopped, the oil companies can sell kerosene at full price on the open market.","कुछ देशों में जहाँ पर दुकानों की बिक्री बंद हो गयी है, वहाँ तेल कंपनियों को खुले बाज़ार पर पूरी कीमत पर बेच दिया जा सकता है ।",जिन राज्यों में पीडीएस के जरिये बिक्री बंद की जाएगी वहां तेल कंपनियां खुले बाजार में पूरी कीमत पर केरोसिन की बिक्री करेंगी।,37.32,Medium,28,23,5
1813,at present the oil companies are selling kerosene at a loss of rs.39 per litre.,आज तेल कंपनियों को आर.99 प्रति लीटर की हानि में बेच रहे हैं ।,इस समय तेल कंपनियों को केरोसिन पर रुपये प्रति लीटर से ज्यादा का घाटा हो रहा है।,34.71,Medium,14,17,3
1814,"the burden of the kerosene subsidy in the year 201314 is estimated to be 31,000 crore rupees.",सन्‌ 2013 की बात है ।,वर्ष में केरोसिन सब्सिडी का बोझ लगभग हजार करोड़ रुपये रहने का अनुमान है।,4.33,Bad,6,14,8
1815,"claiming to be a trading firm the accused opened accounts for investors and in the name of selling and purchasing shares, committed fraud.",आरोपी लोगों के लिए एक व्यापार दृढ़ होने का दावा करते हैं... ... और बिक्री के नाम पर...,आरोपी ट्रेडिंग फर्म का हवाला देकर निवेशकों के अकाउंट खोलकर शेयर की खरीदफरोख्त के नाम पर जालसाजी करते थे।,20.22,Medium,18,19,1
1816,"it is possibly the first time in the state that this type of fraud, worth crores of rupees, has been discovered and exposed.","शायद यह राज्य में पहली बार है कि इस प्रकार के धोखाधड़ी, रुपये के योग्य धन - दौलत के योग्य, खोज निकाला गया है और उसका परदाफ़ाश किया गया है ।",संभवतः प्रदेश में पहली बार हुए इस तरह के खुलासे में करोड़ों रुपए की ठगी की बात सामने आई है।,21.97,Medium,31,20,11
1817,"the police have not yet been able to catch the leader of the gang, but the police have detained seven people including the accused, after examining his work in the state.","पुलिस अब तक गिरोह के नेता को पकड़ने में समर्थ नहीं हुई है, लेकिन पुलिस ने सात लोगों को, जिन पर आरोप लगाया है, राज्य में उसके कार्य की जाँच करने के बाद, रख दिया है ।","गिरोह का सरगना कौन है, फिलहाल पुलिस उस तक नहीं पहुंच पाई है, लेकिन प्रदेश में उसका काम देखने वाले आरोपी समेत सात लोगों को पुलिस ने हिरासत में लिया है।",38.02,Medium,37,31,6
1818,this gang ran a fictitious commodity market named metatrader5.,इस गिरोह का नाम मेटाट्राडर5 था ।,यह गिरोह मेटाट्रेडर के नाम से एक फर्जी कमोडिटी मार्केट संचालित करता था।,19.91,Bad,7,13,6
1819,company executives used to take cash from investors and with the help of bogus software used to create fake ids.,कंपनी अधिकारी निवेशकों से नकदी प्राप्त करने के लिए इस्तेमाल किया और नकली आईडी बनाने के लिए इस्तेमाल किया।,कंपनी के कर्ताधर्ता निवेशकों से नकद रकम लेकर एक फर्जी सॉफ्टवेयर पर फर्जी आईडी बनाकर देते थे।,33.27,Medium,19,17,2
1820,"with these, the accused could see the shares the investors were buying.","इन के साथ, अभियोजकों को शेयर्स खरीद रहे थे देख सकता था.",इससे ट्रेडिंग करने पर निवेशकों के खरीदे हुए शेयर आरोपियों को नजर आते थे।,18.71,Bad,12,14,2
1821,they also used to known which shares were being purchased and at what price.,वे यह भी जानते थे कि कौन - सी चीज़ खरीदी जा रही है और क्या कीमत चुका रही है ।,उसमें यह तक पता चल जाता था कि कौन सा शेयर किस कीमत पर खरीदा गया था।,19.45,Bad,21,17,4
1822,"in reality no shares were purchased, nor any transactions carried out, because no demat account was opened for the investors and share prices were falsely displayed in the fictitious software.","असल में न तो कोई साझेदारी खरीदा गया, और न ही कोई लेन - देन लिया गया, क्योंकि बाज़ार के मालिक के लिए और कुछ दामों के दामों को गलत साबित किया गया था ।","वास्तव में न कोई शेयर खरीदा जाता था और न ही इसके लिए कोई ट्रांजक्शन ही होता था, क्योंकि निवेशकों का कोई डीमेट अकाउंट खोला नहीं जाता था और इस फर्जी सॉफ्टवेयर पर शेयर झूठे दर्शाए जाते थे।",20.21,Medium,35,38,3
1823,police estimate that hundreds of people had been defrauded by the gang.,पुलिस अनुमान लगाता है कि सैकड़ों लोगों को गिरोह ने धोखा दिया था ।,पुलिस अंदाजा लगा रही है कि इस गिरोह के झांसे में सैकड़ों लोग आ चुके हैं।,32.77,Medium,14,16,2
1824,every investor was asked to invest from two to five lakhs to get good returns.,हर निवेशक से दो से पाँच लाख निवेश करने के लिए कहा गया था कि अच्छा वापस लाने के लिए.,हर निवेशक से मुनाफा देने के नाम पर दो से पांच लाख रुपए तक निवेश करवाए जाते थे।,35.56,Medium,20,18,2
1825,"the main suspect, amit soni, was detained by the cyber cell from jodhpur, while his six associates were arrested in indore.",उसके छः साथियों को जेल में डाल दिया गया ।,"इसके मुख्य आरोपी अमित सोनी को सायबर सेल ने जोधपुर से हिरासत में लिया है, जबकि उसके छह अन्य साथियों को इंदौर से पकड़ा गया है।",16.64,Bad,10,26,16
1826,"according to the cyber cell adg, ashok dohare, every stock trading company has to join the stock exchange as a trading firm.",इस तरह के व्यापार कंपनी में काम करने के लिए माल जमा करना पड़ता है ।,एडीजी सायबर सेल अशोक दोहरे के अनुसार किसी भी शेयर ट्रेडिंग कंपनी को स्टॉक एक्सचेंज से ट्रेडिंग फर्म के रूप में जुड़ना जरूरी होता है।,13.19,Bad,16,25,9
1827,only after that can the company can get investors to do stock trading through them.,उस कंपनी के बाद ही उन लोगों के माध्यम से माल व्यापार करने के लिए निवेश कर सकते हैं.,इसके बाद ही कंपनी अपने जरिए निवेशकों को शेयर ट्रेडिंग करवा सकती है।,33.26,Medium,19,13,6
1828,"then the investors demat account is opened, so that the stock can be traded, but this company metatrader5 was neither associated with any exchange, nor was carrying out any stock trading.","इसके बाद, कंपनी के मालिक डीओडी खाता खोला जाता है, ताकि शेयर को व्यापार में बेच दिया जा सके, लेकिन इस कंपनी के साथ न तो कोई समझौता किया गया था, न ही किसी भी शेयर व्यापार का व्यापार किया जा रहा था ।","फिर निवेशक का डीमेट अकाउंट खोला जाता है, ताकि उसके लिए शेयर खरीदेबेचे जा सकें, लेकिन मेटाट्रेडर नाम की यह कंपनी न तो किसी एक्सचेंज से जुड़ी थी और न ही स्टॉक ट्रेडिंग करवाती थी।",27.75,Medium,44,35,9
1829,this company purchased a server on 24th september 2012 under the name of wintrade.,"इस कंपनी ने 24 वींबर में एक सर्वर खरीद लिया है, जो कि विनीड के नाम पर है.",इस कंपनी ने विनट्रेड के नाम से सितंबर को ट्रेडिंग का हवाला देकर अपने लिए सर्वर खरीदा था।,31.9,Medium,18,18,0
1830,since then this company has been defrauding people with fake investments.,तब से यह कंपनी नकली निवेशों के साथ लोगों को धोखा दे रही है.,तब से ही इस कंपनी के जरिए निवेश के नाम पर लोगों को झांसा दिया जा रहा है।,28.85,Medium,14,18,4
1831,"so far, eight traders from indore have come forward with complaints to the cyber cell.","अब तक, ऐडोर से आठ व्यापारियों ने इस तरह की शिकायतें शुरू की हैं ।",सायबर सेल में शिकायत करने वाले फिलहाल इंदौर के आठ व्यापारी सामने आए हैं।,30.42,Medium,15,14,1
1832,after selling their shares at a profit the amount was not transferred into their accounts.,"उनके शेयर बेचने के बाद उनके खाते में जितना पैसा नहीं डाला गया था, उसे बेच दिया गया ।",अपने खरीदे गए शेयर को मुनाफे में बेचने के बाद भी उनकी रकम खाते में ट्रांसफर नहीं हुई।,28.76,Medium,19,18,1
1833,then they started asking for the promised profit from the executives of the company.,फिर वे कंपनी के अधिकारियों से वादा किए गए लाभ के लिए पूछने लगे ।,इस पर उन्होंने कंपनी के कर्ताधर्ताओं से मुनाफे की रकम मांगनी शुरू की।,18.09,Bad,15,13,2
1834,investors are even saying that their fake ids always showed a reduction in the price of their purchased shares.,चोर यह भी कह रहे हैं कि उनके नकली आईडी ने हमेशा अपने मोल लिए गए शेयरों की क़ीमत में कमी दिखायी ।,निवेशक यहां तक कह रहे हैं कि उनको दी गई फर्जी आईडी पर हमेशा उनके खरीदे गए शेयर की कीमत कम दर्शाई जाती थी।,32.97,Medium,23,24,1
1835,this price was set by the accused themselves.,इस कीमत को खुद अभियोजक ने तय किया था ।,यह कीमत आरोपी अपने स्तर पर तय कर लेते थे।,14.09,Bad,10,10,0
1836,"the company had appointed a ceo and agents in rajasthan, madhya pradesh and maharashtra.","इस कंपनी ने क्वीन, स्वीश और माशश में एक वासी और एजेंट नियुक्‍त किए थे ।","कंपनी ने राजस्थान, मप्र और महाराष्ट्र में अपने सीईओ और एजेंट नियुक्तकर रखे हैं।",32.12,Medium,16,14,2
1837,the agents lured people to join the company with promises of very good returns.,उन्होंने लोगों को बहुत अच्छे वादों के साथ संगति करने के लिए प्रलोभित किया ।,एजेंट लोगों को ज्यादा मुनाफे का लालच देकर इस कंपनी से जुड़ने की सलाह देते थे।,18.06,Bad,15,16,1
1838,"thereafter, some people invested between two to five lakh rupees.","उसके बाद, कुछ लोगों ने दो से पाँच लाख रुपए दिए ।",इसके बाद किसी से दो लाख तो किसी से पांच लाख रुपए तक जमा करवाए जाते थे।,26.15,Medium,12,17,5
1839,the players in this team are setting new test match records everyday and now their reputation in one day tournaments is also increasing.,इस टीम के खिलाड़ियों को हर दिन नए जाँच के रिकॉर्ड तैयार किए जा रहे हैं और अब एक दिन उनका नाम भी बढ़ रहा है ।,टेस्ट में आए दिन इस टीम के खिलाड़ी नए रिकॉर्ड बनाते रहते हैं और अब वनडे में भी इनका रुतबा धीरेधीरे बढ़ता नजर आ रहा है।,35.16,Medium,27,26,1
1840,"an excellent example of this was when a strong new zealand team was crushed by bangladesh, who had an insurmountable lead and won the oneday series title.",इस बात का एक बढ़िया उदाहरण था जब पाबंदी का एक मज़बूत नया जोश और टीम पर पाबंदी लगा दी गयी ।,गुरुवार को इसका एक बेहतरीन उद्हारण भी देखने को मिला जब अच्छीखासी न्यूजीलैंड की टीम को बांग्लादेश ने वनडे सीरीज में रौंदकर अजेय बढ़त हासिल करते हुए खिताब अपने नाम कर लिया।,12.45,Bad,22,32,10
1841,with sohag gazi and musherfe murtazas strong bowling bangladesh defeated new zealand in the second oneday match by 40 runs and gained a insurmountable 20 lead in the threematch series.,Waggggggg और gghghgamamamamamags के साथ एक दिन में 40 भाग लेने के द्वारा नए उत्साह और एक दूसरे दिन के साथ मिल गया और एक सुंदर 20 मिल गया तीन इंच में नेतृत्व.,सोहाग गाजी और मशरफेमुर्तजा की धारदार गेंदबाजी से बांग्लादेश ने दूसरे वनडे मैच में न्यूजीलैंड को रन से हराकर तीन मैचों की सीरीज में की अजेय बढ़त हासिल कर ली।,14.28,Bad,33,30,3
1842,this is bangladeshs sixth consecutive win in oneday matches against new zealand.,इस प्रतिबंध के कारण छठी लगातार एक दिन में नए जोश और जोश के साथ मिल जाते हैं ।,वनडे क्रिकेट में न्यूजीलैंड के खिलाफ यह बांग्लादेश की लगातार छठी जीत है।,21.81,Medium,19,13,6
1843,"before this, new zealand had lost the 2010 series to bangladesh by 04.","इस से पहले, 2010 तक प्रतिबंधों पर प्रतिबन्ध लगाने के लिए नए उत्साह और जोश खो दिया था.",इससे पहले न्यूजीलैंड के बांग्लादेश दौरे में से सीरीज हार गया था।,20.37,Medium,18,12,6
1844,"chasing a target of 248 runs set by bangladesh, the new zealand team lost wickets at regular intervals. the team had piled on 207 runs in 46.4 overs from the spin bowling of ghazi 343 and the strong bowling of murtaza 433.","288 के एक लक्ष्य का पीछा करने पर प्रतिबंधाश, नए जोश और टीम नियमित अंतराल पर लैम्प्स खो दिया है. टीम में 2007 के दशक में 2007 के ऊपर दौड़ता है.","बांग्लादेश के रन के लक्ष्य का पीछा करते हुए न्यूजीलैंड ने गाजी की स्पिन और मुर्तजा की तूफानी गेंदबाजी के सामने नियमित अंतराल पर विकेट गंवाए, जिससे टीम . ओवर में रन पर ही ढेर हो गई।",26.34,Medium,31,37,6
1845,"new zealands ross taylor made the highest score of 45, while corey anderson scored 37 runs.","नए जोश के साथ टेस्‌स टाइंडर ने 45 से ज़्यादा अंक बनाए, जबकि कोरी और हॆर्सर्सनसन 37 दौड़ता है ।","न्यूजीलैंड की ओर से रॉस टेलर ने सर्वाधिक , जबकि कोरी एंडरसन ने रन बनाए।",26.64,Medium,20,15,5
1846,"kyle mills made 27 notout, while nathan mccullum contributed 25 runs, but many of the teams batsmen could not convert the good start into a big innings score, so the team were defeated.","किचियों ने 27 नहीं बनाया, जबकि nacummmmum ने 25 दौड़ की मदद की, लेकिन कई टीमों में से एक बड़ी मात्रा में शुरू नहीं कर सका, इसलिए टीम हार गई.","काइल मिल्स ने नाबाद , जबकि नाथन मैकुलम ने रन का योगदान दिया, लेकिन टीम का कोई बल्लेबाज अच्छी शुरुआत को बड़ी पारी में तब्दील नहीं कर पाया जिससे टीम को हार का सामना करना पड़ा।",20.5,Medium,30,36,6
1847,"earlier, the bangladesh team was all out for 247 runs after 49 overs in spite of tamim iqbals 58 half century.","पहले ही, प्रतिबन्धाश टीम सभी के लिए 49 के बाद से अधिक तक दौड़ रहा था, जबकि Tmmmms 58 सदी के बाद भी.",इससे पहले बांग्लादेश की टीम तमीम इकबाल के अर्धशतक के बावजूद ओवर में रन पर आउट हो गई।,16.31,Bad,23,18,5
1848,anderson and james nisham took eight wickets between them.,और इन दोनों के बीच के आठ तार लिए ।,एंडरसन और जेम्स नीशाम ने मिलकर आठ विकेट चटकाए।,10.88,Bad,10,9,1
1849,"anderson took 4 wickets for 40 runs, while nisham claimed 4 wickets for 53 runs.","और स्टॆनसन ने 40 की दौड़ के लिए 4 भेड़ों को इकट्ठा किया, जबकि नीम ने दावा किया कि 53 दौड़ के लिए 4 बिजली - समान है ।","एंडरसन ने रन देकर चार, जबकि नीशाम ने रन देकर चार विकेट झटके।",20.91,Medium,29,13,16
1850,tamim became bangladeshs highest run scorer in one day cricket.,टेममम पर प्रतिबंध लगाया गया एक दिन क्रिकेट में सबसे ऊंचे खिलाड़ी.,तमीम वनडे बांग्लादेश के सर्वाधिक रन बनाने वाले बल्लेबाज बन गए हैं।,11.27,Bad,12,12,0
1851,"leaving shakib ulhasan behind, tamim scored 3,702 runs in 124 matches.","Okkabababan छोड़ने के पीछे, Tmmed 3702 124 मैच में चलाता है.",शाकिब अल हसन को पीछे छोड़ने वाले तमीम के मैचों में रन हो गए हैं।,18.05,Bad,11,15,4
1852,the third and final match of the series will be played on sunday at fatullah.,"कुल मिलाकर तीसरा और आखिरी जोड़, दोपहर का धूप सेला में बजा दिया जाएगा.",सीरीज का तीसरा और अंतिम मैच रविवार को फातुल्लाह में खेला जाएगा।,28.1,Medium,14,12,2
1853,the bike was found abandoned near the forests of pipcho.,साइकिल को पिपको के जंगलों के पास छोड़ दिया गया ।,बाइक पिपचो के जंगल के नजदीक लावारिस हालत में खड़ी थी।,22.84,Medium,11,11,0
1854,the police have taken the bike into custody.,पुलिस ने साइकिल को हिरासत में लिया है.,इस बाइक को पुलिस ने अपने कब्जे में कर लिया है।,32.35,Medium,8,11,3
1855,the bike belonged to jrpo postman chhoti mehta.,साइकिल ब्लो के पोस्टमैन सिगाटा की थी ।,यह बाइक झरपो के डाकपाल छोटी मेहता की थी।,22.28,Medium,8,9,1
1856,"the gate city hall circle office, that earns crores of rupees every day for the punjab state power corporation, is housed in an old ruin of a building.","एक इमारत की पुरानी बरबादी में, फाटक हॉल के मालिक को हर दिन धन - दौलत की कीमत चुकानी पड़ती है ।",पंजाब स्टेट पावर कार्पोरेशन को प्रतिदिन करोड़ों रुपए कमाकर दे रहा हाल गेट सिटी सर्किल ऑफिस खंडहर बिल्डिंग में चल रहा है।,12.3,Bad,22,22,0
1857,all the employees are forced to work in fear of accidents.,सभी कर्मचारियों को दुर्घटनाओं के डर में काम करने के लिए मजबूर किया जाता है.,ऐसे में सभी कर्मचारी हादसे के भय में काम करने को मजबूर हैं।,43.83,Medium,15,13,2
1858,plaster falling from the ceiling everyday has caused panic among the staff.,छत की छत से छत की छत के गिरने से कर्मचारियों में दहशत आ गयी है ।,आए दिन इस बिल्डिंग की छतों से सीमेंट गिरने से काम करने वाले स्टाफ में दहशत का माहौल है।,24.99,Medium,17,19,2
1859,"built in 1913, this britishera building was the municipal corporations first office.",सन्‌ 1913 में बनाए गए इस अखबार की इमारत पहली कंपनी थी ।,अंग्रेजों के जमाने में १९१३ में बनी इस बिल्डिंग में पहले म्युनिसिपल कार्पोरेशन का कार्यालय था।,11.71,Bad,13,16,3
1860,in 1995 the building was handed over to the power board.,सन्‌ 1995 में इस इमारत को बिजली के बोर्ड के हवाले कर दिया गया ।,साल १९९५ में इमारत बिजली बोर्ड को सौंप दी गई।,31.27,Medium,15,10,5
1861,the department just did some painting by way of repairs.,विभाग बस मरम्मत के रास्ते से कुछ पेंटिंग किया.,इसकी रिपेयर के नाम पर मात्र रंग रोगन करवाकर विभाग पल्ला झाड़ रहा है।,12.75,Bad,9,14,5
1862,the building has deteriorated to the extent that employees are afraid of working in it.,इस इमारत में काम करने का डर अब तक कम हो गया है ।,बिल्डिंग की हालत इतनी खराब हो चुकी है कि कर्मचारी इसमें बैठने से भी डरते हैं।,11.84,Bad,14,16,2
1863,the buildings condition is so poor that often plaster falls from the ceiling.,इमारतों की हालत इतनी खराब है कि अकसर छत से बनी बनी छत पर बनी होती है ।,बिल्डिंग की हालत इतनी खस्ता है कि अक्सर छतों से प्लास्टर गिर जाता है।,32.23,Medium,18,14,4
1864,"in the past month, plaster has fallen from the ceiling in four rooms.","पिछले महीने, लेसे चार कमरों में छत से गिर चुकी है ।",पिछले एक महीने में ही चार कमरों की छतों से सीमेंट गिर चुका है।,39.36,Medium,12,14,2
1865,because of this a female employee was injured.,इस एक महिला कर्मचारी के कारण चोट लगी थी.,इसके चलते एक महिला कर्मचारी घायल भी हो चुकी है।,42.2,Medium,9,10,1
1866,the je and revenue accountant narrowly escaped injury in this accident.,और राज - घर के कर्मचारी इस दुर्घटना में बुरी तरह घायल हो गए ।,इस हादसे में जेई और रेवेन्यू अकाउंटेंट बालबाल बच गए थे।,12.93,Bad,15,11,4
1867,currently nearly four hundred employees work in the building.,फिलहाल इमारत में करीब 4 सौ कर्मचारी काम करते हैं ।,वर्तमान में बिल्डिंग में करीब साढ़े चार सौ कर्मचारी काम करते हैं।,50.65,Good,11,12,1
1868,"these include the se along with 5 ex.ens., 12 sdos, 20 junior engineers, 130 clerical staff, 200 technical workers and 20 other staff members.",इसमें 5 से भी ज़्यादा साल की उम्र के बच्चों के साथ - साथ 5 साल की उम्र तक काम करना भी शामिल है ।,"इसमें एसई सहित ५ एक्सईएन, १२ एसडीओ, २० जूनियर इंजीनियर, १३० कलेरिक्ल स्टाफ, २०० टेक्निकल कर्मचारी और २० अन्य स्टाफ मेंबर शामिल हैं।",13.9,Bad,25,23,2
1869,"even though the situation is so bad, the powercom top officials have taken no steps to secure their safety so far.","हालाँकि स्थिति इतनी बुरी है, फिर भी शक्‍तिशाली उच्च अधिकारियों ने अपनी सुरक्षा को इतनी सुरक्षित रखने के लिए कोई क़दम नहीं उठाया है ।",हाल यह है कि इनकी सुरक्षा के बारे में अभी तक पावरकॉम उच्चाधिकारियों की ओर से कुछ नहीं किया गया।,30.22,Medium,25,20,5
1870,"three rooms allotted to the jes, for scooter and cycle parking, and two rooms on the upper floor of the building have complete collapsed.",इस इमारत के ऊपरी फर्श पर दो कमरों को पूरी तरह बंद कर दिया गया है ।,"बिल्डिंग में स्थित जेईज को अलॉट तीन कमरे, स्कूटर और साइकिल स्टैंड, ऊपरी मंजिल के दो कमरे पूरी तरह गिर चुके हैं।",16.07,Bad,17,22,5
1871,the state of the building can easily be assessed by these facts.,इन तथ्यों से इमारत की हालत आसानी से पता लगाया जा सकता है ।,ऐसे में बिल्डिंग की स्थिति का अंदाजा सहज ही लगाया जा सकता है।,32.34,Medium,14,13,1
1872,at the state womens sport championships rohtak took first place in kabbadi.,राज्य की स्त्रियों के खेलों में खेल - कूद का चलन शुरू हो गया ।,राज्यस्तरीय महिला खेल प्रतियोगिताओं के अंतर्गत कबड्डी स्पर्धा में रोहतक प्रथम स्थान पर रहा।,15.43,Bad,15,14,1
1873,jajjhar and hissar came second and third respectively in kabaddi.,दूसरा और तीसरे कानाबाद में आया ।,कबड्डी में झज्जर व हिसार ने दूसरा व तीसरा स्थान प्राप्त किया।,17.3,Bad,7,12,5
1874,"similarly, in basketball sonipat was first, rohtak second, and kurukshetra took third place.","उसी तरह, पहली बार बास्केट के बेटे कोस दूसरी जगह ले जाया गया, और किकरकीशिक ने तीसरी जगह ली ।","इसी प्रकार बास्केटबॉल में सोनीपत पहले, रोहतक दूसरे और कुरूक्षेत्र तीसरे स्थान पर रहा।",24.0,Medium,20,14,6
1875,"in the volley ball competition jajjhar came first, mahendragarh was second and karnal were in third place.","वेलकी गेंद प्रतियोगिता में सबसे पहले आई, मैगगगगर दूसरा था और तीसरे स्थान पर तीसरे स्थान पर था.","वॉलीबॉल प्रतियोगिता में झज्जर पहले, महेद्रगढ़ दूसरे और करनाल तीसरे स्थान पर रहा।",41.69,Medium,18,13,5
1876,"in the team event gymnastic competition ambala team came first, the rohtak team second and the bhiwani team came in third place.","टीम में प्रतियोगिता प्रतियोगिताओं में सबसे पहले रंगाका टीम आयी, ग्रीक टीम दूसरी और तीसरे जगह पर आयी ।","प्रतियोगिता की जिमनास्टिक स्पर्धा में अंबाला की टीम पहले, रोहतक की टीम दूसरे और भिवानी की टीम तीसरे स्थान पर रही।",29.55,Medium,19,21,2
1877,"in weightlifting the sonipat team came first, the bhiwani team came second and the rohtak team came in third place.",इस टीम में सबसे पहले क्वीन की टीम आयी और दूसरा तीसरे स्थान पर थी।,"भारत्तोलन में सोनीपत की टीम ने पहला, भिवानी की टीम ने दूसरा और रोहतक की टीम ने तीसरा स्थान प्राप्त किया।",22.28,Medium,15,21,6
1878,"similarly, the bhiwani team was first, the rohtak team second and the hissar team third in athletics.","उसी तरह, पहली बार बोहिकी टीम थी, ग्रीक टीम और खेलों में तीसरे टीम ।",इसी प्रकार एथलेटिक्स में भिवानी की टीम ने प्रथम स्थान प्राप्त किया और रोहतक व हिसार की टीम दूसरे व तीसरे स्थान पर रही।,15.14,Bad,15,24,9
1879,"on the other hand, at the closing ceremony while addressing the players and others present, the adc r.c. bidhan said that the players should continue to practice hard with discipline so that they could become great players and bring glory to the country and state.","दूसरी ओर, समाप्ति वाले समारोह में, खिलाड़ियों और अन्यों को प्रस्तुत करते समय, एडिसी ने कहा कि खिलाड़ियों को अनुशासन के साथ सख़्ती से व्यवहार करना चाहिए ताकि वे बड़े खिलाड़ी बन सकें और देश और राज्य में महिमा ला सकें ।","दूसरी ओर, समापन अवसर पर उपस्थित खिलाड़ियों एवं अन्य को संबोधित करते हुए एडीसी आरसी बिधान ने कहा कि खिलाड़ी अनुशासन के साथ कड़ी मेहनत करे ताकि भविष्य में वे अच्छे खिलाड़ी बनकर देश व प्रदेश का नाम रोशन कर सकें।",41.14,Medium,42,41,1
1880,empowering women at the state level of womens sports has proven to be especially effective.,खेलों के राज्य स्तर पर स्त्रियों को शक्‍ति देना ख़ासकर प्रभावकारी साबित हुआ है ।,विशेषकर महिलाओं के राज्यस्तरीय खेल महिलाओं के सशक्तीकरण की दिशा में कारगर सिद्ध होंगे।,25.4,Medium,15,14,1
1881,"the state level womens sporting competition began on october 29th in rohtak, at the rajiv gandhi sports complex and ended on october 31st.","राज्य स्तर महिलाओं के खेलों ने ऑक्टॉर 29 वीं पर खेल शुरू कर दिया, जो राफेक खेलों में जटिल था और अक्‍तूबर 31 को समाप्त हो गया ।",रोहतक के राजीव गांधी खेल परिसर में अक्टूबर को शुरू हुई राज्यस्तरीय महिला खेल प्रतियोगिता का अक्टूबर को समापन हो गया।,30.75,Medium,28,21,7
1882,the adc said that the players will have to demonstrate their skills and exercise discipline to strengthen their abilities with hard work. only then could they prove their mettle in the future and bring glory to the country and their states.,इसके बाद ही वे अपना दल साबित कर सकते हैं कि वे भविष्य में अपनी एकता का सबूत दे सकते हैं और देश और उनके राज्य की महिमा कर सकते हैं ।,एडीसी ने कहा कि खिलाड़ियों को अपनी प्रतिभा को और अधिक निखारने के लिए अनुशासन का परिचय देते हुए कड़ी मेहनत करनी होगी तभी वे भविष्य में अपनी खेल प्रतिभा का लोहा मनवा पाएंगे और देश व प्रदेश का नाम रोशन करेंगे।,20.01,Medium,32,42,10
1883,"arriving in pune to inaugurate a section of the deenanath mangeshkar hospital, the bjp prime ministerial candidate, narendra modi, while addressing an election rally on friday, strongly attacked congress.","इस तरह के चुनाव के दौरान, ज़बरदस्त अभियान के लिए ज़बरदस्त अभियान शुरू किया गया ।",दीनानाथ मंगेशकर अस्पताल के एक हिस्से का उद्घाटन करने के लिए पुणे पहुंचे बीजेपी के प्रधानमंत्री पद के उम्मीदवार नरेंद्र मोदी ने शुक्रवार को एक चुनावी सभा को संबोधित करते हुए कांग्रेस पर तीखे हमले किए।,9.4,Bad,16,36,20
1884,"on this occasion modi said, in several states and in the centre, coalition governments were formed at one time, congress, communists and bjp also formed a coalition government.","इस अवसर पर नीकोई ने कहा, कई राज्यों और केंद्रों में, संयुक्‍त राष्ट्र सरकारों को एक समय पर स्थापित किया गया ।","मोदी ने इस मौके पर कहा, देश के कई राज्यों और केंद्र में कभी गठबंधन सरकार बनी, कभी कांग्रेस की, कभी कम्युनिस्टों की सरकार तो कभी बीजेपी की सरकार बनी।",26.49,Medium,22,30,8
1885,you have seen the rule of many parties.,आप कई पार्टियों का नियम देखा है.,आपने कई पार्टियों के शासन को देखा है।,50.94,Good,7,8,1
1886,i call upon the political pundits and economists.,मैं राजनीतिक plaunds और सलाहकारों को फोन करते हैं.,"देश के राजनीतिक पंडितों, अर्थशास्त्रियों का आह्वान करता हूं।",21.58,Medium,9,9,0
1887,set a few parameters in the country.,देश में कुछ पैरामीटर्स सेट करें.,देश में कुछ पैरामीटर तय किए जाएं।,60.22,Good,6,7,1
1888,which party did what.,पार्टी ने क्या किया.,किस दल ने क्या किया।,54.02,Good,4,5,1
1889,"if the comparative results would come out, the question of whether the bjp government should rule or not would not arise in the country.","यदि तुलनात्मक परिणाम निकलते, तो यह प्रश्‍न कि क्या इस देश में शासन करना चाहिए या नहीं ।",अगर इसका तुलनात्मक नतीजा आए तो देश के सामने यह सवाल नहीं आएगा कि बीजेपी की सरकार आनी चाहिए या नहीं।,30.64,Medium,18,21,3
1890,whenever and wherever the bjp government was formed they tried to meet the peoples aspirations.,"जब कभी और जहाँ भी बजेप सरकार बनायी गयी, तो उन्होंने लोगों की इच्छा पूरी करने की कोशिश की ।",जबजब जहांजहां बीजेपी की सरकार बनी है वहां जन आकांक्षाओं की पूर्ति का प्रयास हुआ है।,19.46,Bad,20,16,4
1891,this country is witness to the fact that during the governments led by atal bihari vajpayee and morarji desai inflation was low.,इस देश को इस बात की गवाही दी जाती है कि जब सरकारों ने यू. एन. ए.,यह देश गवाह है अटल बिहारी वाजपेयी और मोरारजी देसाई की सरकार में महंगाई कम थी।,15.67,Bad,17,16,1
1892,the poor man ate twice a day.,गरीब आदमी दिन में दो बार खाया.,गरीब आदमी को दो वक्त खाना मिलता था।,28.68,Medium,7,8,1
1893,but when the government was formed by congress or its supporters then the poor man could not get enough food.,लेकिन जब सरकार को सम्मेलन के द्वारा या उसके समर्थकों द्वारा स्थापित किया गया तब ग़रीब आदमी पर्याप्त भोजन नहीं पा सका ।,लेकिन जब कांग्रेस की या उसके समर्थन वाली सरकार बनी तो गरीब आदमी को भरपेट खाना नसीब नहीं हुआ।,35.13,Medium,23,19,4
1894,"not one congress leader, not one leader of the upa, can tell us what they have done in nine and a half years.","एक नेता, ऊपर का एक नेता नहीं, हमें बता सकता है कि उन्होंने साढ़े नौ साल में क्या किया है ।","कांग्रेस का एक भी नेता, यूपीए का एक भी नेता साढ़े नौ साल में क्या किया, इसका जवाब नहीं दे रहे हैं।",41.09,Medium,21,22,1
1895,our countrys media also cannot talk to them.,हमारे देश मीडिया भी उनसे बात नहीं कर सकते.,हमारे देश के मीडिया वाले भी उन तक नहीं पहुंच पाते हैं।,34.87,Medium,9,12,3
1896,congress has become egoistical.,यू. एस.,कांग्रेस को अहंकार हो गया है।,1.63,Bad,2,6,4
1897,they do not answer to the media.,वे मीडिया का जवाब नहीं देते.,वे मीडिया वालों के भी जवाब नहीं देते।,58.03,Good,6,8,2
1898,in the loksabha elections you answer to the public.,चुनावों में आप सार्वजनिक रूप से जवाब देते हैं।,"चुनाव लोकसभा के हैं, आप जनता को जवाब दें।",30.98,Medium,9,9,0
1899,"attacking the congress leader, kapil sibal, modi said, every day modi is being asked questions. in 2014, if the public elect the bjp, then it will publish a record of its work for the public every year.","सन्‌ 2014 में, यदि जनता का चुनाव किया जाता है तो यह हर साल जनता के लिए अपना काम प्रकाशित करेगा ।","मोदी ने कांग्रेसी नेता कपिल सिब्बल पर हमला बोलते हुए कहा, आए दिन मोदी से सवाल पूछे जा रहे हैं। में जब जनता बीजेपी को आशीर्वाद देगी, तब हर वर्ष जनता के सामने अपने काम का हिसाब पेश करेगी।",14.53,Bad,22,39,17
1900,"in a democracy a servant, not a ruler, should be sitting in delhi.","लोकतंत्र के एक सेवक में, न कि शासक, Dachi में बैठना चाहिए।","लोकतंत्र में दिल्ली में शासक नहीं, सेवक बैठना चाहिए।",46.69,Medium,12,9,3
1901,"there can be no lord in delhi, but there should be a servant there.","कोई प्रभु नहीं हो सकता, लेकिन वहाँ एक सेवक होना चाहिए.",दिल्ली में कोई नाथ नहीं हो सकता वहां सिर्फ दास होने चाहिए।,32.67,Medium,11,12,1
1902,the friends of congress released balloons every day.,गुब्बारे के दोस्तों ने हर दिन गुब्बारे को छोड़ दिया ।,कांग्रेसी मित्र आए दिन गुब्बारे छोड़ते रहते हैं।,33.09,Medium,11,8,3
1903,"the friends of congress, we gave you a test just 10 months ago.","सम्मेलन के दोस्तों, हम सिर्फ 10 महीने पहले आप एक परीक्षण दिया है.","कांग्रेसी मित्रो, हमने तो महीने पहले ही एग्जाम दिया है।",31.19,Medium,13,10,3
1904,it is the public that will make you sit your examination in democracy.,यह सार्वजनिक है कि आप लोकतंत्र में अपनी जाँच बैठने के लिए होगा।,लोकतंत्र में जनता ही इम्तिहान लेती है।,33.27,Medium,13,7,6
1905,"google, samsung, huawei sued over nortel patents","पावेल, smagagagio अधिक नल नलियों पर मुकदमा किया","नॉरटेल पेटेन्ट के मामले में गूगल, सैसमंग, हुवाई पर आर्थिक मुकदमा दायर है ।",12.83,Bad,8,14,6
1906,"the group that owns thousands of former nortel patents filed a barrage of patent lawsuits on thursday against cell phone manufacturers including google, the company it outbid in the nortel bankruptcy auction.","उस समूह ने उस समूह को जो खुद खुद पहले और गणित के मालिक हैं, सेल फोन निर्माताों के खिलाफ, जिसमें किले और नले में कंपनी भी शामिल है।","हजारों भूतपूर्व नॉरटेल पेटेन्ट के स्वामित्व वाले समूह ने गुरूवार को सेल फोन निर्माताओं समेत गूगल जिसको इसने नॉरटेल दिवालियापन नीलामी में पछाड़ दिया था, के विरूद्ध बहुत से पेटेन्ट मुकदमे दाखिल किये हैं।",20.73,Medium,29,34,5
1907,"rockstar, the consortium that bought the nortel patents for 4.5 billion, sued samsung electronics co ltd, htc corp, huawei and four other companies for patent infringement in u.s. district court in texas.",इस तरह वे अपने परिवार के साथ मिलकर काम करते हैं । ”,"रॉकस्टार नामक संघ जिसने . बिलियन में नॉरेटेल पेटेन्ट्स खरीदे थे, ने टेक्सास में यू.एस. जिला न्यायालय में पेटेन्ट उल्लंघन के लिए सैमसंग इलेक्ट्रॉनिक्स कं. लिमिटेड, एच.टी.सी. कॉरपोरेशन, हुवाई तथा चार अन्य कम्पनियों पर मुकदमा किया है।",4.99,Bad,13,37,24
1908,"rockstar is jointly owned by apple, microsoft, blackberry, ericsson and sony.","इन पत्थरों का आकार सेब, श्‍वेत रंग, काली रंगी और बेटे - बेटी से होता है ।","रॉकस्टार का स्वामित्व संयुक्त रूप से एप्पेल माइक्रोसॉफ्ट, ब्लैकबेरी, एरिक्शन तथा सोनी के पास है।",11.72,Bad,17,15,2
1909,google is accused of infringing seven patents.,सात उपभोगों का आरोप लगाया जाता है।,गूगल के ऊपर सात पेटेन्ट का उल्लंघन करने का आरोप है।,17.89,Bad,7,11,4
1910,"the patents cover technology that helps match internet search terms with relevant advertising, the lawsuit said, which is the core of googles search business.","वे बताते हैं कि इंटरनेट पर जो जानकारी दी जाती है, उससे इंटरनेट के बारे में लोगों को पता चलता है कि वे इंटरनेट पर खोज कर रहे हैं ।","अभियोग में कहा गया कि इन पेटेन्ट में वह प्रौद्योगिकी भी शामिल है जो इन्टरनेट पर सर्च किये जाने वाले शब्दों को सुसंगत विज्ञापन से शब्दों से मिलाता है, जो कि गूगल के सर्च व्यवसाय का मुख्य हिस्सा है।",16.13,Bad,30,39,9
1911,"representatives for samsung, huawei, htc and rockstar could not immediately be reached.",इस वजह से वे फौरन अपनी मंज़िल तक पहुँच नहीं सकते थे ।,"सैमसंग, हुवाई, एच.टी.सी. तथा रॉकस्टार के प्रतिनिधियों से तुरन्त सम्पर्क नहीं किया जा सका।",9.72,Bad,13,14,1
1912,"samsung, huawei and htc all manufacture phones that operate on googles android operating system, which competes fiercely with apple and microsoft mobile products.",इस तरह के मोबाइल और माइक्रोस्कोप से मोबाइल उत्पादों का मुकाबला करता है ।,"सैमसंग, हुवाई, तथा एच.टी.सी. ये सभी ऐसे फोन बनाते हैं, जो कि गूगल के एन्ड्रॉयड ऑपरेटिंग सिस्टम पर चलते हैं, जिसका कड़ा मुकाबला ऐप्पल एवं माइक्रोसॉफ्ट मोबाइल उत्पादों से है।",22.64,Medium,14,30,16
1913,in 2011 google placed an initial 900 million bid for nortels patents.,सन्‌ 2011 में हीडल ने पहली बार 4 करोड़ लोगों को न तो गणित के अधिकार के लिए एक सुझाव दिया ।,वर्ष में गूगल ने नॉरटेल पेटेन्ट्स के लिए मिलियन डॉलर की आरंभिक बोली लगाई थी।,15.91,Bad,22,15,7
1914,"google increased its bid several times, ultimately offering as much as 4.4 billion.",और आखिर में 44 अरब डॉलर का तोहफा दिया गया ।,गूगल ने बोली में कई बार वृद्धि करते हुए अंततः . बिलियन डॉलर का प्रस्ताव दिया।,16.01,Bad,11,16,5
1915,"after losing out to rockstar on the nortel patents, google went on to acquire motorola mobility for 12.5 billion, a deal driven partly by motorolas library of patents.",इन्हीं चीज़ों को बनाने के लिए इन्हें इस्तेमाल किया जाता था ।,"नॉरटेल पेटेन्ट्स में रॉकस्टार से हारने के पश्चात, गूगल ने . बिलियन डॉलर में मोटोरोला मोबिलिटी को खरीद लिया, जिसका एक मुख्य कारण मोटोरोला के पास पेटेन्ट्स की एक लम्बी सूची होना था।",8.93,Bad,12,33,21
1916,"despite losing in its attempt to acquire the patentsinsuit at auction, google has infringed and continues to infringe, the lawsuit said.","फिर भी, इस मामले में एक समस्या खड़ी हो सकती है ।","अभियोग में कहा गया कि नीलामी में पेटेन्ट्सइनस्यूट को अधिग्रहित करने के प्रयास में हारने के बावजूद भी गूगल ने उल्लंघन किया है, तथा लगातार उल्लंघन कर रहा है",6.33,Bad,12,29,17
1917,"rockstar is seeking increased damages against google, as it claims googles patent infringement is willful, according to the complaint.","इन पत्थरों की शिकायतों के मुताबिक, इनकी वजह से चट्टानों को और भी नुकसान पहुँच रहा है ।","रॉकस्टार ने गूगल के विरूद्ध बढ़ी हुई क्षतिपूर्ति की मांग की है, क्योंकि आरोप के अनुसार इसका दावा है कि गूगल द्वारा पेटेन्ट्स का उल्लंघन दुराग्रही है।",11.77,Bad,18,27,9
1918,egypt swears in first freely elected president,पहले स्वतंत्र रूप से चुने गए अध्यक्ष में ईप्टी शपथ,मिस्र में स्वतंत्र रूप से चुने गए पहले राष्ट्रपति में विश्वास किया,41.52,Medium,10,12,2
1919,mohamed morsi takes the oath of office but his day of triumph is unlikely to mark end of political strife in egypt.,मोहनेवाले दफ़्तर की शपथ लेते हैं लेकिन उसके विजय के दिन का अंत अनपेक्षित रूप से नहीं हो सकता ।,"मोहम्मद मोरसी ने अपने पद की शपथ ग्रहण की है, लेकिन उनकी विजय दिवस मिस्र में शायद ही राजनीतिक संघर्ष का अंत कर पाए।",21.47,Medium,20,24,4
1920,"islamist mohamed morsi promised a new egypt as he took the oath of office to become the countrys first freely elected president, succeeding hosni mubarak who was ousted 16 months ago.","लेकिन, कुछ समय बाद, वह एक ऐसे देश में सेवा कर रहा था, जहाँ बहुत कम लोग रहते थे ।","इस्लामिस्ट मोहम्मद मोरसी ने, महीने पूर्व हटाए गए होसनी मुबारक का स्थान लेने वाले देश के प्रथम स्वतंत्र रूप से निर्वाचित राष्ट्रपति के रूप में पद की शपथ लेते समय नए मिस्र का वादा किया।",9.8,Bad,20,35,15
1921,"at his inauguration before the supreme constitutional court, morsi also became the arab worlds first freely elected islamist president and egypts fifth head of state since the overthrow of the monarchy some 60 years ago.","कुछ ६० साल पहले राजतंत्र के पतन के बाद से, ज़ीबी विश्‍व - मंडल ने पहले स्वतंत्र रूप से चुन लिया था और राज्य के पाँचवें सिर को चुना था ।","सर्वोच्च संवैधानिक न्यायालय के समक्ष अपने औपचारिक अधिष्ठापन पर, मोरसी अरब दुनिया के स्वतंत्र रूप से निर्वाचित प्रथम इस्लामिस्ट राष्ट्रपति, तथा लगभग वर्ष पहले राजतंत्र को हटाए जाने के पश्चात मिस्र के पांचवे राष्ट्राध्यक्ष बन गए हैं।",22.13,Medium,31,37,6
1922,he took the oath before the courts 18 blackrobed judges in its nileside seat built to resemble an ancient egyptian temple.,उसने अदालत के सामने शपथ ली कि वह एक प्राचीन पूर्वीय मंदिर के समान बनने के लिए तैयार है ।,"उन्होंने अपनी कुर्सी पर न्यायालय के काले लबादे वाले न्यायाधीशों के समक्ष नील नदी के किनारे शपथ ग्रहण की, जो प्राचीन मिस्र मन्दिर जैसा दिख रही थी।",17.41,Bad,20,27,7
1923,"we aspire to a better tomorrow, a new egypt and a second republic, morsi said during a solemn ceremony shown live on state television.","हम कल एक बेहतर भविष्य की आशा करते हैं, एक नयी कहावत और दूसरी गणराज्य की सैर करने की कोशिश करते हैं ।","राष्ट्रीय टेलीविज़न पर सजीव प्रसारण में दिखाए गए औपचारिक समारोह के दौरान मोरसी ने कहा कि हम बेहतर भविष्य, नए मिस्र तथा दूसरे गणराज्य की आकांक्षा कर रहे हैं।",24.31,Medium,23,29,6
1924,"today, the egyptian people laid the foundation of a new life absolute freedom, a genuine democracy and stability, said morsi, a 60yearold ustrained engineer from the muslim brotherhood, a fundamentalist group that has spent most of the 84 years since its inception as an outlawed organisation harshly targeted by successive governments.","आज, पूर्वोक्‍त लोगों ने एक नई स्वतंत्रता, एक असली लोकतंत्र और स्थिरता की नींव डाली, एक 60 वर्षीया ने कहा ।","कट्टरपंथी समूह मुस्लिम ब्रदरहुड, जिसने अपनी स्थापना के समय से वर्ष गैरकानूनी घोषित संगठन के रूप में गुजारा है, तथा जो पिछली सरकारों के निशाने पर रही है, पार्टी के यू.एस. में प्रशिक्षित इंजीनियर वर्षीय मोरसी ने कहा कि आज मिस्र के लोगों ने नए जीवन की नींव रखी है पूर्ण स्वतंत्रता, सच्चा लोकतंत्र तथा स्थिरता।",18.56,Bad,21,56,35
1925,hundreds of soldiers and policemen guarded the building as morsi arrived shortly after 11am local time in a small motorcade.,"सैकड़ों सैनिक और पुलिसवाले उस इमारत की रखवाली करते थे, जो एक छोटे - से मोटर - गाड़ी में ११ बजे के समय थी ।",सैकड़ों सैनिकों तथा पुलिस वालों ने इमारत की सुरक्षा की और स्थानीय समय के अनुसार प्रातः बजे के थोड़े समय बाद कारों के छोटे काफिले में मोरसी आए।,30.1,Medium,25,28,3
1926,"only several hundred supporters gathered outside the court to cheer the new president and, in a departure from the presidential pomp of the mubarak years, traffic was only briefly halted to allow his motorcade through on the usually busy road linking the city centre with its southern suburbs.",उस वक्‍त सड़क के आस - पास के इलाकों में बहुत - से भाई - बहन आए थे ।,"मुबारक के काल से राष्ट्रपति की धूमधाम से अलग नए राष्ट्रपति को मुबारकबाद देने के लिए न्यायालय के बाहर केवल कुछ सौ समर्थक ही एकत्रित हुए, यातायात को भी थोड़ी देर के लिए ही रोका गया था, ताकि उनका मोटर का काफिला सामान्य तौर पर व्यस्त रहने वाली सड़क से निकल जाए, जो शहर के केन्द्र को इसके दक्षिण उपनगरों से जोड़ती है।",4.94,Bad,19,63,44
1927,"derided as the brotherhoods uncharismatic spare tyre, his personal prestige has surged since his victory and his delivery of a friday speech that tried to present him as a candidate not just of islamists but of all those who want to complete the work of the 2011 uprising against the authoritarian mubarak.","जैसे - जैसे भाईचारे के भाईचारे का शोक बढ़ रहा है, उसकी व्यक्‍तिगत प्रतिष्ठा बढ़ गयी है, उसकी विजय और एक जन - भाषण के बाद से हुई बातचीत ने उसे एक प्रतिनिधि के रूप में प्रस्तुत करने की कोशिश की है, जो कि केवल हैमिस्टों के रूप में नहीं बल्कि उन सभी को जो 2011 के भयंकर - से विरोध के कार्य पूरा करना चाहते हैं ।","ब्रदरहुड के गैरकरिश्माई खाली टायर के रूप में उपहास उड़ाए जाने वाले मोरसी की व्यक्तिगत प्रतिष्ठता में उनकी जीत के पश्चात बहुत वृद्धि हुई तथा शुक्रवार को उनके भाषण ने उन्हें मात्र इस्लामिस्ट ही नहीं बल्कि उन सभी के उम्मीदवार के रूप में प्रस्तुत किया, जो तानाशाही मुबारक के विरुद्ध की क्रांति के कार्य को पूर्ण करना चाहते हैं।",35.99,Medium,68,59,9
1928,"egypt today is a civil, national, constitutional and modern state, morsi, wearing a blue business suit and a red tie, told the judges in the woodpanelled chamber where he took the oath of office.","आज एक नागरिक, राष्ट्रीय, संविधान और आधुनिक राज्य है, जो नीले व्यवसाय सूट और एक लाल टाई पहने हुए है, जहाँ उसने लकड़ी के कमरे में न्यायियों को बताया कि वह ऑफिस की शपथ लेता है ।","नीले रंग का बिजनेस सूट तथा लाल रंग की टाई पहने हुए मोरसी ने, लकड़ी के पैनल वाले चैम्बर में बैठे हुए न्यायाधीशों के समक्ष पद की शपथ लेते हुए कहा कि आज मिस्र नागरिक, राष्ट्रीय, संवैधानिक तथा आधुनिक राष्ट्र है।",36.98,Medium,37,41,4
1929,morsi later travelled to cairo university where he was to make his inauguration address.,"इसके बाद, भाई ने उसे अपने उद्‌घाटन के भाषण की तैयारी करने के लिए भेजा ।","उसके पश्चात मोरसी काइरो विश्वविद्यालय चले गए, जहां पर उन्हें अपना उद्घाटन भाषण देना था।",16.17,Bad,16,15,1
1930,he was given an official welcome by an army band that played the national anthem as he stood to attention.,उसे सेना के एक दल ने एक अधिकारी का स्वागत किया ।,"सैन्य बैंड ने राष्ट्रीय धुन बजाकर उनका आधिकारिक स्वागत किया गया, जबकि वे सावधान की मुद्रा में खड़े थे।",18.92,Bad,12,19,7
1931,military ruler field marshal hussein tantawi was in attendance.,सैन्य शासक मार्शल Waki के विरुद्ध उपस्थिति में था.,सैन्य शासक फील्ड मार्शल हुसैन टंटावी भी मौजूद थे।,29.54,Medium,9,9,0
1932,"his arrival was greeted with chants of, the army and the people are one hand, from the hundreds gathered in the universitys main lecture room.","उसके आने का नाम था, सेना और लोग एक हाथ, विश्‍वविद्यालय के मुख्य व्याख्यान कक्ष में एकत्रित हुए थे ।","उनके आगमन पर, वहां मुख्य विश्वविद्यालय में व्याख्यान कक्ष में उपस्थित सैकड़ों लोगों ने इस नारे के साथ स्वागत किया कि सेना और लोग एक हाथ हैं।",40.36,Medium,20,27,7
1933,"established in 1908 as a bastion of secular education, cairo university later became a stronghold of islamist student groups in the 1970s.","सन्‌ 1908 में, कोरो विश्‍वविद्यालय की पढ़ाई खत्म करने के बाद, सन्‌ 1970 में एक ऐसा गढ़ बन गया, जहाँ प्रचारकों की ज़्यादा ज़रूरत थी ।","वर्ष में धर्मनिरपेक्ष शिक्षा के गढ़ के रूप में स्थापित, काइरो विश्वविद्यालय बाद में वर्ष के वर्षों में इस्लामिस्ट विद्यार्थी समूहों का गढ़ बन गया।",24.92,Medium,26,25,1
1934,"morsi took a symbolic oath on friday in tahrir square, birthplace of the uprising that ended mubaraks authoritarian rule last year, and vowed to reclaim presidential powers stripped from his office by the military council that took over from the ousted leader.",इस बगावत की शुरूआत सन्‌ पिछले साल हुई थी और इस वजह से सेना परिषद्‌ ने अपने दफ्तर से छीन लिए गए राष्ट्रपति शक्‍तियों को रद्द करने की कसम खायी थी ।,"शुक्रवार को मोरसी ने तहरीर स्कवायर में प्रतीकात्मक शपथ ग्रहण की, जो उस क्रांति का उद्गम स्थान है, जिसने पिछले वर्ष मुबारक के तानाशाह शासन का अंत किया, तथा पिछले वर्ष हटाए गए नेता से सैन्य परिषद द्वारा उनके पद से छीनी गई राष्ट्रपति शक्तियों को वापस लेने की शपथ ली।",20.49,Medium,32,51,19
1935,"but by agreeing to take the official oath before the court, rather than before parliament as is customary, he is bowing to the militarys will in an indication that the contest for power will continue.","लेकिन आमतौर पर संसद के सामने सरकारी शपथ लेने के बजाय, वह सेना के सामने घुटने टेकेगा और इस बात का संकेत देगा कि सत्ता के लिए प्रतियोगिता जारी रहेगी ।","लेकिन प्रथागत रूप से संसद के सक्षम शपथ ग्रहण करने के बजाय न्यायालय के समक्ष आधिकारिक शपथ लेने के लिए सहमत होने के द्वारा वे सेना की इच्छा के समक्ष झुके, जो इस बात का संकेत है कि सत्ता के लिए संघर्ष जारी रहेगा।",36.2,Medium,31,44,13
1936,morsis speech in tahrir square was filled with dramatic populist gestures.,टेरररी वर्ग में मोआइडी बोलने की आवाज़ असाधारण पॉपक्ला शीर्षकों से भरी हुई थी ।,तहरीर स्कवायर में मोरसी का भाषण नाटकीय लोकप्रिय मुद्राओं से भरा हुआ था।,19.11,Bad,15,13,2
1937,we receive hundreds of photos and news from our readers for our readers column every day.,हम हर दिन अपने पाठकों के लिए अपने पाठकों से सैकड़ों फोटो और समाचार प्राप्त करते हैं.,हमारे रीडर्स कॉलम के लिए हमें रोजाना आप पाठकों से सैकड़ों की संख्या में फोटो और न्यूज मिल रही है।,33.86,Medium,17,20,3
1938,some of which we are sharing with you here.,हम यहाँ आप के साथ साझा कर रहे हैं कि में से कुछ.,इन्हीं में से कुछ खबरें और फोटो हम यहां आपके साथ शेयर कर रहे हैं।,39.05,Medium,13,15,2
1939,looking at these photos you will also say that they are very good and that the photographer has made good use of the opportunity.,इन फोटो को देखने पर आप यह भी कहेंगे कि वे बहुत अच्छे हैं और फोटोग्राफी ने अवसर का अच्छा इस्तेमाल किया है।,"इन फोटो को देखकर आप भी कह उठेंगे, भई वाह क्लिक करने वाले मौके का खूब फायदा उठाया है।",29.15,Medium,23,19,4
1940,every photo in the readers report has been taken from a different angle.,रीडर रिपोर्ट में हर फोटो अलग कोण से लिया गया है.,रीडर्स रिपोर्ट की हर फोटो का एंगल नया है।,37.93,Medium,11,9,2
1941,the slight change in the angle by the photographer has changed the mood of the photograph.,फोटोग्राफर द्वारा कोण में थोड़ा बदल गया है तस्वीर का मूड बदल गया है.,क्लिक करने वाले कैमरे का जरा सा एंगल क्या चेंज किया इन फोटो का तो मूड ही बदल गया।,18.71,Bad,14,19,5
1942,"if you dont believe it, take a look for yourself.","आप यह विश्वास नहीं है, अपने आप के लिए एक नज़र लो.",यकीन नहीं होता आप खुद ही देख लीजिए।,17.11,Bad,12,8,4
1943,if scrap is stored properly and with proper lighting it can also become a piece of art.,"अगर इसे ठीक से जमा किया जाता है और सही रोशनी से बनाया जाता है, तो इसे कला का एक टुकड़ा भी बन सकता है ।",स्क्रैप को अगर ठीक ढंग से जमा दिया जाए और प्रॉपर लाइटिंग हो तो यह भी आर्ट पीस बन सकता है।,26.2,Medium,26,21,5
1944,"secretary of state john kerry unexpectedly acknowledged that in the us spying has gone too far, in some cases.",कुछ मामलों में हम जासूसों के बीच बहुत दूर चला गया है।,विदेश मंत्री जॉन केरी ने अप्रत्याशित रूप से स्वीकार किया कि कुछ मामलों में अमेरिकी जासूसी ने हद को पार किया है।,21.18,Medium,12,22,10
1945,he also claimed that innocent people have been tortured under secret surveillance programs.,उसने यह भी दावा किया कि गुप्त निगरानी कार्यक्रमों में निर्दोष लोगों को सताया गया है ।,साथ ही उन्होंने दावा किया कि निर्दोष लोगों को खुफिया निगरानी कार्यक्रम के तहत प्रताड़ित नहीं किया गया है।,51.43,Good,17,19,2
1946,kerrys confession came while addressing the open government partnerships annual summit in london via a video link.,खुले सरकारी सहयोगियों को एक वीडियो कड़ी के माध्यम से खुली कड़ी के द्वारा खुली सरकारी साझेदारीओं को सम्बोधित करते समय कृश्‍वर पाप प्रकट हुआ ।,केरी की यह स्वीकारोक्ति वीडियो लिंक के माध्यम से लंदन में आयोजित ओपन गवर्नमेंट पार्टनरशिप के वार्षिक शिखर सम्मेलन को संबोधित करने के दौरान सामने आई।,25.78,Medium,26,26,0
1947,"kerry said, i assure you that innocent people were not being harassed in this process.","केरी ने कहा, मैं आपको आश्‍वस्त करती हूँ कि इस प्रक्रिया में निर्दोष लोगों को तंग नहीं किया जा रहा था ।",केरी ने कहा कि मैं आपको विश्वास दिलाता हूं कि इस प्रक्रिया में मासूम लोग प्रताड़ित नहीं हो रहे हैं।,41.43,Medium,22,20,2
1948,"but, in an effort to gain information, in some cases inappropriate methods had been used.","लेकिन, जानकारी प्राप्त करने के प्रयास में, कुछ मामलों में अनुचित तरीक़े इस्तेमाल किए गए थे ।",लेकिन जानकारी हासिल करने के प्रयास में कुछ मामलों में अनुपयुक्त तरीके अपनाए गए हैं।,55.04,Good,17,15,2
1949,"meanwhile, a key committee of the u.s. congress has approved a bill to limit the monitoring activities of the national security agency nsa.",ए. ने एक बिल स्वीकार किया है कि राष्ट्रीय सुरक्षा एना के स्मरणीय कार्यों को सीमित करने के लिए।,इस बीच अमेरिकी संसद की एक अहम समिति ने राष्ट्रीय सुरक्षा एजेंसी एनएसए की निगरानी गतिविधियों को सीमित करने वाले एक विधेयक को मंजूरी दे दी है।,31.88,Medium,19,27,8
1950,the aim of this is to make monitoring more transparent and to get back the trust of the people which has been lost following the disclosure of large scale phone tapping.,इसका उद्देश्य अधिक पारदर्शी बनाने के लिए है और उन लोगों के भरोसे को वापस पाने के लिए है जो बड़े पैमाने पर फोन टॉगल के प्रारंभ के बाद खो दिया गया है।,इसका मकसद निगरानी को और पारदर्शी बनाना और लोगों में उस विश्वास को फिर से बहाल करना है जिसे बड़े पैमाने पर फोन टेप किए जाने का खुलासा होने से चोट पहुंची है।,34.01,Medium,33,33,0
1951,this move by the senate was welcomed by six u.s. companies including google and yahoo.,छः uuuu.s द्वारा यह कदम ग्रहण किया गया ।,"सीनेट के इस कदम का गूगल, याहू सहित छह अमेरिकी कंपनियों ने स्वागत किया है।",11.0,Bad,9,15,6
1952,the data centres in these companies have also been hacked by the nsa.,इन कंपनियों में डेटा केंद्र भी nsa द्वारा हैक किया गया है.,इन कंपनियों के भी डाटा केंद्रों में एनएसए ने सेंध लगाई है।,37.64,Medium,12,12,0
1953,on friday the select committee of the senate passed a bill to amend the foreign intelligence surveillance actfisaby 11 votes to 4.,म्यूरी दिन में स्विंगट के चुनाव समिति ने एक बिल दिया जिसमें विदेशी आगामी मानसिक निगरानी को सुधारने के लिए 11 वोट्स।,सीनेट की प्रवर समिति ने शुक्रवार को एनएसए के पर कतरने वाले विदेशी खुफिया निगरानी सुधार विधेयक एफआइएसए को के मुकाबले मतों से पारित किया।,23.95,Medium,22,25,3
1954,"many restrictions, including an outright ban on phone tapping, have been proposed in this bill, under the american patriot act.","बहुत - से प्रतिबंधों पर, जिसमें फोन पर सीधे प्रतिबंध भी सम्मिलित है, इस बिल में, मैनिक मायोटयोट कार्य के अधीन प्रस्ताव रखा गया है ।",इस विधेयक में अमेरिकी पैट्रियट अधिनियम के तहत एकमुश्त फोन टेप करने पर रोक लगाने सहित कई प्रतिबंधों का उल्लेख किया गया है।,26.35,Medium,26,23,3
1955,"deliberate, unauthorized collection and use of data under fisa will be treated as a criminal offence and will be punishable by up to ten years in prison.","जानबूझकर, ग़ैर - कानूनी संग्रह और फॉसा के नीचे डाटा का प्रयोग एक अपराधी के रूप में किया जाएगा और दस साल तक जेल में सज़ा दी जाएगी ।",एफआइएसए के तहत जानबूझकर अनधिकृत रूप से डाटा इकट्ठा कर उसके उपयोग को अपराध माना जाएगा और इसके लिए दस वर्ष जेल की सजा का प्रावधान किया गया है।,28.97,Medium,29,29,0
1956,"once both congress, the house of representatives and the senate pass the bill, it will become law.","एक बार सम्मेलन के दौरान, प्रतिनिधियों का घर और बिल खत्म हो जाएगा, यह कानून बन जाएगा ।",कांग्रेस के दोनों सदनों हाउस ऑफ रिप्रेजेंटेटिव और सीनेट में पास होने के बाद यह विधेयक कानून बन जाएगा।,24.38,Medium,18,19,1
1957,"the committee chairman and senator, diane festin, said that the nsas program of recording phone calls is within the law, and believed it had contributed significantly to the countrys security.","समिति के अध्यक्ष और क्वीन, नन फैन ने कहा कि फोन कॉल का नस प्रोग्राम कानून के अंदर है, और विश्‍वास करते हैं कि इसने देश की सुरक्षा के लिए काफी योगदान दिया था ।",समिति की अध्यक्ष और सीनेटर डियाने फेस्टिन ने कहा कि एनएसए का फोन रिकार्ड करने का कार्यक्रम कानून के तहत है और मेरा मानना है कि इसने देश की सुरक्षा में अहम योगदान दिया है।,42.48,Medium,35,35,0
1958,"however, there should be more transparency.","लेकिन, और भी ज़्यादा पारदर्शिता होनी चाहिए ।",लेकिन इसके बावजूद इसमें और पारदर्शिता लाई जाना चाहिए।,35.62,Medium,8,9,1
1959,"not only that, the protection of personal privacy should also be kept in mind.","इसके अलावा, निजी तौर पर निजी तौर पर सुरक्षा भी मन में रखनी चाहिए ।","यही नहीं, जनता की निजता की सुरक्षा का भी ख्याल रखा जाना चाहिए।",26.12,Medium,15,13,2
1960,"meanwhile, google, yahoo, microsoft, apple, aol and facebook, disturbed by the revelation of the nsas internet surveillance program, have supported this bill.",और इसका मतलब यह है कि इस बिल का समर्थन किया है।,"इस बीच, एनएसए के इंटरनेट निगरानी कार्यक्रम का खुलासा होने से नाराज गूगल, याहू, माइक्रोसाफ्ट, एप्पल, एओएल और फेसबुक ने इस विधेयक का समर्थन किया है।",16.31,Bad,12,26,14
1961,in letters written to the senators all these companies have said that the senators proposal to restrict the nsas large scale phone tapping is welcomed by them.,इन सभी कंपनियों को लिखे पत्रों में कहा गया है कि बड़े पैमाने पर फ़ोन पर रोक लगाने का प्रस्ताव उन पर स्वागत किया जाता है ।,सीनेटरों को लिखे पत्र में इन कंपनियों ने कहा है कि एनएसए के बड़े पैमाने पर फोन रिकार्ड करने पर अंकुश लगाने वाले सांसदों के इस प्रस्ताव का हम स्वागत करते हैं।,40.67,Medium,27,32,5
1962,it is noteworthy that the documents released by the former cia employee edward snowden made the actions of the nsa public.,यह बात गौर करने लायक है कि भूतपूर्व भूतपूर्व सरकारी कर्मचारी द्वारा रिलीज़ किए गए दस्तावेज़ों ने एनिया के कार्य को सार्वजनिक रूप से किया ।,गौरतलब है कि पूर्व सीआइए कर्मचारी एडवर्ड स्नोडेन द्वारा जारी किए गए दस्तावेजों से एनएसए की करतूतों से पर्दा हटा।,36.31,Medium,26,20,6
1963,"the nsas monitoring of the phone conversations of the presidents of 35 countries, including germany and france, had caused a huge uproar in the international community.","सन्‌ 35 देशों के राष्ट्रपतिों के फोन पर बातचीत करते वक्‍त, यहाँ तक कि एक - के - बाद - एक अंतर्राष्ट्रीय समाज में ज़बरदस्त हलचल मच गयी थी ।",एनएसए द्वारा जर्मनी और फ्रांस सहित देशों के राष्ट्राध्यक्षों की टेलीफोन पर की गई बातचीत की निगरानी का खुलासा होने के बाद अंतरराष्ट्रीय समुदाय में खासी नाराजगी है।,30.42,Medium,30,28,2
1964,the state media member ajay rai said he will begin his extensive campaign on the 4th of november.,राज्य मीडिया के एक सदस्य ने कहा कि वह नोमेबर के 4वें हिस्से पर अपनी विस्तृत अभियान शुरू करेगा।,प्रदेश मीडिया सदस्य अजय राय ने बताया कि वे चार नवंबर से वहां धुंआधार प्रचार अभियान पर निकलेंगे।,25.46,Medium,19,18,1
1965,"bhagat will be focusing his efforts in the assembly constituencies in chhatisgarh, adjacent to jharkhand.",इस सम्मेलन में एक - के - बाद - एक जन - सभा में हाज़िर होने की उसकी कोशिशों पर ध्यान नहीं दिया जाएगा ।,भगत झारखंड से सटे छत्तीसगढ़ के विधानसभा क्षेत्रों में खुद को केंद्रित करेंगे।,12.66,Bad,25,13,12
1966,he knows these areas very well.,वह बहुत अच्छी तरह से इन क्षेत्रों जानता है.,इन इलाकों से वे अच्छी तरह वाकिफ भी हैं।,27.47,Medium,9,9,0
1967,he will travel in chhattisgarh continuously until november 16th.,"जब तक कि कोई 16वाँ 16 वीं न हो, तब तक वह क्लोजर में लगातार यात्रा करेगा.",वे छत्तीसगढ़ में नवंबर तक लगातार प्रवास करेंगे।,21.68,Medium,17,8,9
1968,jharkhandi leaders are in great demand in the electoral battle in chhattisgarh.,वे कहते हैं कि यह युद्ध म्यूजिक युद्ध में बहुत बड़ी माँग कर रहा है।,छत्तीसगढ़ के चुनावी समर में झारखंडी नेताओं की खासी मांग है।,12.14,Bad,15,11,4
1969,more than two dozen leaders of the bjp are already there.,दो से अधिक दर्जन से अधिक नेता पहले से ही वहाँ हैं.,भाजपा के दो दर्जन से ज्यादा नेता पहले ही वहां जमे हैं।,37.9,Medium,12,12,0
1970,"congress had urged the jmm chief, shibu soren, and chief minister, hemant soren, to campaign on behalf of the party in chhattisgarh, which jmms top leadership has accepted.","सम्मेलन के मुख्य प्रमुख, फूश सोगन, और मुख्य मंत्री, हेनमान सोन को, जो कि फ़ेस्ट्हे के पक्ष में पार्टी के पक्ष में अभियान करने के लिए प्रेरित किया गया है, स्वीकार किया है.",कांग्रेस ने झामुमो सुप्रीमो शिबू सोरेन और मुख्यमंत्री हेमंत सोरेन से भी छत्तीसगढ़ में पार्टी के पक्ष में चुनाव प्रचार का अनुरोध किया था जिसे झामुमो के शीर्ष नेतृत्व ने स्वीकार कर लिया है।,33.63,Medium,33,34,1
1971,the jmm withdrew its 10 candidates announced earlier from the elections.,अपने १० उम्मीदवारों को चुनावों से पहले घोषित कर दिया।,झामुमो ने पूर्व में घोषित किए गए अपने उम्मीदवारों को भी चुनाव मैदान से हटा लिया है।,35.14,Medium,10,17,7
1972,the jmm has told the chhatisgarh state committee that all its leaders must actively join in the campaign for congress.,mmughrgghghhg राज्य कमेटी को बताया है कि उसके सभी नेताओं को सम्मेलन के लिए अभियान में सक्रिय रूप से हिस्सा लेना चाहिए।,झामुमो ने छत्तीसगढ़ राज्य समिति को निर्देश दिया है कि सारे नेता कांग्रेस के पक्ष में चुनाव अभियान में जुट जाएं।,25.81,Medium,22,21,1
1973,"as per the issued notification dr. girish sharma has been promoted from assistant professor to the post of associate professor in the anaesthesia department, dr. divya vashishth from lecturer in the college of dentistry, simla to the post of assistant professor in the prosthetics department, dr. geetaram tekta from assistant professor to the post of associate professor in the department of skin diseases and dr. renu gupta has been appointed to the post of professor in the college of dentistry, simla.",जैसे कि प्रति जारी सूचना डीर. ग्रिफ़ा के लिए सहायक प्रोफेसर डॉ. डी. डी.,"जारी अधिसूचना के मुताबिक डॉ. गिरीश शर्मा को असिस्टेंट प्रोफसर से एसोसिएट प्रोफेसर को पद पर एनेस्थीसिया विभाग में, डॉ. दिव्या वशिष्ट को दंत चिकित्सा कॉलेज शिमला को लेक्चरर के पद से असिस्टेंट प्रोफेसर के पद पर प्रोस्थडोटिक्स विभाग में, डॉ. गीताराम टेक्टा असिस्टेंट प्रोफेसर को एसोसिएट प्रोफेसर के पद पर चर्म रोग विभाग में तथा डॉ. रेणू गुप्ता को दंत महाविद्यालय शिमला में प्रोफेसर के पद पर नियुक्त किया है।",7.04,Bad,14,71,57
1974,"the government cancelled the transfer order of neeraj sharma, the senior superintendent of the cmo office, simla on friday.","सरकार ने नीयाजे का आदेश रद्द कर दिया, जो सेमीओ ऑफिस का बुज़ुर्ग सदस्य था ।",शिमला सीएमओ ऑफिस के वरिष्ठ अधीक्षक नीरज शर्मा का सरकार ने तबादला आदेश शुक्रवार को रद कर दिए हैं।,23.99,Medium,16,19,3
1975,"he has been posted in ddu, simla.","वह Duuu, Smuला में तैनात किया गया है.",उन्हें डीडीयू शिमला में ही तैनाती दी गई है।,18.78,Bad,8,9,1
1976,he was transferred to the simla dental college. he has been under transfer since 24th october.,वह 24 वीं ऑक्टॉर से स्थानांतरित कर दिया गया है.,उनका तबादला शिमला के ही दंत महाविद्यालय के लिए किया था। अक्टूबर से वह अंडर ट्रांसफर थे।,11.72,Bad,10,17,7
1977,"irrigation and public health department assistant engineer, ashok kumar choudhary, has been transferred from the kangra subdivision to the dharamsala zone.",जैसे कि हेकूमार कुरी से लेकर न्यू यॉर्क के इलाके तक के उप - क्षेत्र तक के उप - विभाजनों में शामिल किया गया है ।,सिंचाई एवं जनस्वास्थ्य महकमे में असिस्टेंट इंजीनियर अशोक कुमार चौधरी का तबादला कांगड़ा सब डिवीजन से धर्मशाला जोन किया में है।,14.06,Bad,26,21,5
1978,"assistant engineer, jagat ram chaudhary, has been sent from guglada kangra to the kangra subdivision.","सहायक इंजीनियर, सुजात मेढ़ेज़ी को gugugagamaama से उप - विभाजन के लिए भेजा गया है ।",असिस्टेंट इंजीनियर जगत राम चौधरी को गुगलाड़ा कांगड़ा से कांगड़ा सब डिवीजन भेजा है।,20.68,Medium,16,14,2
1979,"the bail plea hearing of the former chief of the army, general pervez musharraf, in the case of the lal masjid cleric murder has been postponed until november 4th.","सेना के भूतपूर्व प्रमुख, आम प्रतिवरवरफ के बारे में सरकारी निवेदन को तब तक स्थगित कर दिया गया जब तक कि नर्मबर ४वें.",लाल मस्जिद के मौलवी की हत्या के मामले में पूर्व सैन्य शासक जनरल परवेज मुशर्रफ की जमानत याचिका पर सुनवाई चार नवंबर तक के लिए स्थगित कर दी गई है।,21.94,Medium,23,30,7
1980,the next hearing of the case against musharraf will be held on november 11.,इस मामले की अगली सुनवाई निमबर 11 पर होगी.,मुशर्रफ के खिलाफ इस मामले की अगली सुनवाई नवंबर को होगी।,49.91,Medium,9,11,2
1981,"in 2007, during the military campaign launched against the fanatics hiding in lal masjid, cleric abdul rashid ghazi was killed.","सन्‌ 2007 में, जर्मनी के सेना के अभियान के दौरान, एललैंड्रा के धर्म - गुरुओं की हत्या कर दी गयी ।",वर्ष में लाल मस्जिद में छिपे कंट्टरपंथियों के खिलाफ चलाए गए सैन्य अभियान में मौलवी गाजी अब्दुल रशीद की मौत हो गई थी।,15.0,Bad,21,23,2
1982,"the police have already declared musharraf innocent, which was a great relief for him.","पुलिस ने पहले ही निर्दोष घोषित कर दिया है, जो उसके लिए एक बड़ी राहत थी ।",इस मामले में पुलिस पहले ही मुशर्रफ को बेकसूर ठहरा कर बड़ी राहत दे चुकी है।,26.03,Medium,17,16,1
1983,the police said then that president musharraf did not play a direct role in the assassination of the cleric.,पुलिस ने फिर कहा कि राष्ट्रपति मुंफ ने पादरियों की हत्या में एक सीधी भूमिका नहीं निभायी ।,पुलिस के मुताबिक मौलवी की हत्या में तत्कालीन राष्ट्रपति मुशर्रफ का सीधा हाथ नहीं था।,37.6,Medium,18,15,3
1984,"islamabad additional district and sessions judge adsj, wajid ali, is presiding over musharrafs bail hearing.",इसके अतिरिक्‍त ज़िला और सत्रों में निर्णय करनेवाले विज्ञापन होते हैं ।,इस्लामाबाद के अतिरिक्त जिला व सत्र न्यायाधीश एडीएसजे वाजिद अली मुशर्रफ की जमानत याचिका पर सुनवाई कर रहे हैं।,21.59,Medium,12,19,7
1985,"during the hearing tarik asad, the counsel of the lal masjid shuhada foundation representative and complainant, accused the police of destroying all the evidences of musharrafs innocence.",इस पर पुलिस ने इलज़ाम लगाया कि वह हर तरह की नाइंसाफी को खत्म कर देगा ।,सुनवाई के दौरान लाल मस्जिद शुहदा फाउंडेशन के प्रतिनिधि और शिकायतकर्ता के वकील तारीक असद ने आरोप लगाया कि पुलिस ने मुशर्रफ को बेकसूर साबित करने के लिए सभी सबूतों का नष्ट कर दिया है।,12.65,Bad,17,35,18
1986,counsel asked the court for more time to present more evidence in this case.,इस मामले में और भी सबूत पेश करने के लिए अदालत ने अदालत से पूछा ।,वकील ने इस मामले में और अधिक सुबूत पेश करने के लिए अदालत से कुछ वक्त मांगा।,56.88,Good,16,17,1
1987,"subsequently, the court adjourned the bail of mushraf hearing until november 4th.","बाद में, अदालत ने फूशफफफफ की सुनवाई के लिए अदालत के साथ - साथ 4वें नंबर भी दिए ।",इसके बाद अदालत ने मुशर्रफ की जमानत याचिका पर सुनवाई चार नवंबर तक के लिए टाल दी।,27.07,Medium,19,17,2
1988,"on thursday, the organisation for the welfare of the disabled held a meeting to discuss the welfare of the disabled in the town.","हर दिन, अपंग लोगों के कल्याण के लिए संगठन ने नगर में अपंग लोगों की भलाई पर चर्चा करने के लिए एक सभा आयोजित की ।",कस्बे में वीरवार को विकलांगों के कल्याण को लेकर विकलांग कल्याण संगठन ने बैठक की।,31.39,Medium,26,15,11
1989,"it was presided over by vinod sharma, senior vicechairman of the organization.","यह संगठन के बड़े - बड़े उप - वारिस, स्वाशा ने शुरू किया था ।",जिसकी अध्यक्षता संगठन के सीनियर वाइस प्रधान विनोद शर्मा ने की।,18.11,Bad,15,11,4
1990,after the meeting the disabled demonstrated against the administration and submitted a memorandum to the sdm naushera.,सभा में किए गए अक्षमों के बाद प्रशासन के खिलाफ प्रदर्शित किया गया और क्लिमिम्रा के अधीन हो गए ।,बैठक के उपरात विकलांगों ने प्रशासन के खिलाफ प्रदर्शन किया और एसडीएम नौशहरा को ज्ञापन सौंपा।,36.39,Medium,20,16,4
1991,"vinod sharma, while addressing a meeting of the disabled, said that persons with disabilities should receive special concessions for government jobs.",वे कहते हैं कि अपंगता के शिकार लोगों को सरकारी नौकरियों के लिए ख़ास छूट मिलनी चाहिए ।,बैठक में विकलांगों को संबोधित करते हुए विनोद शर्मा ने कहा कि विकलांगों को सरकारी नौकरी के लिए विशेष छूट दी जाए।,29.32,Medium,18,22,4
1992,the disabled should receive promotion in the various government departments based on scst quotas.,उपलब्ध कोटाों पर आधारित विभिन्‍न सरकारी विभागों में अक्षमता प्राप्त करनी चाहिए ।,विकलांगों को एससीएसटी कोटे की तर्ज पर विभिन्न सरकारी विभागों में पदोन्नति की जाए।,34.99,Medium,13,14,1
1993,"the monthly pension should be raised from rs. 400 to rs. 2,000.","हिसाब लगाया जाना चाहिए। 400 से लेकर 2,000 तक।",मासिक पेंशन को बढ़ा कर दो हजार रुपये किया जाए।,13.23,Bad,9,10,1
1994,a prosthesis camp should be organized in tehsil naushera and a rehabilitation centre should be opened in rajouri.,इस शिविर को राफेला नाम के इलाके में संगठित किया जाना चाहिए और फिर बहाल किया जाना चाहिए ।,तहसील नौशहरा में कृत्रिम अंग शिविर लगाया जाए और पुनर्वास केंद्र को राजौरी में खोला जाए।,20.24,Medium,19,16,3
1995,the disabled also protested with their demands.,अपंग लोगों ने भी उनकी माँगों का विरोध किया ।,अपनी मांगों को लेकर विकलांगों ने प्रदर्शन भी किया।,26.48,Medium,10,9,1
1996,"after the meeting, the disabled presented the naushera sdm, dipti uppal, with a memorandum of their demands.","सभा के बाद, अक्षम व्यक्‍ति ने उस निशशिता, गॉपल, और उनकी माँगों के एक पुनःपुष्टम को प्रस्तुत किया ।",बैठक के बाद विकलांगों ने एसडीएम नौशहरा दिप्ती उप्पल को अपनी मांगों का ज्ञापन भी सौंपा।,16.85,Bad,19,16,3
1997,the naushera sdm assured the disabled that their problems could be resolved.,इस बीमारी की वजह से उन्हें काफी नुकसान हुआ ।,एसडीएम नौशहरा ने विकलांगों को आश्वासन दिया कि उनकी समस्याएं हल हो सकती हैं।,9.15,Bad,10,14,4
1998,in the u.s.a. an indian doctor has been sentenced to 2.5 years in prison for fraud.,"यू. ए. के एक डॉक्टर को धोखाधड़ी के लिए जेल में २,००० साल की सज़ा सुनायी गयी है ।",अमेरिका में एक भारतीय डॉक्टर को धोखाधड़ी के मामले में . साल कैद की सजा सुनाई गई है।,39.69,Medium,19,18,1
1999,the doctor had made a false medical insurance claim for services that he had never provided.,डॉक्टर ने उन सेवाओं के लिए एक झूठा चिकित्सीय बीमा किया था जो उसने कभी प्रदान नहीं की थीं ।,इस डॉक्टर ने ऐसी सेवाओं के लिए झूठा मेडिकल इंश्योरेंस दावा पेश किया था जो उसने कभी मुहैया ही नहीं कराई।,42.99,Medium,20,21,1
2000,"western district of oklahoma u.s. attorney, sanford coats, said in a statement that the native of oklahoma, amarnath bhandari 53, was sentenced to 30 months imprisonment.","उसने एक कथन में कहा कि अमामामामामामा का निवासी, अमारथा जरदारी को 30 महीने की कैद की सज़ा सुनायी गयी थी ।",ओकलाहोमा सनफोर्ड कोट्स पश्चिमी जिला के अमेरिकी अटॉर्नी ने एक बयान में कहा कि ओकलाहोमा निवासी अमरनाथ भंडारी को महीने कैद की सजा सुनाई गई।,29.76,Medium,22,25,3
2001,"he was also fined 20,000.","वह २०,००० भी अच्छी तरह से किया गया था ।","उस पर , डॉलर का जुर्माना भी लगाया गया है।",14.09,Bad,10,10,0
2002,bhandari was also ordered to compensate medicare.,जरदारी को भी अस्पताल की देखभाल करने का हुक्म दिया गया था ।,भंडारी को यह भी आदेश दिया गया है कि वह मेडिकेयर को क्षतिपूर्ति करे।,21.47,Medium,13,14,1
2003,an order to seize some of his property was also given.,उसकी संपत्ति में से कुछ लेने के लिए भी दिया गया था ।,उसकी कुछ संपत्ति को जब्त करने का आदेश भी दिया गया है।,38.0,Medium,13,12,1
2004,dr. bhandari had a license to practice in oklahoma.,डी. बा. बा. argama में अभ्यास करने के लिए एक लाइसेंस था.,डॉक्टर भंडारी के पास ओकलाहोमा में प्रैक्टिस करने का लाइसेंस था।,27.1,Medium,12,11,1
2005,in march last year a federal jury had also charged him with the illegal distribution of controlled drugs.,पिछले साल एक संघीय जूरी ने उसे नियंत्रित नशीले पदार्थों के अवैध वितरण के साथ भी आदेश दिया था ।,पिछले साल मार्च में एक फेडरल जूरी ने उस पर नियंत्रित दवाओं के अवैध वितरण का अभियोग भी दर्ज किया था।,46.08,Medium,20,21,1
2006,this year in april a trial was held in the federal court in oklahoma.,"इस साल, ठीकामामा में संघीय अदालत में एक मुकद्दमा चलाया गया ।",इस साल अप्रैल में ओकलाहोमा शहर स्थित संघीय अदालत में उस पर मुकदमा चला था।,37.11,Medium,12,15,3
2007,"however, the jury did not reach a decision in the case.","लेकिन, जूरी ने इस मामले में कोई निर्णय नहीं लिया ।","हालांकि, जूरी संबंधित मामले में किसी निष्कर्ष पर नहीं पहुंच पाई थी।",25.98,Medium,11,12,1
2008,"paramilitary forces have been deployed, from the forest to the town, for security purposes.","युद्ध - ग्रस्त शक्‍तियाँ, जंगल से शहर तक, सुरक्षा उद्देश्‍यों के लिए तैनात की गई हैं ।",जंगल से लेकर शहर में भी सुरक्षा के लिए पैरा मिलिट्री फोर्स की तैनाती कर दी गई है।,30.02,Medium,17,18,1
2009,"the forces are protecting polling stations in bastar, rajnandgaon and dhamtari.",इन इमारतों की रक्षा करने के लिए बड़े - बड़े स्टेशनों की मदद की जाती है ।,"बस्तर, राजनांदगांव, धमतरी के मतदान केंद्रों पर फोर्स की नजर है।",12.8,Bad,17,11,6
2010,"according to police officers, the naxal operation is continuing at the border.","पुलिस अधिकारियों के अनुसार, Naxal ऑपरेशन सीमा पर जारी है.",पुलिस अफसरों की मानें तो सीमा पर नक्सल ऑपरेशन जारी है।,37.0,Medium,10,11,1
2011,80 platoons have been deployed in the district as this a naxal affected area.,इस क्षेत्र पर एक नन्‍न प्रभाव पड़ने के रूप में इस क्षेत्र में 80 शानदार बमों की तैनाती की गई है ।,नक्सल प्रभावित क्षेत्र होने की वजह से जिले में कंपनियों की तैनाती की गई है।,42.93,Medium,22,15,7
2012,all forces have come from their respective regions.,सभी शक्‍तियाँ अपने क्षेत्र से आयी हैं ।,सभी फोर्स अपनेअपने क्षेत्र में पहुंच चुकी है।,32.85,Medium,8,8,0
2013,"during the elections, intelligence reported the possibility of a naxal attack.","चुनावों के दौरान, आन्‍ना ने अनुमानित हमले की संभावना के बारे में रिपोर्ट दी ।",चुनाव के दौरान नक्सली हमले की आशंका से इंटेलिजेंस ने अवगत कराया है।,27.7,Medium,15,13,2
2014,an alert has been issued.,एक चेतावनी जारी की जा चुकी है.,इसके बाद से अलर्ट जारी कर दिया गया है।,13.19,Bad,7,9,2
2015,the forces have increased their searches and naxal operations.,इन शक्‍तियों ने उनकी खोज और दमा के ऑपरेशनों को और भी बढ़ा दिया है ।,फोर्स की सर्चिंग और नक्सल ऑपरेशन भी बढ़ा दिए गए हैं।,29.0,Medium,16,11,5
2016,"the csp, mohan dubey, said security arrangements have been tightened for the festival, before the elections are held.",कहा जाता है कि चुनावों को आयोजित करने से पहले सुरक्षा प्रबंधों को कम कर दिया गया है ।,सीएसपी मोहन दुबे ने बताया कि चुनाव से पहले त्योहार पर सुरक्षा व्यवस्था तगड़ी रखी गई है।,26.87,Medium,19,17,2
2017,"armed paramilitary soldiers have been deployed at the manav mandir chowk, bharat mata chowk, basantapur, jaystamb square, imam square and ganj chowk in the city.","हथियारबंद सैनिकों को शहर में नरभौक, बाउक में तैनात कर दिया गया है।","शहर के मानव मंदिर चौक, भारत माता चौक, बसंतपुर, जयस्तंभ चौक, इमाम चौक, गंज चौक में पैरामिलिट्री के जवानों को आम्र्स के साथ तैनात किया गया है।",19.86,Bad,13,27,14
2018,police are also carrying out patrols.,पुलिस भी प्रतिबन्धों बाहर ले जा रहे हैं.,पुलिस की पेट्रोलिंग भी जारी है।,23.18,Medium,8,6,2
2019,simultaneously detention of goons is also being carried out.,एक साथ क़ैद भी किया जा रहा है ।,साथ ही गुंडे बदमाशों की धरपकड़ की जा रही है।,15.13,Bad,9,10,1
2020,efforts are being made to avoid any untoward incident during the elections and diwali.,चुनावों और स्वीली के दौरान किसी भी प्रकार की घटना से बचने के लिए प्रयास किए जा रहे हैं ।,चुनाव व दिवाली में किसी तरह की अप्रिय घटना न हो इसका प्रयास किया जा रहा है।,30.09,Medium,20,17,3
2021,"thereafter, he continued the maltreatment.","इसके बाद, वह आगे बढ़ता गया ।",इसके बाद वह लगातार दुराचार करता रहा।,22.95,Medium,7,7,0
2022,"furthermore, on the suspicion that she was pregnant, she was taken to hospital for an abortion.","और - तो - और, इस बात पर कि वह गर्भवती थी, उसे गर्भपात करवाने के लिए अस्पताल ले जाया गया ।",यही नहीं गर्भ ठहरने की आशंका पर वह गर्भपात के लिए अस्पताल ले गया।,46.57,Medium,22,14,8
2023,then he took her home and tried to make her drink poison.,फिर उसने उसका घर ले लिया और उसे ज़हर बनाने की कोशिश की ।,बाद में घर बुलाकर उसे जहर पिलाने की भी कोशिश की।,36.93,Medium,14,11,3
2024,"when the minors family proposed marriage with the youth, the youths family physically abused them.","जब छोटे - छोटे परिवार ने जवानी में शादी का प्रस्ताव रखा, तो जवान परिवार ने उनके साथ शारीरिक रूप से दुर्व्यवहार किया ।",नाबालिग के परिजनों ने जब युवक के साथ शादी का प्रस्ताव रखा तो युवक के परिजनों ने उनकी पिटाई कर दी।,38.09,Medium,24,21,3
2025,"police have registered a case against the youth, his brother and his parents.","पुलिस ने उस नौजवान, उसके भाई और उसके माता - पिता के खिलाफ मुकद्दमा दायर किया है ।","पुलिस ने युवक, उसके भाई और मातापिता के खिलाफ मुकदमा दर्ज कर लिया है।",58.96,Good,18,14,4
2026,"according to the minor three years ago she met gaurav, the son of ramesh, a resident of mallital.","उस छोटी - सी बात के अनुसार, वह एक छोटे से साल पहले स्टाव से मिली थी, जो मेढ़ेज़ का बेटा था ।",नाबालिग के अनुसार तीन साल पूर्व मल्लीताल निवासी गौरव पुत्र रमेश के साथ मुलाकात हुई।,19.58,Bad,23,15,8
2027,he then lured her to his house and had sexual relations.,फिर उसने उस स्त्री को अपने घर ले जाने के लिए बहकाया और उसके साथ लैंगिक संबंध रखे ।,इसके बाद उसने बहलाफुसला कर घर बुलाया और शारीरिक संबंध बना डाले।,25.65,Medium,19,12,7
2028,"he then continued to mistreat her, constantly under threat.","फिर वह उसके साथ दुर्व्यवहार करता रहा, और हमेशा ख़तरे में रहा ।",इसके बाद वह धमकी देकर लगातार दुराचार करता रहा।,28.28,Medium,13,9,4
2029,last october 18th he took kishori away.,अंतिम ऑक्टॉर 18वें वह केशिशी दूर ले गया.,बीती अक्टूबर को वह किशोरी को ले गया।,20.72,Medium,8,8,0
2030,on the 21st he tried to kill her by giving her poison instead of medicine.,21वीं सदी में उसने दवा के बजाय उसे ज़हर देकर उसे मार डालने की कोशिश की ।, को उसने जान से मारने की नियत से उसे दवा के बदले जहर खिला दिया।,30.27,Medium,17,15,2
2031,when the girls condition deteriorated she was treated in the bd pande hospital.,"जब लड़कियों की हालत बिगड़ गयी, तो उसे बाँग्लाइस अस्पताल में इलाज किया गया ।",युवती की हालत बिगड़ी तो बीडी पांडे अस्पताल में उपचार कराया गया।,42.06,Medium,15,12,3
2032,"meanwhile, the family attempted to make them get married, but he refused.","इसलिए परिवार ने उन्हें शादी करने की कोशिश की, मगर उसने इनकार कर दिया ।",इसी बीच परिजनों ने शादी का प्रयास किया तो उसने इनकार कर दिया।,40.51,Medium,15,13,2
2033,"not only that, anand the brother of the accused also was in a fight on degree college road.","न केवल यही था कि, आरोपी का भाई भी डिग्री कॉलेज के सड़क पर लड़ाई में था ।",यही नहीं डिग्री कालेज रोड पर आरोपी युवक के भाई आनंद ने मारपीट भी कर दी।,25.29,Medium,18,16,2
2034,"inspector b.d. juyal said that on the basis of an investigation, a case has been filed under sections 276, 323, 506 against the youth gaurav, his brother anand, mother kunti and father prakash.","मंत्री बी. जूल ने कहा कि एक जांच के आधार पर, एक मामला 266, 323, 326 के तहत किया गया है युवा gugi और पिता के खिलाफ।","कोतवाल बीडी जुयाल ने बताया कि तहरीर के आधार पर युवक गौरव, उसके भाई आनंद, मां कुंती व पिता प्रकाश के खिलाफ धारा , , के अंतर्गत मुकदमा दर्ज कर लिया गया है।",23.88,Medium,27,33,6
2035,"this case is being handled by the si, rajendra kumar.","इस मामले को एसी, राजेरा मार द्वारा हैंडल किया जा रहा है.",मामले की जांच एसआइ राजेंद्र कुमार को सौंपी गई है।,23.74,Medium,12,10,2
2036,thought travel agents were a thing of the past thanks to the internet?,सोचा यात्रा एजेंट इंटरनेट के लिए पिछले धन्यवाद की एक बात थी?,"तो आपको ट्रैवेल एजेन्ट बीती हुई सदी के लगते थे, इन्टरनेट को धन्यवाद कहिए?",25.38,Medium,12,14,2
2037,flight centre seem to be bucking the trend.,उड़ान केंद्र में ऐसा लगता है कि यह चलन बंद हो रहा है.,फ्लाइट सेन्टर इस चलन को आगे बढ़ा रहा है।,18.65,Bad,13,9,4
2038,the company has upgraded its full year profit forecast and is looking to record earnings from holidaymakers in australia and the united kingdom.,इस कंपनी ने अपना पूरा साल पूर्वानुमान लगाया है और लोगों को छुट्टी देने और संयुक्‍त राज्य के लोगों से मिलनेवाले लाभों को रिकॉर्ड करने की कोशिश की है ।,"कम्पनी ने अपने पूर्ण वर्ष लाभ पूर्वानुमान में वृद्धि की है, तथा ऑस्ट्रेलिया एवं यूनाइटेड किंगडम में हॉलीडेमेकर्स से रिकॉर्ड लाभ की उम्मीद कर रहा है।",28.08,Medium,30,26,4
2039,"the travel company now expects its full year underlying profit before tax to be between 325 million and 340 million, compared with the 305 million to 315 million it previously forecast.","अब सफ़री कंपनी अपने पूरे साल की अपेक्षा करता है कि $५ करोड़ और ३.५ करोड़ के बीच कर देने से पहले, उसकी तुलना ३०.५ करोड़ से २.५ करोड़ की जाए ।","इस ट्रैवेल कम्पनी को उम्मीद है कि, इसका कर से पूर्व पूर्ण वर्ष अंतर्निहित लाभ मिलियन डॉलर से मिलियन डॉलर के बीच में होगा, जबकि पिछले पूर्वानुमान में इसे मिलियन डॉलर से मिलियन डॉलर के बीच में बताया था।",12.81,Bad,32,39,7
2040,if the current guidance is achieved it will represent a 12 to 17 per cent growth on the record 290.4 million profit it achieved in 201112.,यदि वर्तमान मार्गदर्शन प्राप्त किया जाता है तो यह रिकार्ड २९.४ करोड़ लोगों की वृद्धि को सूचित करेगा ।,"यदि वर्तमान मार्गदर्शन के अनुसार लक्ष्य की प्राप्ति होती है तो यह, वर्ष में प्राप्त किये गये रिकॉर्ड . मिलियन डॉलर लाभ में से प्रतिशत की वृद्धि होगी।",35.91,Medium,19,28,9
2041,managing director graham turner said flight centre had made 8 per cent profit in the first half and had started the second half strongly especially in australian and uk nonbusiness travel.,वे कहते हैं कि उड़ान केंद्र ने उड़ान केंद्र में 8 प्रतिशत से भी ज़्यादा लोगों को फायदा पहुँचाया था ।,"प्रबन्ध निदेशक ग्राहम टर्नर ने कहा कि फ्लाइट सेन्टर ने पहली छमाही में प्रतिशत का लाभ कमाया है, तथा अपनी दूसरी छमाही में अच्छी शुरूआत की है, खासतौर पर ऑस्ट्रेलिया तथा यू.के. गैरव्यवसायिक यात्रा में।",12.47,Bad,21,35,14
2042,"yeartodate, our 10 countries are profitable and several are on track for record fullyear earnings before interest and tax contributions, he said.",उन्होंने कहा कि हमारे १० देशों के लाभ हैं और अनेक लोग ब्याज और कर देने से पहले पूर्ण आमदनी के लिए ट्रैक पर काम कर रहे हैं ।,"उन्होंने कहा कि अभी तक हमारे देश मुनाफे में हैं, तथा बहुत से देश, ब्याज एवं कर योगदान से पूर्व रिकॉर्ड पूर्णवर्ष आय के मार्ग पर हैं।",29.6,Medium,29,27,2
2043,"this includes australia and the united kingdom, which are typically our largest profit generators.","इस राज्य में अकुत्ती और संयुक्‍त राज्य भी शामिल है, जो आम तौर पर हमारे सबसे बड़े लाभ - पैमाने पर उत्पन्‍न होते हैं ।","इसमें ऑस्ट्रेलिया एवं यूनाइटेड किंगडम शामिल हैं, जो कि आमतौर पर हमारे सबसे लाभदायक केन्द्र हैं।",34.46,Medium,25,16,9
2044,in australia the leisure business rebounded during the second half which offset a slightly weaker domestic corporate travel market.,दूसरी आधी रात में मन - बहलाव का कारोबार फिर से शुरू हो गया ।,"ऑस्ट्रेलिया में दूसरी छमाही में अवकाश व्यवसाय ने पुनः गति पकड़ी है, जो कि थोड़े से कमजोर घरेलू कॉरपोरेट यात्रा बाजार की कमी को पूर्ण करता है।",10.43,Bad,15,27,12
2045,"similarly in the uk, flight centres leisure business performed well while corporate clients were spending less.","उसी तरह, उड़ान केंद्रों ने अच्छी तरह से काम किया जबकि कर्मचारी ग्राहक कम खर्च कर रहे थे ।","इसी प्रकार यू.के. में भी फ्लाइट सेन्टर के अवकाश व्यवसाय ने अच्छा प्रदर्शन किया, जबकि कॉरपोरेट क्लाइंट कम व्यय कर रहे थे।",22.23,Medium,19,22,3
2046,its us business had recovered its losses during its seasonally weaker first half and was expected to deliver its third consecutive full year profit.,इस काम के लिए हमें तीसरे साल तक मेहनत करनी पड़ती थी ।,"यू.एस. व्यवसाय ने मौसमी रूप से कमजोर अपनी पहली छमाही में अपने घाटों की भरपाई कर ली थी, तथा इससे तीसरे लगातार पूर्ण वर्ष लाभ देने की उम्मीद है।",10.29,Bad,13,29,16
2047,flight centre shares were up 3c at 38.20 yesterday.,उड़ान केंद्र साझा 3820 कल में 3c किया गया था.,फ्लाइट सेन्टर के शेयर कल सेंट की बढ़ोत्तरी के साथ . डॉलर पर थे।,8.16,Bad,10,14,4
2048,in a recent media report it was said that the nsa hacked into the data centres of yahoo and google for surveillance.,हाल ही में एक मीडिया रिपोर्ट में कहा गया था कि नाइक ने फिर राउ के डाटा केंद्र में और निगरानी के लिए जाले के लिए।,हाल ही आई एक मीडिया रिपोर्ट में कहा गया है कि एनएसए ने जासूसी के लिए याहू और गूगल के डाटा सेंटर्स से जानकारियां उड़ाईं।,40.41,Medium,26,25,1
2049,"the washington post exposed this based on the documents collected by former nsa contractor, edward snowden.","इसके बाद, इन्हें साफ - सफाई के लिए इस्तेमाल किया जाता था ।",वाशिंगटन पोस्ट ने पूर्व एनएसए कॉन्ट्रैक्टर एडवर्ड स्नोडन से जुटाए दस्तावेजों के आधार पर यह खुलासा किया है।,9.38,Bad,13,18,5
2050,"according to the report, the nsa program was called muscular, and was run together with their british counterpart gchq.","रिपोर्ट के अनुसार, नियारी कार्यक्रम को श्‍वेत कहा जाता था, और उनके सिर के साथ - साथ दौड़ रहा था ।","रिपोर्ट के मुताबिक एनएसए के इस कार्यक्रम का नाममस्क्यूलर था, जो उसने अपनी ब्रिटिश काउंटर पार्टजीसीएचक्यू के साथ मिलकर चलाया।",24.84,Medium,21,20,1
2051,both agencies stole data passing through the vast network of fibre optic cables laid by yahoo and google.,दोनों एजियों ने डेटा चुरा लिया... ... retrol द्वारा रखे गए हरे - भरे प्राकृतिक केबलों के विशाल नेटवर्क के माध्यम से।,दोनों एजेंसियों ने याहू और गूगल के बिछाए विशाल फाइबर ऑप्टिक केबल नेटवर्क से गुजरने वाले डाटा को चुराया।,32.89,Medium,22,19,3
2052,"on january 9th, 2013 the washington post reported, quoting a top secret document, that more than 18 million documents were stolen within just 3 days from the beginning of the program.","सन्‌ 2013 की बात है, सन्‌ 2013 में धोने के एक पोस्ट में एक मुख्य गुप्त दस्तावेज़ का हवाला दिया गया, जिसमें सिर्फ 3 करोड़ से भी ज़्यादा दस्तावेज़ों को प्रोग्राम की शुरूआत से ही चुरा लिया गया था ।",वाशिंगटन पोस्ट ने जनवरी के एक टॉप सीक्रेट दस्तावेज के हवाले से कहा है कि करोड़ से ज्यादा दस्तावेज कार्यक्रम शुरू होने के मात्र ३क् दिन में ही जुटा लिए गए।,32.73,Medium,40,31,9
2053,"these included email, text, audio and video messages.","इसमें ई- मेल, पाठ, ऑडियो और वीडियो संदेश शामिल थे ।","इनमें ईमेल, टैक्स्ट, ऑडियो और वीडियो मैसेज भी शामिल हैं।",41.7,Medium,11,10,1
2054,according to the washington post the program was run out of the u.s. and an anonymous telecommunications provider helped the nsa to access this information.,"साफ - सफाई के मामले में कार्यक्रम के बाद, इस कार्यक्रम को यू. एस.",वाशिंगटन पोस्ट के अनुसारकार्यक्रम अमेरिका से बाहर चलाया गया और एक बेनामी टेलीकम्प्यूनिकेशन प्रोवाइडर ने इस जानकारी तक पहुंच बनाने में एनएसए की मदद की।,14.54,Bad,14,25,11
2055,according to the newspaper it was much easier for the nsa to run the program outside the u.s. because in the u.s. such campaigns must have court orders.,इसलिए कि यू. यू. में ।,"अखबार के अनुसार अमेरिका से बाहर यह कार्यक्रम चलाना एनएसए के लिए ज्यादा आसान था, क्योंकि अमेरिका में ऐसे अभियानों के लिए कोर्ट ऑर्डर्स होने जरूरी हैं।",4.12,Bad,6,27,21
2056,"during a press conference in washington the nsa chief, general keith alexander, denied these allegations saying, as far as i know, this never happened.",मै जानता हूँ कि यह कभी नहीं हुआ।,"एनएसए चीफ जनरल कीथ एलेक्जेंडर ने वाशिंगटन में एक प्रेस कॉन्फ्रेंस के दौरान इन आरोपों को नकारते हुए कहाजहां तक मेरी जानकारी है, ऐसा कभी नहीं हुआ।",11.1,Bad,8,27,19
2057,the nsa has always gathered its information only within the framework of the law.,na हमेशा अपनी जानकारी जमा कर लिया है... ... केवल कानून के फ्रेमवर्क के भीतर.,एनएसए ने हमेशा सारी जानकारी कानून के दायरे में रहकर ही जुटाई है।,31.76,Medium,15,13,2
2058,the nsa recently became a target after spying on the german chancellor.,हाल ही में एनीका एक लक्ष्य बन गयी ।,एनएसए हाल ही जर्मन चांसलर की जासूसी को लेकर निशाना बनी थी।,14.58,Bad,9,12,3
2059,the united nations said on wednesday that the u.s. government has issued assurances that communications are not being monitored.,सरकार ने आश्‍वासन दिया है कि संचारों को निरीक्षण नहीं किया जा रहा है ।,संयुक्त राष्ट्र ने बुधवार को कहा कि अमेरिकी प्रशासन ने इसके संचार व्यवस्था की निगरानी न किए जाने का आश्वासन दिया है।,21.91,Medium,15,22,7
2060,the u.s. also said that the united nations communication system is not being monitored.,यह भी कहा गया कि संयुक्‍त राष्ट्र संचार व्यवस्था पर ध्यान नहीं दे रहा है ।,अमेरिका ने यह भी कहा है कि संयुक्त राष्ट्र के संचार व्यवस्था की निगरानी नहीं की जाती है।,46.96,Medium,16,18,2
2061,"the bjp leader and prime ministerial candidate for gujarat, chief minister narendra modis most trusted aide, amit shahs brother arrived on thursday afternoon in gaya with his family.","आम तौर पर, वह अपने परिवार के साथ समलैंगिकियों की शाम को ही ले गया ।",भारतीय जनता पार्टी के कद्दावर नेता व प्रधानमंत्री पद के प्रत्याशी सह गुजरात के मुख्यमंत्री नरेन्द्र भाई मोदी के अति विश्वस्त सहयोगी अमित शाह गुरुवार दोपहर बाद गया सपरिवार पहुंचे।,8.92,Bad,16,30,14
2062,"district president jainendra kumar, national convener of nonconventional energy sources, krishan kumar singh, anil singh an mla of hisua from nawada, anil swami, shyama singh, mukesh kumar along with many other leaders were at mr. shahs private function.","ज़िला अध्यक्ष कुमा कुमार, जो नश्‍वर ऊर्जा स्रोतों का राष्ट्रीय समूह है, केर्होर पापेन, कांद्रा से उसका माचिस, एक गिला, लचीमा पाप, शर्मा, पापोश, बहुत से नेताओं के साथ काम कर रहे थे।","श्री शाह के निजी कार्यक्रम में जिलाध्यक्ष जैनेन्द्र कुमार, गैर परंपरागत ऊर्जा स्रोत के राष्ट्रीय संयोजक कृष्ण कुमार सिंह, नवादा के हिसुआ विधायक अनिल सिंह, अनिल स्वामी, श्यामा सिंह, मुकेश कुमार सहित कई नेता शामिल थे।",26.1,Medium,33,36,3
2063,"district president mr. kumar said mr. shah, along with his family, went to worship and pray to shaktipeeths mother at the kamakhya temple in assam and arrived at gaya airport on a special plane.",कुमार ने कुमार से कहा कि उसके परिवार के साथ एमर भी उपासना के लिए जाता है और आमतौर पर आम तौर पर आमतौर पर आमा मंदिर के लिए प्रार्थना करता है और एक खास हवाई अड्डे पर समलैंगिक हवाई - अड्डे पर पहुँच जाता है ।,जिलाध्यक्ष श्री कुमार ने बताया कि असम में स्थित शक्तिपीठ मां कामाख्या मंदिर में श्री शाह सपरिवार पूजाअर्चना कर विशेष विमान से गया हवाई अड्डा पहुंचे।,24.87,Medium,47,26,21
2064,"then they directly went to pay obeisance at the feet of the shaktipeeth mother, mangala gauri.",फिर वे सीधे - सीधे सिगागाली माँ के पैरों पर दण्डवत्‌ करने गए ।,जहां से वे सीधे शक्तिपीठ मां मंगला गौरी के चरणों में मत्था टेका।,17.13,Bad,14,13,1
2065,after the worship and prayer at the vishnupad temple he went back on a special plane.,मंदिर में उपासना और प्रार्थना के बाद वह एक विशेष विमान पर वापस गया ।,विष्णुपद मंदिर में पूजाअर्चना कर वापस विशेष विमान से रवाना हो गए।,37.86,Medium,15,12,3
2066,"district president mr. kumar said that, for security reasons, mr. shahs program had not been made public.","ज़िला अध्यक्ष एमरमार ने कहा कि सुरक्षा कारणों से, mashs कार्यक्रम सार्वजनिक रूप से नहीं बनाया गया था।",जिलाध्यक्ष श्री कुमार ने कहा कि सुरक्षा कारणों से श्री शाह के गया कार्यक्रम को सार्वजनिक नहीं किया गया।,54.98,Good,18,19,1
2067,"schools urged to focus more on maths, spelling and grammar","स्कूलों ने गणित, वर्तनी और व्याकरण पर ज़्यादा ध्यान केंद्रित करने का आग्रह किया","विद्यालयों ने गणित, स्पेलिंग एवं व्याकरण पर अधिक ध्यान देने का अुनग्रह किया",41.75,Medium,14,13,1
2068,"english literature courses will require pupils to study at least one shakespeare play, a 19th century novel, romantic poetry and contemporary british fiction from 1914 onwards.","उन्‍नीसवीं सदी के एक उपन्यास, रोमानी कविता और समय - समय पर दी गयी कथा - कहानियों का अध्ययन करने के लिए विद्यार्थियों को कम - से - कम एक समूह के साथ अध्ययन करने की ज़रूरत होगी ।","अंग्रेजी साहित्य के पाठ्यक्रमों में छात्रों को कम से कम शेक्सपियर का एक नाटक, एक वीं सदी का उपन्यास, रोमांटिक कविता, तथा के बाद की समकालिक ब्रिटिश कहानी अवश्य पढ़ना होगा।",27.34,Medium,39,31,8
2069,the exam will also feature unseen texts to encourage wider reading,परीक्षा के साथ - साथ पढ़ने के लिए गुप्त पाठों को भी पेश किया जाएगा,अधिक से अधिक पढ़ने को प्रोत्साहित करने के लिए परीक्षा में नहीं देखा हुआ पाठ भी शामिल होगा ।,25.47,Medium,15,19,4
2070,a combined english literature and language course will be scrapped.,एक साथ मिलकर साहित्य और भाषा के कोर्स का नामो - निशान मिटा दिया जाएगा ।,एक संयुक्त अंग्रेजी साहित्य तथा भाषा पाठ्यक्रम को समाप्त कर दिया जायेगा।,25.23,Medium,16,12,4
2071,"from 2015, pupils will be required to take a standalone gcse in language, with strong incentives to choose english literature as a separate qualification.",सन्‌ 2015 से विद्यार्थियों को अलग - अलग भाषा में खड़े रहने के लिए बढ़ावा दिया जाएगा ।,"वर्ष से विद्यार्थियों को भाषा में एक पृथक जी.सी.एस.ई. लेना होगा, तथा एक पृथक योग्यता के रूप में अंग्रेजी साहित्य को चुनने के लिए बहुत प्रेरण होगा।",26.92,Medium,18,27,9
2072,the department for education is due to release the new syllabuses in english and maths tomorrow the first subjects to undergo a radical overhaul.,शिक्षा के विभाग के लिए यह ज़रूरी है कि वे एनगली और गणित की पहली प्रजा को एक असली पार करने के लिए तैयार रहें ।,शिक्षा विभाग कल अंग्रेजी एवं गणित के लिए नया पाठ्यक्रम जारी करेगा ये दोनों पहले विषय होंगे जिनमें क्रांतिकारी परिवर्तन होगा।,23.06,Medium,26,21,5
2073,it will make changes in other core subjects next year.,यह अगले साल अन्य मुख्य विषयों में परिवर्तन करेगा.,यह अगले वर्ष दूसरे मुख्य विषयों में भी परिवर्तन करेगा।,61.5,Good,9,10,1
2074,"in a separate move, ofqual, the exams regulator, will unveil a shakeup of the structure of gcses, with a new grading system and less coursework.","एक भिन्‍न चाल में, टेस्टिंग रीमर, ग्रीटर के संरचना का एक हिलना - फूल होगा, जिसमें एक नया उपभोग व्यवस्था और कम कोर्स होता है ।","एक अलग कदम में, परीक्षा विनियामक ऑफकुअल, नयी ग्रेडिंग प्रणाली, तथा कम पाठ्यक्रम के साथ जी.सी.एस.ई. की संरचना में होने वाले परिवर्तनों को प्रदर्शित करेंगे।",17.42,Bad,26,25,1
2075,"speaking in the summer, michael gove, the education secretary, said there was a widespread consensus that we need to reform our examination system to restore public confidence, insisting gcses would be more challenging, more ambitious and more rigorous.","गर्मियों में बात करते वक्‍त, शिक्षा सचिव ने कहा कि वहाँ एक व्यापक प्रभाव था कि हमें अपनी जाँच प्रणाली को सार्वजनिक विश्‍वास को पुनःस्थापित करने के लिए सुधार करने की ज़रूरत है, यह आग्रह करना ज़्यादा कठिन होगा, ज़्यादा उच्चता और अधिक कठिन ।","गर्मी में बोलते हुए शिक्षा सचिव माइकल गोव ने कहा था कि इस बारे में बहुत अधिक सर्वसम्मति थी कि, लोगों का विश्वास पुर्नस्थापित करने के लिए हमें अपननी परीक्षा प्रणाली में सुधार करने की आवश्यकता है उन्होंने कहा कि जी.सी.एस.ई. अधिक चुनौतीपूर्ण, अधिक महात्वाकांक्षी तथा अधिक कठोर होगी।",32.87,Medium,45,49,4
2076,studies show that english schools devote less time to maths 116 hours a year or three hours a week during term time than in most countries.,अध्ययन दिखाते हैं कि आम तौर पर अधिकतर देशों से कम साल में डेढ़ या तीन घंटे तक टी. वी.,अध्ययनों में पाया गया कि अंग्रेजी विद्यालय गणित में कम समय समर्पित करते हैं एक वर्ष में घंटे अथवा अधिकांश देशों की तुलना में सत्र के दौरान एक सप्ताह में घंटे कम।,17.2,Bad,20,32,12
2077,"by comparison, australian schools provide an average of 143 hours a year and pupils do around 138 hours in singapore.",इससे पता चलता है कि न्यू यॉर्क शहर में हर साल औसतन 143 घंटे और विद्यार्थियों के बच्चे गाउर में 13 घंटे बिताते हैं ।,"तुलना के अनुसार ऑस्ट्रेलियाई विद्यालय छात्रों को औसतन एक वर्ष में घंटे प्रदान करते हैं, जबकि सिंगापुर में घंटे का औसत है।",23.62,Medium,25,22,3
2078,"while there will be no formal requirement to devote more of the timetable to maths, coalition sources said the extensive maths gcse combined with more weighting for the subject in league tables was likely to encourage schools to provide extra teaching.","हालाँकि गणित के लिए ज़्यादा समय देने की कोई औपचारिक माँग नहीं होगी, मगर इस विषय के बारे में विस्तृत गणित - सामग्री ने कहा कि इस विषय पर ज़्यादा वज़न रखने के लिए स्कूलों को अतिरिक्‍त शिक्षा प्रदान करने का प्रोत्साहन मिल सकता था ।","जबकि, गणित को अधिक समय देने की कोई औपचारिक आवश्यकता नहीं हेागी, गठबंधन स्रोतों ने कहा कि व्यापक गणित जी.सी.एस.ई. लीग तालिका में विषयों के साथ अधिक वजन के लिए संयोजित किये जाने से विद्यालयों में अतिरिक्त शिक्षण प्रदान करने के लिए प्रोत्साहित करने की संभावना थी।",38.07,Medium,46,47,1
2079,"the syllabus will place a greater focus on real world problems, including financial mathematics.","इस लेख की शुरूआत में हमने देखा कि दुनिया की समस्याओं पर और भी ज़्यादा ध्यान दिया जाएगा, जिनमें आर्थिक गणित भी शामिल है ।",यह पाठ्यक्रम वित्तीय गणित समेत वास्तविक दुनिया की समस्याओं पर अधिक ध्यान केन्द्रित करेगा।,32.34,Medium,25,14,11
2080,the supreme court has refused to ban media reporting.,महा न्यायालय ने मीडिया रिपोर्ट पर प्रतिबंध लगाने से इनकार कर दिया है.,सुप्रीम कोर्ट ने मीडिया रिपोर्टिंग रोकने से इनकार कर दिया।,55.77,Good,13,10,3
2081,the supreme court said that they cannot ask the media to stop reporting information collected from the police or any other source.,इस अदालत ने कहा कि वे मीडिया से यह नहीं पूछ सकते कि पुलिस या किसी और वजह से पुलिस की जानकारी जमा की जा सकती है ।,सुप्रीम कोर्ट ने कहा कि वह मीडिया को यह नहीं कह सकते कि वह पुलिस या फिर किसी दूसरे सोर्स से मिली जानकारी के बारे में रिपोर्टिंग न करे।,32.92,Medium,28,29,1
2082,asarams lawyer said that asaram was being made out to be a kind of dracula in this case.,Alamss वकील ने कहा कि इस मामले में एक तरह की arrapapapapamad किया जा रहा है.,आसाराम के वकील ने कहा कि आसाराम को इस मामले में ड्रैकुला कहा जा रहा है।,40.66,Medium,16,16,0
2083,"in this case, the guidelines for reporting are in place but they are not being followed.","इस मामले में, रिपोर्ट करने के लिए निर्देश मौजूद हैं, लेकिन वे बाद में नहीं किए जा रहे हैं ।",इस मामले में रिपोर्टिंग के लिए गाइड लाइंस है लेकिन उसका पालन नहीं किया जा रहा है।,37.57,Medium,20,17,3
2084,the supreme court said that there are several other options that could be used.,सर्वोच्च न्यायालय ने कहा कि ऐसे अनेक अन्य विकल्प हैं जिनका इस्तेमाल किया जा सकता है ।,इस पर सुप्रीम कोर्ट ने कहा कि आपके पास ऐसे में और कई उपचार हैं जिसका इस्तेमाल कर सकते हैं।,29.71,Medium,17,20,3
2085,"asarams lawyer said that there are thousands of newspapers and 100 news channels in the country, but specifically there were having problems with two channels.","जैसेाराम के वकील ने कहा कि देश में हज़ारों अखबारों और 100 समाचार चैनल हैं, लेकिन खासकर दो चैनलों के साथ समस्याएँ थीं ।","आसाराम के वकील ने कहा कि देशभर में हजारों न्यूज पेपर और न्यूज चैनल हैं, लेकिन खासकर दो चैनल हैं जिससे उन्हें ज्यादा परेशानी है।",47.83,Medium,24,25,1
2086,these people were damaging his image and are guilty of onesided reporting.,ये लोग उसकी छवि को नुक़सान पहुँचा रहे थे और एक किनारे की रिपोर्ट के दोषी हैं ।,ये लोग उनकी इमेज को डैमेज कर रहे हैं और एकतरफा रिपोर्टिंग कर रहे हैं।,27.61,Medium,18,15,3
2087,asarams rights should be protected in this case.,इस मामले में Alams अधिकार संरक्षित होना चाहिए.,इस मामले में आसाराम के अधिकार की रक्षा होनी चाहिए।,42.44,Medium,8,10,2
2088,"the court refused to stop the media from reporting, but told asarams lawyer that they have other legal options which they may make use of.",अदालत ने मीडिया को रिपोर्ट करने से रोकने से इनकार कर दिया ।,"कोर्ट ने मीडिया को रिपोर्टिंग से रोकने से मना किया, लेकिन आसाराम के वकील से कहा कि उनके पास अन्य कानूनी उपचार हैं जिसका वह इस्तेमाल कर सकते हैं।",25.43,Medium,13,29,16
2089,"pawan bansal attcked by the oppositions questions on rail gate, shocked the opposition by saying that he had not so much as looked at a women in the past 15 years.",यह कहने के द्वारा कि पिछले १५ सालों में उसने ऐसी स्त्रियों को नहीं देखा था ।,रेल गेट पर विपक्ष के सवालों में घिरे पवन बंसल ने एक जगह यह कह कर विपक्ष को सकते में डाल दिया कि उन्होंने वर्षो में किसी की औरत की तरफ नहीं देखा।,19.75,Bad,17,33,16
2090,after this everyone one was stunned and wondered where the issue of a woman had come from.,इसके बाद सभी लोग चौंक गए और सोच में पड़ गए कि एक स्त्री का मसला कहाँ से आया है ।,इस के बाद सभी हैरान थे कि आखिर औरत की बात बीच में कहां से आ गई।,29.74,Medium,21,17,4
2091,"maybe, bansal was hinting at the family life of a senior bjp leader and legislator.","हो सकता है, पर प्रतिबंध, एक वृद्ध बौप नेता और पैराटर के परिवार में संकेत दे रहा था ।",शायद बंसल का इशारा भाजपा के एक बड़े नेता और एक पार्षद के घरेलू संबंधों की तरफ था।,18.33,Bad,19,18,1
2092,"then, changing the subject, bansal told the reporters that in the last parliamentary elections the bjp had sent a women after him and conspired to lodge a complaint against him, but that they had failed.","फिर, इस विषय को बदलने के लिए प्रतिबंधियों ने पत्रकारों को बताया कि पिछले संसद के चुनावों में बौप ने एक स्त्रियों को भेजा था और उसके खिलाफ शिकायत दर्ज करने की साज़िश रची थी, लेकिन वे असफल रहे थे।",इसके बाद मामले को दूसरी तरफ मोड़ते हुए बंसल ने पत्रकारों से कहा कि भाजपा ने पिछले संसदीय चुनाव के दौरान उनके पीछे एक औरत को लगा कर शिकायत करवाने की साजिश रची थी जो कामयाब नहीं हो पाई।,32.04,Medium,40,39,1
2093,addressing the reporters bansal said that the cbi had interrogated him in the rail corruption case.,उसने कहा कि उस वक्‍त से उसे बुरा - भला कहने का मौका मिला था ।,पत्रकारों से बातचीत में बंसल ने कहाकि रेल रिश्वत में सीबीआइ उनसे पूछताछ कर चुकी है।,15.97,Bad,16,16,0
2094,if he has called as a witness then it must only have been after a complete investigation.,यदि वह साक्षी के रूप में कहा गया है तो यह केवल एक पूरी जांच के बाद ही होनी चाहिए ।,यदि उन्हें मामले में गवाह बनाया गया तो पूरी छानबीन के बाद ही बनाया होगा?,23.67,Medium,21,15,6
2095,"bansal said that, in the booth in question, he had only delivered a letter for a needy person.","वह कहता है, “उस वक्‍त मुझे एक खत मिला ।",बंसल ने कहा कि जिस बूथ घोटाले की ये बात कर रहे हैं उसमें केवल एक जरूरतमंद व्यक्ति के लिए उन्होंने एक पत्र अवश्य लिखा था।,6.94,Bad,10,26,16
2096,"if that is a crime, he would always commit the crime.","अगर वह अपराध है, तो वह हमेशा अपराध करता रहेगा ।",यदि यही उनका गुनाह है तो इस तरह का गुनाह वे हमेशा करते रहेंगे।,16.34,Bad,11,14,3
2097,"he said that it was not the corporations constitutional right to raise the issue in the house, but he himself told the opposition to do so.","उसने कहा कि घर में इस मसले को सुलझाने के लिए संस्था को कानूनी मान्यता देने का हक नहीं है, मगर खुद उसने विरोध का ऐलान किया ।",उन्होंने कहा कि हालांकि निगम सदन में यह मुद्दे उठाने का संवैधानिक हक नहीं था मगर उन्होंने खुद विपक्ष को बोलने के लिए कहा।,27.81,Medium,28,24,4
2098,he said that as far as the developmental activities were concerned the opposition would be provided with a list of all the developmental activities of the last 15 years.,उसने कहा कि पिछले १५ सालों के दौरान होनेवाले सभी विकास कार्यों की सूची दी जाएगी ।,उन्होंने कहा कि जहां तक विकास कार्यो बारे बताने का सवाल है इसके लिए विपक्ष को साल के विकास कार्यो की सूची दे दी जाएगी।,34.28,Medium,17,25,8
2099,in chandigarh they cannot imagine the way in which the development is taking place or will take place.,वे कल्पना नहीं कर सकते कि विकास किस तरीक़े से हो रहा है या क्या होगा ।,"चंडीगढ़ का जिस तरह से विकास हो रहा है या होने जा रहा है, ये लोग वहां तक सोच भी नहीं सकते।",28.95,Medium,17,22,5
2100,greetings were exchanged between the two in a cabinet meeting.,इस सभा में दो लोगों को सलाम करने के लिए कहा गया ।,कैबिनेट की बैठक में दोनों के बीच अभिवादन का आदानप्रदान हुआ।,13.8,Bad,13,11,2
2101,"after the meeting, singh praised the chief minister for his speech in the meditation camp for the counter attack on narendra modi.","सभा के बाद, पाप करनेवाले प्रधान मंत्री ने नन्राई पर होनेवाले हमले के लिए अपने भाषण के लिए अपने भाषण के मुख्य मंत्री की तारीफ की ।",बैठक खत्म हुई तो सिंह ने चिंतन शिविर में नरेंद्र मोदी पर जवाबी हमले के लिए मुख्यमंत्री के भाषण की तारीफ की।,37.28,Medium,27,22,5
2102,"he also commented on his speech, saying that he didnt have any second thoughts in his mind.",उसने यह भी कहा कि उसके मन में कोई और विचार नहीं हैं ।,अपने भाषण के बारे में भी कहा कि उनके मन में कोई दूसरा भाव नहीं है।,39.05,Medium,14,16,2
2103,he wanted the party to become strong.,वह पार्टी मजबूत होने के लिए चाहता था.,वे चाहते हैं कि पार्टी मजबूत हो।,53.13,Good,8,7,1
2104,new challenges will be faced strongly.,नयी चुनौतियों का सामना करना मुश्‍किल होगा ।,नई चुनौतियों का डटकर मुकाबला किया जाए।,37.03,Medium,8,7,1
2105,the expression on the chief ministers face showed that he had taken singhs speech in a positive way.,प्रधान सेवकों के चेहरे पर अभिव्यक्‍ति ने दिखाया कि उसने एक सकारात्मक तरीक़े से पाप की बोली ली थी ।,मुख्यमंत्री के चेहरे पर भी यही भाव था कि उन्होंने सिंह के भाषण को सकारात्मक ढंग से लिया।,30.9,Medium,20,18,2
2106,it should be noted that singh had urged the chief minister to respect the activists in the meditation camp and to protect them from the alleged harassment by officials.,यह नोट किया जाना चाहिए कि पाप करनेवाले प्रमुख मंत्री ने मनन - कक्ष में कर्मचारियों का आदर करने और अधिकारियों द्वारा लगाए गए आरोपों से उनकी रक्षा करने के लिए आग्रह किया था ।,मालूम हो कि सिंह ने चिंतन शिविर में कार्यकर्ताओं को सम्मान देने और उन्हें अफसरों के कथित उत्पीड़न से बचाने का आग्रह मुख्यमंत्री से किया था।,25.17,Medium,35,26,9
2107,"however, he had also said that to assert his point he was also prepared for the dissolution of the cabinet.","लेकिन, उसने यह भी कहा था कि वह अपनी बात का दावा कर रहा था कि वह पादरी की हत्या के लिए भी तैयार है ।",हालांकि वे यह भी बोल गए थे कि अपनी बात रखने के लिए वे मंत्रिमंडल से बर्खास्तगी के लिए भी तैयार हैं।,32.0,Medium,26,22,4
2108,"though, after seeing the opinions arising from the meditation camp there was a chance that the case for putting activists into government posts will also be reconsidered.","लेकिन, मनन छावनी से विचार - विमर्श करने के बाद एक मौका था कि सरकार के प्रतिनिधियों को सरकारी पोस्टों में लगाने का मामला भी पुनर्विचार किया जाएगा ।","वैसे, चिंतन शिविर में उभरी राय के बाद सरकारी पदों पर कार्यकर्ताओं को बिठाने के मामले में नए सिरे से विचार के आसार हैं।",28.44,Medium,29,24,5
2109,"at the camp the state jdu president, vashisht narayan singh, had said that the nominations of the activists in the 20point committee would be announced soon.","शिविर के राष्ट्रपति, विद्वीव ने कहा था कि 20 बिंदु कमेटी में कार्यकर्ताों की कोई कमी जल्द ही घोषणा की जाएगी।",शिविर में प्रदेश जदयू अध्यक्ष वशिष्ठ नारायण सिंह ने कहा था कि सूत्री कमेटियों में कार्यकर्ताओं के मनोनयन की घोषणा जल्द होगी।,34.71,Medium,21,22,1
2110,he also indicated that the list was almost ready.,उसने यह भी सूचित किया कि सूची लगभग तैयार थी ।,उनका संकेत यह भी था कि सूची लगभग तैयार है।,52.66,Good,11,10,1
2111,"now the news is coming that chief minister, nitish kumar, will have a look at the list at his level.","अब खबर आ रही है कि प्रमुख मंत्री, nhikh, अपने स्तर पर सूची पर एक नज़र होगी.",खबर आ रही है कि अब मुख्यमंत्री नीतीश कुमार खुद अपने स्तर से सूची का मुआयना करेंगे।,35.01,Medium,17,17,0
2112,he will also examine whether or not the opinion of the legislators and members of parliament was taken into account when generating the list.,वह यह भी जाँच करेगा कि उस सूची को बनाते वक्‍त वह क्या राय रखता है या नहीं ।,वे इस बात की भी जांच करेंगे कि सूची बनाने में विधायकोंसांसदों की राय ली गई है या नहीं।,25.82,Medium,19,19,0
2113,if need be the list will be revised on a large scale to give places to older and more committed activists.,यदि आवश्यकता होगी तो बड़ी और अधिक से अधिक कमिटियों को स्थान देने के लिए बड़ी मात्रा में सूची बदल दी जाएगी.,जरूरत पड़ी तो पुराने और प्रतिबद्ध कार्यकर्ताओं को जगह देने के लिए सूची में बड़े पैमाने पर फेरबदल किया जाएगा।,25.24,Medium,22,20,2
2114,the common complaint of the legislators and members of parliament is that their opinion was not considered while generating the list.,उनका मानना था कि उनकी राय इस सूची में नहीं लिखी गयी थी ।,विधायकोंसांसदों का आम आरोप है कि मनोनयन की सूची बनाने में उन लोगों की राय नहीं ली गई।,19.85,Bad,14,18,4
2115,"most of the people who have come from other parties are on the list but a significant number of workers, active since the samata party period, have been left off.","अन्य पार्टियों से आए अधिकांश लोग सूची पर हैं लेकिन मज़दूरों की एक महत्त्वपूर्ण संख्या है, क्योंकि क्वीन पार्टी अवधि के दौरान सक्रिय, बंद कर दिया गया है ।",दूसरे दलों से बहुत बाद में आए लोगों का नाम सूची में दर्ज हो गया है जबकि समता पार्टी के दिनों से ही सक्रिय कई महत्वपूर्ण कार्यकर्ता उपेक्षित रह गए हैं।,28.63,Medium,29,31,2
2116,"some people are born with a silver spoon in their mouths, while others create a perfect life by their hard work and people take inspiration from them.","कुछ लोगों का जन्म चाँदी के धूपदानों से होता है, जबकि दूसरे अपने परिश्रम और लोगों से प्रेरित होते हैं ।",कुछ लोग सिल्वर स्पून के साथ जन्म लेते हैं तो कुछ अपनी मेहनत से जीवन को आदर्श बना देते हैं और लोग उनसे प्रेरणा लेते हैं।,25.8,Medium,21,26,5
2117,one of the such personalities is the late dhirubhai ambani.,इन व्यक्‍तियों में से एक है देर से dachi भाई.,ऐसी ही शख्सियतों में एक नाम स्व. धीरूभाई अंबानी का भी आता है।,14.59,Bad,10,13,3
2118,"the third son of hirachand govaradhandas ambani, who worked as a teacher in a school in coravada, a small village in gujarat, dhirubhai ambani was born on december 28th, 1932.","आमतौर पर मोज़ाना नाम का एक छोटा - सा गाँव था, जो 28वीं, 1932 में एक स्कूल में टीचर के तौर पर काम करता था ।",गुजरात के एक छोटे से गांव चोरवाड के एक स्कूल में शिक्षक के पद पर पदस्थ हीराचंद गोवरधनदास अंबानी के तीसरे बेटे धीरूभाई अंबानी का जन्म दिसंबर को हुआ।,17.38,Bad,26,29,3
2119,dhirubhai was the third of five brothers and sisters.,वे पाँच भाई - बहन थे ।,पांच भाईबहनों में धीरूभाई तीसरे नंबर के थे।,13.87,Bad,7,8,1
2120,"the five children were ramanikalala, natwar lal, dhirubhai and two sisters, trilochana and jasumati.","इन पाँच बच्चों के दो बच्चे हैं, दो दो बेटियों, मित्ती और झोआ ।","परिवार की पांच संतानों में रमणिकलाल, नटवर लाल, धीरूभाई और दो बहनें त्रिलोचना और जसुमती शामिल हैं।",9.65,Bad,14,17,3
2121,due to financial constraints dhirubhai had to drop out after high school.,आर्थिक प्रतिबंधों के कारण... ... Dhighest स्वाज को हाई स्कूल के बाद बाहर छोड़ना पड़ा.,आर्थिक तंगी के कारण धीरूभाई को हाईस्कूल के बाद ही पढ़ाई छोड़ना पड़ गई।,47.57,Medium,15,14,1
2122,dhirubhai started helping in the house financially from childhood.,वह बचपन से ही अपना गुज़ारा चलाने लगा ।,धीरूभाई ने बालपन में ही घर की आर्थिक मदद करनी शुरू कर दी थी।,6.91,Bad,9,14,5
2123,at that time he set up a stall selling bhajiyas near girnar. the income from the stall was dependent on the number of tourists going there.,"उस वक्‍त उसने एक कनाया बेच दिया, जो किर के पास था ।","इस समय वे गिरनार के पास भजिए की दुकान लगाया करते थे, दुकान की आय यहां आने वाले पर्यटकों की संख्या पर सीमित थी।",12.4,Bad,13,24,11
2124,"dhirubhais first job was in 1949 at the age of 17 when he arrived on a ship called cabota in the city of aden, in the yemen.","सन्‌ 1949 में, जब वह 17 साल का था, तब वह एक जहाज़ पर आया जिसे आमन के शहर में टैक्सीो नाम से बुलाया गया था ।",धीरूभाई की पहली जॉब की बात करें तो में वर्ष की उम्र में काबोटा नामक शिप से वे यमन के एडेन शहर पहुंचे थे।,15.11,Bad,27,24,3
2125,"his elder brother, raniklala, had made all the arrangements for him there, so he did not have any problem getting a job abroad.","उसके बड़े भाई, जोगलालाला ने वहाँ उसके लिए सभी प्रबंध किए थे, सो उसे विदेश में नौकरी करने में कोई समस्या नहीं थी ।","यहां उनके बड़े भाई रमणिकलाल ने उनके लिए सारी व्यवस्थाएं कर रखी थीं, इसलिए उन्हें विदेश में जॉब मिलने में कोई परेशानी नहीं हुई।",32.0,Medium,24,24,0
2126,but dhirubhai had something else in mind.,लेकिन साला भाई के मन में कुछ और था.,लेकिन धीरूभाई के दिमाग में कुछ और ही चल रहा था।,34.91,Medium,9,11,2
2127,so he returned home in 1954.,सो वह 1954 में घर लौट गया ।,इसलिए में वे वतन वापस आ गए।,9.78,Bad,8,7,1
2128,"by 1955, he had landed in mumbai with rs 500 in his pocket, to try his luck.","सन्‌ 1955 तक, वह अपनी जेब में 500 रुपए पा चुका था और अपनी किस्मत की कोशिश कर रहा था ।",सन् में जेब में रुपए रखकर किस्मत आजमाने मुंबई पहुंच गए।,24.1,Medium,21,11,10
2129,and from here he started his travel business.,और यहाँ से वह अपने यात्रा व्यापार शुरू कर दिया.,और यहीं से शुरू हुई उनकी व्यावसायिक यात्रा।,29.29,Medium,10,8,2
2130,dhirubhai never looked back.,साला स्विंगर को कभी पीछे नहीं देखा.,यहां से धीरूभाई अंबानी ने ऐसे कदम बढ़ाए कि फिर कभी पीछे पलटकर नहीं देखा।,23.11,Medium,7,15,8
2131,"his name became known not only in the country, but also abroad.",उसका नाम न सिर्फ देश में बल्कि विदेश में भी जाना गया ।,उनका नाम देश ही नहीं बल्कि विदेशों में भी प्रसिद्ध हुआ।,37.45,Medium,13,11,2
2132,"dhirubhai ambani bade farewell to the world on july 6th, 2002.","डेढ़ साल की उम्र में, सन्‌ 2002 में देश - भक्‍ति के लिए रवाना हो गया था ।",धीरूभाई अंबानी ने जुलाई को दुनिया से विदा ली।,11.06,Bad,18,9,9
2133,"when he died he had rs 62,000 crores.","जब वह मर गया तो 6,000 कुएं मारे गए।",इस समय वे करोड़ रुपए के मालिक थे।,8.93,Bad,9,8,1
2134,"currently his sons, mukesh ambani and anil ambani, are looking after his empire.","उसके बेटे , मकेशभीनी और अमीनी, उसके साम्राज्य की तलाश कर रहे हैं.",वर्तमान में उनके बेटे मुकेश अंबानी और अनिल अंबानी उनकी सल्तनत को संभाले हुए हैं।,20.0,Medium,13,15,2
2135,"like their father, today these two brothers are at the international level of businessmen.","अपने पिता की तरह, आज ये दोनों भाई व्यापारियों के अंतर्राष्ट्रीय स्तर पर हैं ।",पिता की तरह आज इन दोनों भाईयों का नाम भी अंतरराष्ट्रीय स्तर के व्यवसायियों में शुमार है।,44.83,Medium,15,17,2
2136,who has not heard of the ambani family today?,आज किस ने गाब्रीनी परिवार के बारे में नहीं सुना है?,आज अंबानी परिवार को कौन नहीं जानता?,34.65,Medium,11,7,4
2137,"dhirubhai, kokilaben, their two sons, mukesh and anil ambani, and their wives nita ambani and tina ambani.",और उनकी पत्नियों कोपनाह और राकीनी।,"धीरूभाई, कोकिलाबेन, दो बेटे मुकेश और अनिल अंबानी और इनकी पत्नियां नीता अंबानी और टीना अंबानी।",15.98,Bad,6,16,10
2138,"pamela anderson chops off those iconic blonde locks, debuts dramatic new pixie cut.","इन प्रतीकों के ताले बंद कर देते हैं, लेकिन नाटकीय रूप से नए पिक्सी को काट देते हैं ।","पामेला एंडरसन ने अपनी जानी मानी सुनहरी जुल्फों को कटवा लिया है, और अब वे नए नाटकीय पिक्सी कट के साथ स्क्रीन पर आ रही हैं।",20.05,Medium,19,26,7
2139,pams blonde locks were made famous by her role in sexy tv show baywatch.,ब्लॉड ब्लैड ब्लॉड में अपनी भूमिका से जानी जाती थी ।,पामेला की सुनहरी जुल्फें सैक्सी टीवी शो बेवाच में उनकी भूमिका से मशहूर हुई थी।,18.96,Bad,11,15,4
2140,pamela anderson is the latest celebrity to shock fans with a dramatic new hairdo.,एक नाटकीय नए बाल - श्रम के द्वारा प्रशंसकों को धक्का देने के लिए पटला और सोसन नवीनतम है ।,इन दिनों पामेला एंडरसन ही ऐसी सेलिब्रिटी हैं जिन्होंने नई नाटकीय हेयरस्टाइल के साथ अपने प्रशंसकों को झटका दिया है।,24.05,Medium,20,20,0
2141,the exbaywatch babe has ditched her long blonde locks in favour of a platinum pixie crop.,इस तरह की फल - फूल रही है ।,भूतपूर्वबेवाच बेब ने अपनी लंबी सुनहरी जुल्फों को प्लेटिनम पिक्सी स्टाइल के लिए कटवाया है।,4.98,Bad,9,15,6
2142,the 46yearold actress revealed her latest look while out and about in la on wednesday and shared a snap on her twitter page.,46 साल की क्लीनी ने अपनी नवीनतम नज़रों को प्रकट किया जबकि बाहर बाहर और Wdnes के दिन के बारे में और उसके tundter के पृष्ठ पर एक शॉट को साझा किया., वर्षीय अभिनेत्री बुधवार को लॉस एंजिल्स में अपने नए रूप में सामने आई और अपने ट्वीटर पेज पर तस्वीर साझा की।,17.01,Bad,32,21,11
2143,"its the first time in 20 years that the blonde beauty has had short hair, and were loving the demure change.","इसके २० सालों में पहली बार, कि ब्लैडिड सुन्दरता के बाल छोटे थे, और वे सड़ने के परिवर्तन से प्रेम करते थे ।","पिछले वर्षों में ऐसा पहली बार हुआ है जब इस सुनहरे बालों वाली सुंदरी ने अपने बाल छोटे रखे हैं, और यह सौम्य बदलाव हम सभी को पसंद आ रहा है।",22.09,Medium,23,31,8
2144,what do you think about pammys hair?,क्या लगता है पम्मी बालों के बारे में?,पामेला के बालों के बारे में आप क्या सोचते हैं?,44.1,Medium,8,10,2
2145,share with us your thoughts in the comments below.,नीचे दिए शब्दों में अपने विचारों को हमारे साथ बाँटिए ।,अपने विचार नीचे टिप्पणियों में हमारे साथ साझा करें।,42.59,Medium,11,9,2
2146,"the sacrifice of shaheed kesari was remembered and a cultural program, including patriotic presentations, was performed.","इसके अलावा, देश - भक्‍ति की पेशकश भी की जाती थी ।",इस दौरान शहीद केसरी के बलिदान को याद किया गया और देशभक्ति समेत तमाम सांस्कृतिक कार्यक्रम भी पेश किए गए।,11.92,Bad,12,20,8
2147,the program was organised on friday at gandhi park on behalf of the committee.,इस कार्यक्रम को समिति के लिए गॉइ पार्क में एक - साथ व्यवस्थित किया गया ।,समिति की ओर से शुक्रवार सुबह गांधी पार्क में कार्यक्रम का आयोजन किया गया।,41.14,Medium,16,14,2
2148,"here mayor vinod chamoli, with the office bearers of the committee, laid a wreath at the statue of the shaheed kesari chand.","यहाँ के मेयर नॉनो नॉम्मी, और समिति के अधिकारी थे ।",यहां मेयर विनोद चमोली के साथ समिति के पदाधिकारियों ने शहीद केसरी चंद की प्रतिमा पर माल्यार्पण किया।,17.26,Bad,11,18,7
2149,"after that a cultural program was organised at the hindi bhavan, where the former sp state president vinod badthwal was present. principal guest and former legislator munna singh chauhan was also present as a special guest.","उसके बाद एक सांस्कृतिक कार्यक्रम की व्यवस्था दी गयी, जहाँ भूतपूर्व भूतपूर्व भूतपूर्व भूतपूर्व जन राष्ट्रपति ब्लू बुरा - भलाल मौजूद था ।","इसके बाद हिंदी भवन में सांस्कृतिक कार्यक्रम का आयोजन हुआ, जहां सपा के पूर्व प्रदेश अध्यक्ष विनोद बड़थ्वाल मुख्य अतिथि व पूर्व विधायक मुन्ना सिंह चौहान विशिष्ट अतिथि के रूप में मौजूद रहे।",27.27,Medium,23,33,10
2150,"in this program sukh kala manch, jaunsaar presented kesari teri yaad mein kashi bhulauni, jiyendei teri yaddon bira kashi mitauni, veer kesari chand ji ki harut, jaunsaar ke aradhya dev mahasu devata ki vandana etc. cultural programs were presented.","इस कार्यक्रम में, जोर ने खेशी ने खेशी को पेश किया था, फिर साशी ने मुझे खेशी, फिर जिरातिशी, ओराशी, सराशी, सराक और सुताआ, ग्रिनानाना ने एक जंकाराकककककककककककककना के कार्यक्रम प्रस्तुत किए थे।","कार्यक्रम में वीर सुख कला मंच जौनसार की ओर से केसरी तेरी याद मैं कशी भुलउणी, जियदेंई तेरी यादों बीरा कशी मिटाउणी, वीर केसरी चंद जी की हारुत, जौनसार के आराध्य देव महासु देवता की वंदना आदि एक से बढ़कर एक सांस्कृतिक कार्यक्रम पेश किए गए।",22.8,Medium,33,46,13
2151,"the principle guest, shedding light on the life of the veer shaheed kesari chand, made everyone aware of the contribution he had made to the freedom struggle.","इस सिद्धांत से पता चलता है कि जिस व्यक्‍ति ने स्वतंत्रता के संघर्ष में हिस्सा लिया था, उसने उस भेंट के बारे में सब जानते थे ।",मुख्य अतिथि ने वीर शहीद केसरी चंद के जीवन पर प्रकाश डालते हुए लोगों को स्वतंत्रता संग्राम में उनके द्वारा दिए गए योगदान से अवगत कराया।,19.34,Bad,27,26,1
2152,"the speakers urged those present in the program to become strongwilled and patriotic, like shaheed kesari.","वक्‍ता ने कार्यक्रम में उपस्थित लोगों को प्रोत्साहित किया कि वे मजबूत और देश - भक्‍ति बनें, जैसे कि कि किशाई ।",वक्ताओं ने कार्यक्रम में मौजूद सभी लोगों से शहीद केसरी चंद की तरह दृढ़ निश्चियी व देशप्रेमी बनने का आह्वान किया।,27.78,Medium,22,21,1
2153,"the chairman of the committee jayavir singh chauhan, matbar singh chauhan, suresh tomar, ravindra bhandari, amit joshi, mijaan rai, sunil dutt sharma were present at the event.","समिति के अध्यक्ष, जॉवीर पापर पापेन, शादी - शुदा पापेन, राव्हन, राव्हर, मोज्राशी, शिन्‍नी, सूर्य - संघ में हाज़िर हुए थे ।","इस अवसर पर समिति के अध्यक्ष जयवीर सिंह चौहान, मातबर सिंह चौहान, सुरेश तोमर, रविंद्र भंडारी, अमित जोशी, मिजान राय, सुनील दत्त शर्मा मौजूद रहे।",23.13,Medium,22,25,3
2154,"killing mosquitoes to prevent diseases like dengue, malaria and filariasis is going to be expensive.",मच्छरों को डेंगू जैसी बीमारियों से बचाने के लिए मार डाला जा रहा है ।,"डेंगू, मलेरिया, फाइलेरिया जैसी बीमारियों से बचने के लिए मच्छरों को मारना महंगा होने वाला है।",47.32,Medium,15,16,1
2155,"the state government is proceeding to raise the tax on mosquito killing repellents, mats and liquids by up to three times.",सरकार मच्छरों की हत्या पर कर देने के लिए कर खड़ा हो रही है ।,"राज्य सरकार मच्छरों को मारने में इस्तेमाल किए जाने वाले रेपलैंट, मैट्स, लिक्विड पर टैक्स को तीन गुना करने जा रही है।",22.34,Medium,15,22,7
2156,the proposal to increase tax will be presented to the cabinet soon.,कर बढ़ाने का प्रस्ताव जल्द ही प्रधान को प्रस्तुत किया जाएगा।,टैक्स बढ़ाने संबंधी प्रस्ताव को जल्द ही कैबिनेट के समक्ष रखा जाएगा।,37.02,Medium,11,12,1
2157,the government is struggling with a financial crisis these days and is searching for ways to do everything possible to increase revenue.,इन दिनों सरकार आर्थिक संकटों से संघर्ष कर रही है और राज - घर को बढ़ाने के लिए हर मुमकिन कोशिश कर रही है ।,वित्तीय संकट से जूझ रही सरकार इन दिनों कमाई बढ़ाने के लिए हर संभव रास्ते तलाश रही है।,38.22,Medium,25,18,7
2158,"it is noteworthy that, to improve the financial health of the government, a resource committee has been formed under the chairmanship of urban development minister, mohamed azam khan.","यह गौरतलब है कि सरकार के आर्थिक स्वास्थ्य को बेहतर बनाने के लिए, एक संसाधन कमेटी को शहरी विकास मंत्री के सभापति के अधीन बनाया गया है ।",गौरतलब है कि सरकार की वित्तीय सेहत सुधारने को नगर विकास मंत्री मोहम्मद आजम खां की अध्यक्षता में संसाधन समिति बनी हुई है।,37.02,Medium,28,23,5
2159,"according to sources, in a recently held resource committee meeting many proposals to increase the tax were rejected if the general public would be directly affected.","दानों के अनुसार, हाल ही में रखे गए संसाधन समिति समिति के एक सदस्य को कर बढ़ाने के लिए अनेक प्रस्तावों को अस्वीकार किया गया यदि आम जनता सीधे रूप से प्रभावित होती ।","सूत्रों के मुताबिक, हाल में हुई संसाधन समिति की बैठक में टैक्स बढ़ानेलगाने संबंधी कई प्रस्तावों में से समिति ने उन्हें खारिज कर दिया जिनके लागू होने का सीधा असर आम जनता पर पड़ता।",32.28,Medium,34,34,0
2160,"however, the committee has given the green flag to increase the taxes on mosquito repellents, coils, mats and liquids.","लेकिन, कमेटी ने मच्छरों पर कर को बढ़ाने के लिए हरे ध्वज दिए हैं, तड़क और द्रवों को बढ़ाते हैं ।","यद्यपि समिति ने मच्छर मारने वाले रेपलैंट, क्वायल, मैट्स व लिक्विड पर टैक्स बढ़ाने संबंधी प्रस्ताव को हरी झंडी दे दी है।",19.47,Bad,21,22,1
2161,a proposal to triple the taxes has been put forward.,कर देने का प्रस्ताव आगे रखा गया है ।,इन पर टैक्स को तीन गुना करने का प्रस्ताव है।,36.37,Medium,9,10,1
2162,currently they carry 4 vat plus an additional 1 tax.,वर्तमान में वे 4 बनाम प्लस एक अतिरिक्त 1 कर ले जाते हैं।,अभी इन पर चार फीसद वैट व एक फीसद अतिरिक्त कर है।,22.54,Medium,13,12,1
2163,now a 12.5 vat plus a 1.5 additional tax on these items is proposed.,अब एक 12.5 बनाम प्लस इन वस्तुओं पर एक 1.5 कर का प्रस्ताव रखा जाता है।,अब इन पर . फीसद वैट व . फीसद अतिरिक्त कर प्रस्तावित है।,23.51,Medium,16,13,3
2164,the government is likely to generate additional revenue of around rs 14 crore in this way.,सरकार संभवतः इस तरह के 14 कोर के आसपास के अतिरिक्त राजस्व तैयार करने के लिए है.,सरकार को इससे तकरीबन करोड़ रुपये अतिरिक्त राजस्व मिलने का अनुमान है।,35.99,Medium,17,12,5
2165,"a proposal for a tax hike on the persimmon leaf was rejected in fact, to increase the revenue income the commercial tax department was in favour of increasing the tax on the persimmon leaf by 14, but the financial resources committee has rejected that proposal.","असल में, राज - सेवा विभाग की संख्या १४ से १४ तक बढ़ रही थी, लेकिन आर्थिक संसाधनों ने उस प्रस्ताव को ठुकरा दिया है ।",तेंदू पत्ता पर टैक्स बढ़ाने का प्रस्ताव खारिजः वैसे तो कर राजस्व आय बढ़ाने के लिए वाणिज्य कर विभाग तेंदू पत्ते पर टैक्स को पांच फीसद से फीसद करने के पक्ष में रहा है लेकिन वित्तीय संसाधन समिति ने संबंधित प्रस्ताव खारिज कर दिया है।,17.9,Bad,26,45,19
2166,the committee believes that persimmon leaf is used to make bidis that the lowerclass people smoke.,समिति यह विश्‍वास करती है कि कम - से - कम लोग धूम्रपान करते हैं ।,समिति का मानना है कि तेंदू पत्ता का उपयोग उस बीड़ी को बनाने में किया जाता है जिसे निचले तबके के लोग पीते हैं।,16.28,Bad,16,24,8
2167,"similarly, the committee rejected the proposal to increase taxes on transmission wires, etc., and electrical goods that would have pushed up the cost of electricity and would have a direct impact on the general public.","उसी तरह, कमेटी ने तार, इत्यादि, और बिजली के सामानों को बढ़ाने के प्रस्ताव को ठुकरा दिया जो बिजली की क़ीमत को दबा देते और आम जनता पर सीधे प्रभाव डालते ।",इसी तरह समिति ने ट्रांसमिशन वायर आदि इलैक्टिकल गुड्स पर टैक्स बढ़ाने को फिलहाल यह कहते हरी झंडी नहीं दी है कि इससे बिजली महंगी होने का असर सामान्य जनता पर पड़ सकता है।,21.5,Medium,32,34,2
2168,the committee also rejected the proposal for the application of a green tax on the renewal of commercial vehicles.,"इसके अलावा, समिति ने व्यापारिक वाहनों को नया कर देने पर एक हरे कर देने के प्रस्ताव को भी अस्वीकार किया ।",व्यावसायिक वाहनों के नवीनीकरण पर ग्रीन टैक्स लगाने संबंधी प्रस्ताव को भी समिति ने नहीं माना है।,35.63,Medium,22,17,5
2169,on friday congress leader chadvir hooda gave a speech to the inhabitants of sector 2 and maheshpur village,"फ्यूरी दिन के नेता शैवीवा ने इसराएल के निवासियों को एक भाषण दिया, जो 2 और माकर गाँव के लोगों को एक भाषण देते थे",काग्रेस नेता चादवीर हुड्डा ने शुक्रवार को सेक्टर एवं गाव महेशपुर में जनसंपर्क किया।,14.61,Bad,25,14,11
2170,during this speech he invited the people to join the rally and determined who was responsible for what.,"इस भाषण के दौरान उसने लोगों को सेना में भर्ती होने का न्यौता दिया और ठान लिया कि वे जो काम के लिए ज़िम्मेदार हैं, उसके लिए वे क्या ज़िम्मेदार हैं ।",इस दौरान लोगों को रैली का न्योता दिया और जिम्मेदारिया भी सौंपी।,38.25,Medium,32,12,20
2171,chadvir also determined the duties of the activists.,शावीर ने भी कार्यकर्ताों के कार्य को दृढ़ किया ।,चादवीर ने कार्यकर्ताओं की भी ड्यूटियां निर्धारित की हैं।,32.91,Medium,10,9,1
2172,"chadvir hooda said that the haryana chief minister, bhupinder singh hooda, has spent billions of rupees in the district.","शैवीर हुडॉ ने कहा कि बानेना प्रमुख मंत्री, बूर्फ्‍ना, ने ज़िला में अरबों रुपये खर्च किए हैं ।",चादवीर हुड्डा ने कहा कि जिले में मुख्यमंत्री भूपेंद्र सिंह हुड्डा द्वारा करोड़ों अरबों रुपये की राशि खर्च की गई है।,32.35,Medium,18,21,3
2173,in the last four years haryana chief minister bhupinder singh hooda has completed development work worth rs 15 crore in barwala and has blocked panchayats.,पिछले चार सालों में हानाना मुख्य मंत्री ब्रीफ्‍ना ने अपना काम पूरा किया है ।,बरवाला खंड की पंचायतों में हरियाणा के मुख्यमंत्री भूपेंद्र सिंह हुड्डा ने गत चार सालों में करोड़ रुपये की राशि के विकास कार्य करवाए है।,25.46,Medium,15,25,10
2174,chadvir hooda said that because of the appeal of the chief minister activists are very excited about this rally and this rally will be the biggest amongst all the rallies so far and this will put haryana politics on the map in the entire country.,Casdviga ने कहा कि प्रमुख मंत्री कार्यकर्ता की अपील के कारण इस दल के बारे में बहुत उत्साहित कर रहे हैं और यह दल अब तक सभी सहवासों में सबसे बड़ा हो जाएगा और यह नक्शा पर नक्शा पर राजनीति डाल देगा।,चादवीर हुड्डा ने कहा कि मुख्यमंत्री के आह्वान पर पार्टी कार्यकर्ताओं में इस रैली को लेकर काफी उत्साह है और यह रैली अब तक की सभी रैलियों से सशक्त होगी और इससे हरियाणा की राजनीति का कद भी पूरे देश में ऊंचा होगा।,31.29,Medium,42,43,1
2175,"chadvir said that, based on the popularity gained by the chief minister by the way of landmark decisions and for activities for the peoples welfare, the public would also elect hooda for the third time.","इसके अलावा, आम जनता ने तीसरे वक्‍त उसका चुनाव भी किया ।","चादवीर ने कहा कि मुख्यमंत्री ने प्रदेश में ऐतिहासिक निर्णयों एवं जनहित कार्यो की दिशा में जो लोकप्रियता हासिल की है, इसी के बलबूते पर प्रदेश की जनता हुड्डा को सत्ता का ताज तीसरी बार भी पहनाएगी।",7.47,Bad,12,37,25
2176,"diwali, the festival of wealth, happiness and prosperity begins on friday with dhanteras.","धन - दौलत के पर्व, सुख और समृद्धि का दिन होता है ।","धन, सुख और समृद्धि का त्योहार दीपोत्सव शुक्रवार को धनतेरस के साथ शुरू होने वाला है।",28.8,Medium,13,16,3
2177,preparations at home and in the markets have reached the final stage.,घर और बाज़ार की तैयारियाँ अन्तिम चरण तक पहुँच चुकी हैं ।,इसके लिए घर और बाजारों में तैयारियां अंतिम चरण में पहुंच चुकी है।,40.61,Medium,12,13,1
2178,"to double the enjoyment of the citys inhabitants the main market bapu market, ashwini market, sarafa market, badbhuja valley, sindhi market, etc. have put up extensive decorations.","शहर के निवासियों का आनन्द उठाने के लिए मुख्य बाजार ब्खिया बाज़ार, एक लूटी बाजार, साबाबाया बाजार, बुराबॉय घाटी, पापी बाजार, आदि. विशाल सजावट डाल दिया है.","शहर के लोगों के सेलिब्रेशन को दुगना करने के लिए शहर के मुख्य बाजार बापू बाजार, अश्विनी बाजार, सर्राफा मार्केट, भड़भुजा घाटी, सिंधी बाजार आदि पूरी तरह से सजाए जा चुके हैं।",30.38,Medium,27,32,5
2179,shopkeepers have made special preparations in their shops for the convenience of their customers.,ग्राहक अपने ग्राहकों की सुविधा के लिए अपनी दुकानों में विशेष तैयारियाँ करते हैं ।,व्यापारियों ने भी ग्राहकों की सुविधा के लिए अपने शोरूम पर विशेष तैयारी कर ली है।,53.97,Good,15,16,1
2180,the festive atmosphere has resulted in large crowds in the major markets several times during the day.,दिन के दौरान कई बार बड़े - बड़े बाजारों में बड़ी तादाद में लोगों को इकट्ठा किया जाता है ।,वहीं त्योहारी माहौल होने से प्रमुख बाजारों में दिन में कई बार जाम की स्थिति बन गई।,25.19,Medium,20,17,3
2181,there is a competition amongst the merchant unions for the best decorations during diwali.,एक प्रतियोगिता है व्यापारी का सबसे अच्छा सजावट के दौरान।,दीपावली को लेकर हो रही सजावट के मामले में कई व्यापारी संगठनों में होड़ सी मची हुई है।,21.4,Medium,10,18,8
2182,"the main markets sectors 4, 5, 6 and sector 14 of the suburban areas have been decorated.","मुख्य बाज़ारीय क्षेत्रों के ४, ५, ६ और सेक्टर १४ को सजाया गया है ।","उपनगरीय क्षेत्रों के सेक्टर , , और सेक्टर में मुख्य बाजारों में भी सजावट की गई।",41.66,Medium,15,16,1
2183,shopping continued in these markets on the eve of dhanteras too.,इन बाजारों में भी daras के उदाहरण पर खरीदारी जारी रही ।,धनतेरस की पूर्व संध्या पर भी इन बाजारों में खरीदारी जारी रही।,50.74,Good,12,12,0
2184,"sales of materials related to worship, lamps and lighting etc. were especially strong on thursday.","उपासना से संबंधित सामग्री की बिक्री, मशालों और प्रकाश - संश्‍लेषण - दिन तीव्र थी ।","गुरुवार को खासकर पूजन सामग्री, दीये और लाइटिंग के सामानों की बिक्री ज्यादा रही।",25.44,Medium,16,14,2
2185,"jagaran bureau, shrinagar the police have allegedly removed the security of the former minister ghulam hasan khan who joined congress from the people democratic party.",हर्गारन बाँग्लाकाउ पुलिस ने भूतपूर्व मंत्री ग्रीम की सुरक्षा को हटा दिया है जो प्रजा लोकतांत्रिक पार्टी के यूरगन में शामिल हो गया है।,"जागरण ब्यूरो, श्रीनगरः पीपुल्स डेमोक्रेटिक पार्टी से कांग्रेस में शामिल हुए पूर्व मंत्री गुलाम हसन खान की सुरक्षा को कथित तौर पर पुलिस ने हटा लिया है।",40.17,Medium,24,27,3
2186,"khan blamed the government, saying that his security has been removed for political reasons.","करन ने सरकार पर दोष लगाया, और कहा कि उनकी सुरक्षा राजनैतिक कारणों से हटा दी गई है।",खान ने इसके लिए राज्य सरकार को जिम्मेदार ठहराते हुए कहा कि राजनीतिक कारणों से उनकी सुरक्षा को हटाया गया है।,36.65,Medium,18,21,3
2187,"it may be recalled that in the year 2002 ghulam hasan khan, who won the 2002 elections from shopian on a pdp ticket, was included in the cabinet, while mufti mohamed sayeed was a chief minister.","यह याद किया जा सकता है कि सन्‌ 2002 में ग्रेम के हैन के हैनन ने, जो कि 2002 चुनावों को एक पेप टिकट पर से जीत लिया था, कोर में शामिल किया गया था, जबकि मोह - पत्रों ने कहा कि एक मुख्य मंत्री था ।",विदित हो कि शोपियां से वर्ष पीडीपी के टिकट पर वर्ष में चुनाव जीतने वाले गुलाम हसन खान मुफ्ती मुहम्मद सईद मुख्यमंत्री रहते हुए उनके मंत्रिमंडल में शामिल थे।,26.47,Medium,47,29,18
2188,ghulam hassan khan said he has had protection since 1996.,ग्रीम ने कहा कि सन्‌ 1996 से उसे सुरक्षा मिली है ।,गुलाम हसन खान ने कहा कि मुझे वर्ष से ही सुरक्षा कवच मिला हुआ है।,28.41,Medium,12,15,3
2189,"i live in shopian, which is believed to be a stronghold of terrorists.","मैं दुकान में रहते हैं, जो आतंकवादी का एक दृढ़ गढ़ होने का विश्वास है.",मैं आतंकियों का गढ़ कहलाने वाले शोपियां में रहता हूं।,23.81,Medium,15,10,5
2190,a crpf security team under the leadership of a subinspector is stationed at my house.,मेरे घर में सबसे ज़्यादा सुरक्षा दल खड़ा है ।,मेरे घर पर सीआरपीएफ का एक सुरक्षा दस्ता सब इंस्पेक्टर की अगुआई में तैनात था।,22.01,Medium,10,15,5
2191,"i have also bodyguards, but all my security was suddenly withdrawn on thursday.","मैं भी शरीर की रक्षा के लिए है, लेकिन मेरी सभी सुरक्षा अचानक दमा के दिन से हटा दिया गया था.","मेरे साथ अंगरक्षक भी हैं, लेकिन वीरवार को मेरी सारी सुरक्षा अचानक ही वापस ले ली गई।",35.47,Medium,21,17,4
2192,as when the security team was leaving from my house i spoke to the district deputy commissioner and district superintendent.,"जब मेरे घर से सुरक्षा दल निकल रहा था, तब मैंने ज़िला उप - मंत्री और ज़िला सलाहकार से बात की ।",जब सुरक्षा दस्ता मेरे घर से जा रहा था तो मैंने जिला उपायुक्त और जिला एसपी से बात की।,44.24,Medium,22,19,3
2193,but instead of restoring security they just said that they would investigate the matter.,सुरक्षा बहाल करने के बजाय वे सिर्फ कहा कि वे इस मामले की जाँच करेंगे.,लेकिन उन्होंने सुरक्षा बहाल करने के बजाय सिर्फ यही कहा कि वह इस मामले की जांच करेंगे।,59.31,Good,15,17,2
2194,"however, in this regard, when the kashmir igp, abdul gani meer, was contacted he denied any knowledge of the issue and said that it was a sensitive issue.","लेकिन, इस मामले में, जब किशमीर, ग्रीनी महीर, से संपर्क किया गया, उसने वाद - विषय के बारे में किसी भी ज्ञान से इनकार कर दिया और कहा कि यह एक संवेदनशील वाद - विषय था ।","अलबत्ता, इस संदर्भ में जब कश्मीर के आइजीपी अब्दुल गनी मीर से संपर्क किया गया तो उन्होंने इस मामले की जानकारी से इन्कार करते हुए कहा कि यह संवेदनशील मामला है।",36.29,Medium,37,31,6
2195,"i should check it out myself. after all, how can the protection of a former minister and senior political leader be removed?",मुझे खुद की जाँच करनी चाहिए ।,मैं खुद इसकी जांच करूंगा कि आखिर एक पूर्व मंत्री और वरिष्ठ सियासी नेता की सुरक्षा को कैसे हटाया गया है।,7.81,Bad,7,21,14
2196,"the state congress chief, prof. safudin soz, said that as far as he knew nothing of this kind had ever happened before.","राज्य परिषद्‌ मुख्य, प्रोफ्यूफ सोफ, ने कहा कि जहाँ तक वह जानता था कि इस प्रकार के बारे में पहले कभी नहीं हुआ था ।",प्रदेश कांग्रेस प्रमुख प्रो. सैफुदीन सोज से ने कहा कि मेरी जानकारी में ऐसा कुछ नहीं है।,25.14,Medium,25,17,8
2197,"if hasan khans security has been compromised, then it is a very serious matter.","अगरनहैन सुरक्षा समझौता किया गया है, तो यह एक बहुत ही गंभीर मामला है.",अगर हसन खान की सुरक्षा के साथ समझौता किया गया है तो यह बहुत गंभीर बात है।,46.82,Medium,14,17,3
2198,i am in jammu now and will be coming to kashmir in a day or two.,मैं अब जामू में हूँ और एक या दो दिन में किशमीर के लिए आ रहा हूँ.,मैं इस समय जम्मू में हूं अगले एक दो दिन में कश्मीर आ रहा हूं।,39.89,Medium,17,15,2
2199,i will discuss this issue with the authorities concerned.,इस अंक में अधिकारियों के बारे में चर्चा की जाएगी ।,मैं संबंधित प्रशासन के साथ इस मुद्दे पर चर्चा करूंगा।,17.72,Bad,11,10,1
2200,"according to the report, the upa government has spent rs 8.5 crore to advertise the anniversary of the birth of sardar patel over the last four years.","रिपोर्ट के अनुसार, एक सरकारी ने पिछले चार वर्षों के दौरान क्रॉर्ट के जन्म की सालगिरह की घोषणा करने के लिए ८.५ प्रवर्धन खर्च किया है.",इस रिपोर्ट के मुताबिक सरदार पटेल की जयंती को मनाने के लिए पिछले चार सालों के दौरान यूपीए सरकार ने . करोड़ रुपए खर्च किए हैं।,37.03,Medium,26,26,0
2201,"but, contrary to the claims by modi during the nda government between 1994 and 2004, while atal bihari vajpayee was the pm there was a time for 2 consecutive years 20012002 when not a single advertisement for sardar patel was published by the government.","लेकिन, सन्‌ 1994 और 2004 के बीच नीडा सरकार ने दावा किया कि यह सरकार ने सरकार द्वारा प्रकाशित किया गया है ।",बल्कि मोदी के दावों के उलट एनडीए के शासनकाल में वर्ष से के बीच अटल विहारी बाजपेयी के पीएम रहने के दौरान एक दौर ऐसा जब आया लगातार दो सालों तक पटेल के ऊपर सरकार द्वारा कोई भी विज्ञापन जारी नहीं किया गया।,18.57,Bad,23,43,20
2202,"on thursday in kevadia,gujarat laying the foundation stone of sardar patels 182 meter high statue, the statue of unity, modi said, earlier, there was no advertising for the anniversary of sardar patel.","केवानिया में हर दिन, सर्कडेर के आधार पर 182 मीटर ऊँची मूर्ति थी, जो एकता की मूरत थी ।","गुरुवार को गुजरात के केवड़िया में सरदार पटेल की मीटर ऊंची स्टैचू ऑफ यूनिटी प्रतिमा की आधारशिला रखते हुए मोदी ने कहा,इससे पहले सरदार पटेल की जयंतियों के अवसर पर कोई विज्ञापन नहीं होता था।",14.28,Bad,19,35,16
2203,"while the davps records show that in 200910 up to 3 million, in 201011 to rs 4.10 crore, in 201112 and rs 2.7 crore and in 201213 to rs 1.4 crore upa had been spent on advertising for sardar patel.","सन्‌ 2009 में, सन्‌ 2010 में, सन्‌ 2010 में 10 लाख से 4 लाख की उम्र में, सन्‌ 2011 में 1010 के लिए 10 रुपए और सन्‌ 2012 में, विज्ञापन के विज्ञापन के लिए 10 लाख रुपए खर्च किए गए थे ।","जबकि डीएवीपी के रेकॉर्ड बताते हैं कि यूपीए ने वर्ष में लाख, में . करोड़ रुपये, में . करोड़ रुपये और में . करोड़ रुपये सरदार पटेल के विज्ञापनों पर खर्च किए हैं।",19.73,Bad,42,33,9
2204,"when the union information and broadcasting minister, manish tewari, was asked about modis claims he said that what the bjps pm candidate said was not based on the facts.",जब इस संघ की जानकारी और प्रचार मंत्री से पूछा गया कि किस तरह का दावा है कि बिस्कुट पिम के अध्यक्ष ने कहा कि तथ्यों पर आधारित नहीं था ।,जब केंद्रीय सूचना एवं प्रसारण मंत्री मनीष तिवारी से मोदी के दावों के बारे में पूछा गया तो उन्होंने कहा कि बीजेपी के पीएम कैंडिडेट तथ्यों के आधार पर बात नहीं करते।,26.53,Medium,31,32,1
2205,in 2008 the upa did not publish any ads in the name of patel.,सन्‌ 2008 में पटेल के नाम पर किसी विज्ञापन को प्रकाशित नहीं किया गया ।,यूपीए वर्ष में पटेल पर कोई विज्ञापन नहीं ला पाई थी।,33.78,Medium,15,11,4
2206,tiwari said that it was because of the economic downturn in that year.,टाइगा ने कहा कि उस साल आर्थिक रूप से गिरावट के कारण यह था.,जिसके बारे में तिवारी ने कहा कि ऐसा उस साल आर्थिक मंदी की वजह से हुआ था।,31.06,Medium,14,17,3
2207,the amounts spent on promoting sardar patel are far less than the amount spent on the birth and death anniversaries of the nehru gandhi family members.,इस तरह के खर्चों में परिवार के सदस्यों के जन्म और मौत की सालगिरह से ज़्यादा खर्च किया जाता है ।,हालांकि सरदार पटेल के विज्ञापनों पर खर्च की गई रकम हर साल नेहरूगांधी परिवार के सदस्यों की जयंतियों और पुण्यतिथियों पर खर्च की जाने वाली रकम से काफी कम हैं।,24.48,Medium,21,30,9
2208,"davp has spent 33 crores on the birth and death anniversaries, 21 crores for former pm rajiv gandhi, 14.5 crores for indira gandhi and rs.9.38 crores for jawaharlal nehru, on print advertising.","Dvvps के जन्म और मृत्यु की सालगिरह पर 33 किर का ख़र्च किया गया है, पिछले pmjujugviver, 14.5 gagigi और r.9.38 के लिए जबड़े के s, विज्ञापनों पर छपाई पर।","डीएवीपी ने महात्मा गांधी की जयंती और पुण्यतिथि के लिए करोड़, पूर्व पीएम राजीव गांधी के लिए करोड़, इंदिरा गांधी के लिए . करोड़ और जवाहर लाल नेहरू के लिए . करोड़ रुपए प्रिंट विज्ञापनों पर खर्च किए गए।",17.43,Bad,30,39,9
2209,"when manish tiwari was asked about the difference, he said, it should not be seen from the perspective of spending on advertising.","वह कहता है, “मुझे यह देखकर ताज्जुब नहीं होना चाहिए कि विज्ञापन पर पैसा खर्च करने के बारे में क्या कहा जा सकता है ।","जब मनीष तिवारी से इस अंतर के बारे में पूछा गय़ा तो उन्होंने कहा,इसको विज्ञापन पर खर्च के नजरिए से नहीं देखा जाना चाहिए।",33.4,Medium,25,24,1
2210,"because the price of advertising depends on several things, such as the size or frequency of the advertisement for that year.","क्योंकि विज्ञापन की क़ीमत अनेक बातों पर निर्भर करती है, जैसे कि उस वर्ष के विज्ञापन का आकार या उपस्थिति ।","क्योंकि विज्ञापन की कीमत कई चीजों पर निर्भर करती है, जिनमें विज्ञापन की साइज या उस साल के लिए विज्ञापन का रेट आदि जैसी बातें शामिल होती हैं।",43.96,Medium,21,28,7
2211,the fact is that it shows our dedication without understanding that the people opposed to this are busy taking care of the legacy of a great leader.,सच तो यह है कि यह हमारे समर्पण को इस बिना समझे दिखाती है कि लोगों ने इस बात का विरोध किया है कि वे एक महान नेता की विरासत की देख - रेख कर रहे हैं ।,"असली बात यह है कि इससे हमारे समर्पण का पता चलता है, जिसका विरोध करने वाले लोग बिना इसके बारे में जाने ही एक महान नेता की विरासत को संभालने की कोशिश में लगे है।",39.36,Medium,38,35,3
2212,today he will meet the families of the people who died in patna last sunday.,वह आज उन लोगों के परिवारों से मिलेंगे जो पिछले सूरज के सूरज में मारे गए थे।,आज वह पिछले रविवार को पटना की रैली में मारे गए लोगों के परिवारों से मिलेंगे।,56.15,Good,17,16,1
2213,as it is narendra modis second visit to patna just a week after the blasts the security has been tightened.,जैसे कि यह nanmordice दूसरे सप्ताह के लिए केवल एक सप्ताह के बाद ही सुरक्षा भंग कर दी गयी है।,धमाके के एक हफ्ते बाद ही नरेंद्र मोदी की दोबारा पटना यात्रा को देखते हुए हर तरफ सुरक्षा के कड़े बंदोबस्त किए गए हैं।,18.19,Bad,20,24,4
2214,the police have examined the route of modis visit and the sites of the meeting thoroughly.,पुलिस ने नर्सिंग होम और सभा की जगहों की जाँच की है ।,पुलिस ने मोदी की यात्रा के रूट और बैठक वाली जगहों की कड़ी जांच की।,29.47,Medium,13,15,2
2215,police will keep an eye on the people coming to the meetings.,पुलिस सभाओं में आनेवाले लोगों पर नज़र रखेंगे ।,बैठकों में आने वाले लोगों पर पुलिस की नज़र होगी।,54.52,Good,9,10,1
2216,"the gujarat police force, the nsgib and the state police force will take care of security.","पुलिस बल, NAAb और राज्य पुलिस बल सुरक्षा की देखभाल करेगा।","गुजरात पुलिस बल, एनएसजीआईबी और राज्य पुलिस सुरक्षा पर नज़र रखेंगे।",40.2,Medium,11,11,0
2217,modis protective shield will be tightened.,सुरक्षा सुरक्षा ढाल को कम किया जाएगा.,मोदी का सुरक्षा घेरा और कड़ा किया जाएगा।,42.94,Medium,7,8,1
2218,"meanwhile, questions are being raised about the urn procession undertaken by the bjp, carrying the ashes of the people who died in the blasts.","इसका मतलब यह है कि जंगली जानवर के बारे में सवाल उठाए जा रहे हैं, जो उन लोगों की राख ले रहे हैं जो विस्फोटों में मारे गए थे ।","इस बीच, पटना धमाके में मारे गए लोगों को लेकर निकाली गई बीजेपी की अस्थि कलश यात्रा पर भी सवाल उठने लगे हैं।",28.06,Medium,30,23,7
2219,chief minister nitish kumar has accused the bjp of spoiling the atmosphere.,मुख्य मंत्री नीकामार ने वायुमंडल को लूटना पर आरोप लगाया है.,राज्य के मुख्यमंत्री नीतीश कुमार का आरोप है कि बीजेपी माहौल को बिगाड़ने में लगी है।,29.26,Medium,11,16,5
2220,"trekking through mud, rivers and jungle to provide free medical care","कीचड़, नदियों और जंगल के बीच से गुज़र रहे हैं ताकि उन्हें साफ़ - सुथरा रखें","निःशुल्क चिकित्सा सेवा प्रदान करने के लिए मिट्टी, नदियों और जंगल से होते हुए आगे बढ़ना",24.28,Medium,16,16,0
2221,dr. georges bwelle is bringing free health care to rural villages in cameroon,द न्यू यॉर्क टाइम्स्‌ (अंग्रेज़ी) रिपोर्ट करता है ।,"डॉ. जॉर्जेस वेल, कैमरून के ग्रामीण क्षेत्रों में निःशुल्क स्वास्थ्य सेवा पहुंचा रहे हैं",10.37,Bad,9,14,5
2222,bwelle and his team spend almost every weekend seeing hundreds of patients,बी. और उसकी टीम लगभग हर शनिवार - रविवार को सैकड़ों मरीज़ों को देखते हैं,वेल और उनका दल लगभग प्रत्येक सप्ताहांत पर सैकड़ों रोगी देखता है,22.8,Medium,15,12,3
2223,"there arent many doctors in the west african country just one for every 5,000 people","पश्‍चिम में अनेक डॉक्टर बस हर ५,००० लोगों के लिए एक ही देश में हैं",पश्चिम अफ्रीकी देशों में बहुत अधिक चिकित्सक नहीं है लोगों के लिए मात्र एक चिकित्सक है,24.84,Medium,15,16,1
2224,cast your vote here or through your mobile device,अपना वोट यहाँ डालें या मोबाइल उपकरण के माध्यम से,अपना वोट यहां दीजिए या मोबाइल के माध्यम से दीजिए,56.06,Good,10,10,0
2225,dr. georges bwelle is one of the top 10 cnn heroes of 2013.,डी. गेर्ग बीगल 2013 के शीर्ष 10 में सेन नायकों में से एक है.,डॉ. जॉर्जेस वेल वर्ष में सी.एन.एन. के शीर्ष नायकों में से एक हैं।,41.44,Medium,14,13,1
2226,"you can vote for him, or any of the other top 10 heroes, to be cnn hero of the year.","आप उसके लिए वोट कर सकते हैं, या अन्य शीर्ष 10 नायकों में से किसी भी, साल के cnn नायक होने के लिए।",आप उनके लिए या अन्य शीर्ष में किसी के लिए सी.एन.एन. वर्ष का नायक बनाने के लिए वोट कर सकते हैं।,48.18,Medium,23,21,2
2227,"that person will receive 250,000 to continue their extraordinary work.","उस व्यक्‍ति को अपने असाधारण कार्य को जारी रखने के लिए २,५०,५०,००० लोग मिलेंगे ।","जीतने वाला व्यक्ति अपना असाधारण काम जारी रखने के लिए , डॉलर प्राप्त करेगा।",38.35,Medium,15,14,1
2228,"for 21 years, georges bwelle watched his ill father slip in and out of consciousness, traveling to hospitals that werent equipped to help him.","21 साल तक, गेर्गे ने अपने बीमार पिता को बेहोश होते देखा और उन्हें होश में रखा ।"," वर्षों तक, जॉर्जेस वेल ने अपने बीमार पिता को होश में आते तथा बेहोश होते हुए, अस्पताल जाते हुए देखा था, जो उनकी सहायता करने के लिए उचित रूप से सुविधा सम्पन्न नहीं थे।",26.4,Medium,18,34,16
2229,"jamef bwelle was injured in a 1981 car accident near yaounde, cameroons capital.","सन्‌ 1981 की एक कार दुर्घटना में, सारोस राजधानी के पास एक भयंकर दुर्घटना में घायल हो गया ।","जैमेल वेल, वर्ष में कैमरून की राजधानी यौंडे के समीप कार दुर्घटना में जख्मी हो गए थे।",32.3,Medium,19,17,2
2230,"he suffered only a broken arm at first, but an infection developed and spread to his brain, creating a hematoma that would affect him for the rest of his life.","शुरू - शुरू में उसे सिर्फ़ एक टूटी हाथ लगा, लेकिन एक संक्रमण विकसित हुआ और उसके मस्तिष्क में फैल गया ।","आरंभ में उनका केवल हाथ टूटा था, लेकिन एक संक्रमण बढ़ गया जो उनके मस्तिष्क तक फैल गया, तथा उसने रक्तार्बुद निर्मित कर दिया, जिसने उनके शेष जीवन को प्रभावित किया।",28.69,Medium,22,31,9
2231,"there were no neurosurgeons in cameroon, georges bwelle said.","आरोलोन में कोई तंत्रिकाएँ नहीं थीं, गेर्ग्‌स ने कहा ।","जॉर्जेस वेल कहते हैं, कैमरून में कोई न्यूरोसर्जन नहीं था।",24.26,Medium,10,10,0
2232,we would have taken him out of cameroon if we had the money.,अगर हम पैसे थे तो हम उसे आरोॉन से बाहर ले जाते.,यदि हमारे पास पैसा होता तो हम अपने पिता को कैमरून से बाहर ले जाते।,31.56,Medium,12,15,3
2233,"instead, bwelle spent years escorting his father to overcrowded clinics and hospitals, getting whatever treatment they could get.","इसके बजाय, उसने कई साल अपने पिता को अस्पताल और अस्पताल ले जाने में बिताए ।","इसके बजाय, वेल अपने पिता को लेकर अत्यधिक भीड़ भरे क्लिनिक और अस्पतालों का चक्कर लगाते रहे तथा जो भी इलाज प्राप्त कर सकते थे, उसे प्राप्त करते रहे।",25.22,Medium,16,29,13
2234,"its not easy, bwelle said.","यह आसान नहीं है, खली ने कहा.","वेल ने कहा, यह आसान नहीं है।",61.98,Good,7,7,0
2235,"you can leave home at 5 a.m., running to the hospital to be the first, and you are not the first.","आप 5 बजे घर छोड़ सकते हैं, अस्पताल में सबसे पहले जा रहे हैं, और आप पहले नहीं हैं.","आप सुबह बजे इस उम्मीद से घर से निकलते हैं कि आप अस्पताल पहुंचने वाले प्रथम व्यक्ति होंगे, लेकिन ऐसा नहीं होता।",20.94,Medium,19,22,3
2236,there are a lot of patients.,बहुत से मरीज़ों हैं.,वहां पर बहुत से रोगी होते हैं।,24.33,Medium,4,7,3
2237,some people can die because they are waiting.,कुछ लोगों की मौत हो सकती है क्योंकि वे इंतज़ार कर रहे हैं.,कुछ लोग इंतजार करतेकरते मौत के मुंह में समा सकते हैं।,27.44,Medium,13,11,2
2238,the situation hasnt changed much since bwelles father passed away in 2002.,"सन्‌ 2002 में जब हमारे पिता पैदा हुए, तब से हालात काफी बदल गए हैं ।", में वेल के पिता की मृत्यु के बाद से स्थिति में बहुत अधिक परिवर्तन नहीं आया।,13.55,Bad,16,16,0
2239,"in cameroon, there is only one doctor for every 5,000 people, according to the world health organization.","आरोन में, विश्‍व स्वास्थ्य संगठन के अनुसार, हर ५,००० लोगों के लिए केवल एक डॉक्टर है ।","विश्व स्वास्थ्य संगठन के अनुसार, कैमरून में प्रत्येक व्यक्ति के लिए केवल एक चिकित्सक है।",49.62,Medium,17,15,2
2240,"for comparisons sake, the ratio in the united states is one doctor for every 413 people.","मिसाल के लिए, संयुक्‍त राष्ट्र का अनुपात हर 413 लोगों के लिए एक डॉक्टर है ।","अगर तुलना करें, तो युनाइटेड स्टेट्स में प्रत्येक व्यक्तियों के लिए एक चिकित्सक है।",21.43,Medium,16,14,2
2241,"and even if they could see a physician, many cameroonians couldnt afford it.","और अगर वे एक चिकित्सक को देख सकते, तो भी कई आक्रोनियन इसे खरीद सकते थे ।","और अगर वहां पर चिकित्सक हों, तो भी कैमरून के बहुत से निवासी उसका ख़र्च वहन नहीं कर सकते।",27.11,Medium,17,19,2
2242,"two out of five people in the country live below the poverty line, and nearly threequarters of the countrys healthcare spending is private.",इस देश में पाँच लोगों में से दो लोग गरीबी की रेखा के नीचे रहते हैं और देश के स्वास्थ्य - सेवा करनेवाले करीब तीन साल अकेले रहते हैं ।,"देश में पांच में से दो लोग गरीबी रेखा से नीचे जीते हैं, तथा देश में स्वास्थ्य सेवा में होने वाले व्यय का लगभग दो तिहाई हिस्सा निजी क्षेत्र का है।",38.92,Medium,30,31,1
2243,"the only problem they have is poverty, bwelle said.","उनके पास केवल एक ही समस्या है ग़रीबी, खली ने कहा.","वेल कहते हैं, उनकी एकमात्र समस्या गरीबी है।",25.74,Medium,11,8,3
2244,"and with poverty, they cannot enjoy their life.","और ग़रीबी के साथ, वे अपनी ज़िन्दगी का आनन्द नहीं उठा सकते ।","और गरीब होने के कारण, वे अपने जीवन का आनन्द नहीं ले सकते।",40.8,Medium,13,13,0
2245,"seeing his father and so many of his countrymen suffer, bwelle was determined to do something about it.","उसके पिता और उसके कई देशवासियों को दुःख - तकलीफें झेलनी पड़ती हैं, सो उन्हें इसके बारे में कुछ करने का पक्का इरादा था ।","अपने पिता तथा अपने देशवासियों की पीड़ा देखकर, वेल ने इसका कुछ समाधान करने का दृढ़ संकल्प लिया।",30.27,Medium,25,18,7
2246,dr. georges bwelle and his team of volunteers have performed 700 free surgeries in the past year.,द न्यू यॉर्क टाइम्स्‌ (अंग्रेज़ी) रिपोर्ट करता है ।,डॉ. जॉर्जेस और स्वयंसेवकों के उनके दल ने पिछले वर्ष निःशुल्क शल्य चिकित्सा की हैं।,10.1,Bad,9,15,6
2247,"he became a doctor himself, working as a vascular surgeon in yaoundes central hospital.",वह खुद एक डॉक्टर बन गया ।,"वे स्वयं भी चिकित्सक बन गए, और यौंडे के सेन्टर हॉस्पिटल में वैस्कुलर सर्जन के रूप में काम करने लगे।",5.68,Bad,7,20,13
2248,"and he started a nonprofit, ascovime, that travels into rural areas on weekends to provide free medical care.","और उसने एक गैर - लाभ - लाभ की शुरूआत की, जैसे किकोवीमी, जो सप्ताहांतों में ग्रामीण क्षेत्रों में यात्रा करती है ताकि मुफ़्त चिकित्सीय देखरेख प्रदान कर सके ।","और उन्होंने गैरलाभ संगठन एस्कोवाइम आरंभ किया, जो निःशुल्क चिकित्सा सेवा प्रदान करने के लिए सप्ताहांत पर ग्रामीण क्षेत्रों में जाता है।",40.6,Medium,30,22,8
2249,"since 2008, he and his group of volunteers have helped nearly 32,000 people.","सन्‌ 2008 से वह और उसके परिवार ने करीब 3,000 लोगों की मदद की है ।","वर्ष से, उन्होंने तथा उनके स्वयंसेवियों के समूह ने लगभग , लोगों की सहायता की है।",18.63,Bad,16,16,0
2250,"almost every friday, he and up to 30 people jam into vans, tie medical supplies to the roofs and travel across rough terrain to visit villages in need.","लगभग हर दिन, वह और ३० से ज़्यादा लोगों ने वैन में जाम कर लिया, और ज़रूरत की घड़ी में गाँवों में भेंट करने के लिए छतों को बाँध दिया ।","लगभग प्रत्येक शुक्रवार को वे तथा लगभग लोग तक वैन में बैठते हैं, चिकित्सा आपूर्तियों को छत से बांध लेते हैं तथा ऐसे ग्रामीण इलाकों में जाते हैं जहां लोगों को चिकित्सा की आवश्यकता होती है।",17.1,Bad,31,36,5
2251,their luck doesnt always hold out.,उनकी किस्मत हमेशा बाहर पकड़ है.,कभीकभी किस्मत उनके साथ नहीं भी होती।,22.87,Medium,6,7,1
2252,theyve had to push vehicles through rivers and mud more than once.,उन्होंने नदियों और कीचड़ के माध्यम से वाहनों को एक बार से अधिक बार धक्का दिया था.,उन्हें एक से अधिक बार वाहन को नदियों और मिट्टी में से धक्का देकर आगे बढ़ाना पड़ता है।,35.65,Medium,17,18,1
2253,"but when they arrive, they receive a true heroes welcome a feast, singing and dancing, and the best accommodations the community can offer.","लेकिन जब वे आते हैं, वे एक सच्चे नायक का स्वागत करते हैं... ... एक दावत, गाना और नाच, और समुदाय की सर्वोत्तम आवास प्रदान कर सकते हैं.","लेकिन जब वे पहुंचते हैं, तो उन्हें वास्तव में नायकों वाला सम्मान मिलता हैः दावत, गायन तथा नृत्य, तथा समुदाय द्वारा पेश किया जा सकने वाले सबसे अच्छा आवास।",25.71,Medium,28,29,1
2254,"in these villages, free medical care is truly a cause for celebration, and bwelle with his big smile and boundless energy is more than happy to join in the fun.","इन गाँवों में, मुक्‍त चिकित्सीय देखरेख सचमुच उत्सव का कारण है, और उसकी बड़ी मुस्कान और असीम शक्‍ति आनन्द से ज़्यादा है ।","इन गांवों में निःशुल्क चिकित्सा सेवा वास्तव में जश्न मनाने का कारण है, तथा वेल अपनी बड़ी मुस्कान तथा अंतहीन ऊर्जा के साथ इसमें खुशीखुशी शामिल होते हैं।",27.58,Medium,23,28,5
2255,"the next morning, the team begins meeting with hundreds of patients.","अगली सुबह, टीम सैकड़ों मरीज़ों से मिलने लगती है ।",अगली सुबह उनका दल सैकड़ों रोगियों से मिलना आरंभ करता है।,39.97,Medium,10,11,1
2256,"we are receiving 500 people in each trip, bwelle said.","हम हर यात्रा में 500 लोगों को मिल रहे हैं, खेटी ने कहा.","वेल ने कहा, हम प्रत्येक यात्रा में लोगों से मिल रहे हैं।",44.79,Medium,13,12,1
2257,"they are coming from 60 kilometers around the village, and theyre coming on foot.","वे गांव के चारों ओर 60 किलोमीटर से आ रहे हैं, और वे पैर पर आ रहे हैं.","वे गांव से लगभग किमी दूर तक से आते हैं, तथा वे पैदल आते हैं।",26.77,Medium,18,15,3
2258,each of these weekend clinics provides a variety of medical care.,इनमें से हर शनिवार - रविवार को इलाज के लिए अलग - अलग तरीके से इलाज करता है ।,ये सभी सप्ताहांत क्लिनिक विभिन्न प्रकार की चिकित्सा सेवा प्रदान करते हैं।,13.98,Bad,19,12,7
2259,"many people are treated for malaria, tuberculosis, malnutrition, diabetes, parasites and sexually transmitted diseases.","बहुत - से लोगों को मलेरिया, टी. बी.","बहुत से लोगों की मलेरिया, तपेदिक, कुपोषण, मधुमेह, परजीवी तथा यौन संचारित बीमारियों का इलाज किया जाता है।",18.39,Bad,8,18,10
2260,"others might receive crutches, a pair of donated eyeglasses or free birth certificates documentation thats required for school but that many impoverished families simply cant afford.",कुछ लोगों को शायद लगे कि स्कूल के लिए ज़रूरी है कि वे कम - से - कम गरीब हों ।,"अन्य लोगों को बैसाखी, दान किया गया चश्मा अथवा निःशुल्क जन्म प्रमाणपत्र मिल सकता है इस दस्तावेज की आवश्यकता विद्यालय में पड़ती है लेकिन बहुत से निर्धन परिवार इसका खर्च नहीं उठा सकते।",10.53,Bad,21,33,12
2261,"in the evenings, the team will do simple surgeries with local anesthesia.","शाम को, टीम स्थानीय asmicia के साथ साधारण कार्यवाही करेगी.",शाम को दल स्थानिक संज्ञाहरण के साथ सरल शल्यचिकित्सा करता है।,24.02,Medium,10,11,1
2262,"operations are usually done in a schoolhouse, town hall or home after the procedure, patients get up and walk to the recovery area to make way for the next person.","आम तौर पर किसी स्कूलघर में काम किया जाता है, शहर के हॉल या घर में, मरीज़ अगले व्यक्‍ति के लिए ठीक तरह से रास्ता बनाने के लिए उठकर जाते हैं ।","ऑपरेशन आम तौर पर स्कूल के भवन, टाउन हॉल अथवा घर पर किए जाते हैं प्रक्रिया के बाद, रोगी चलकर रिकवरी वाली जगह पर जाता है, तथा अगले व्यक्ति के लिए जगह बनाता है।",33.6,Medium,32,34,2
2263,"with the groups generator lighting the operating room and sanitizing equipment, bwelle and his volunteers work into the early hours of sunday morning.",इसके साथ - साथ वे दिन - ब - दिन सुबह के शुरूआती घंटों में भी काम करते हैं ।,"समूह का जेनरेटर ऑपरेशन वाले कमरे में तथा सैनिटाइजिंग उपकरणों को प्रकाशित करता है, और वेल तथा उनके स्वयंसेवी रविवार को सुबहसुबह उठकर काम करते हैं।",16.21,Bad,20,26,6
2264,"its a backbreaking pace, but village musicians usually help keep the team motivated.",लेकिन आम तौर पर गाँव के संगीतकार टीम को प्रेरित करते हैं ।,"यह कमरतोड़ गति है, लेकिन गांव के संगीतकार आम तौर पर दल को प्रेरित रखने में सहायता करते हैं।",42.92,Medium,13,19,6
2265,"they are beating drums all night to keep us awake and continue our work, bwelle said.","वे सारी रात हमें जागते रहने और अपना काम जारी रखने के लिए ढोल मार रहे हैं, खली ने कहा ।","वेल ने कहा, वे हमें जगाए रखने तथा अपना काम जारी रखने के लिए सारी रात ड्रम बजाते रहते हैं।",49.24,Medium,21,20,1
2266,"on sunday, the team heads back to the city, tired but proud of their work.","दिन को, टीम के सिर वापस शहर में, थका हुआ लेकिन अपने काम पर गर्व करते हैं ।","रविवार को उनका दल वापस शहर की ओर लौटता है, वे थके होते हैं, लेकिन उन्हें अपने काम पर गर्व होता है।",35.03,Medium,18,22,4
2267,"the group a mix of cameroonian doctors and foreign medical students has performed 700 free surgeries in the past year, and they know that their help can make a world of difference to those they help.",वे जानते हैं कि उनकी मदद से वे अपने लोगों के लिए एक संसार बना सकते हैं ।,"इस समूह ने जिसमें कैमरून के चिकित्सक और विदेशी चिकित्सा विद्यार्थी शामिल हैं पिछले वर्ष निःशुल्क शल्य चिकित्सा की हैं, तथा वे जानते हैं कि उनकी सहायता उन लोगों की दुनिया बदल सकती है जिनकी वे सहायता करते हैं।",18.0,Bad,18,39,21
2268,one man explained that the free hernia surgery hed received will allow him to work again.,एक व्यक्‍ति ने समझाया कि उसके मुक्‍ति - उपचार ने उसे फिर से काम करने की अनुमति दी ।,एक व्यक्ति ने बताया कि निःशुल्क हर्निया शल्य चिकित्सा प्राप्त होने के कारण वह दोबारा काम पर जाने में सक्षम होगा।,19.28,Bad,19,21,2
2269,"this will change my future with my family, the man said.","यह मेरे परिवार के साथ मेरा भविष्य बदल जाएगा, आदमी ने कहा.","उस व्यक्ति ने कहा, इससे मेरा तथा मेरे परिवार का भविष्य बदल जाएगा।",52.8,Good,12,13,1
2270,"in addition to holding these weekend clinics and working as a hospital surgeon, bwelle also works nights at private medical clinics around yaounde.","इन सप्ताहांतों को पकड़े रखने और एक अस्पताल सर्जन के तौर पर काम करने के अलावा, बावेली ने बार - बार डॉक्टर के पास रात भी काम किया ।","सप्ताहांत क्लिनिक चलाने तथा अस्पताल में शल्यचिकित्सक के रूप में काम करने के अलावा, वेल रात में यौंडे के आसपास निजी मेडिकल क्लिनिक में भी काम करते हैं।",31.49,Medium,29,28,1
2271,"its this second job, he said, that funds about 60 of his nonprofit the rest is covered by private donations.",इस दूसरी नौकरी के बारे में उसने कहा कि बाकी लोगों को दान देने के लिए करीब 60 पैसे अलग - अलग दान दिए जाते हैं ।,उन्होंने बताया कि यह उनकी दूसरी नौकरी है जो उनके गैरलाभ काम के को वित्तपोषित करती है बाकी का हिस्सा निजी दान से पूरा होता है।,20.72,Medium,27,26,1
2272,"im not sure when he sleeps, said katie omalley, a secondyear medical student from drexel university in philadelphia and volunteer with bwelles group.","वह कहता है कि जब वह नींद में सो जाता है, तो वह नेटटॆला विश्‍वविद्यालय से एक दूसरे साल के चिकित्सीय छात्र, फिलीफ़ॉर्निया में से एक और डॉक्टरीका के साथ मिल जाता है और एक समूह के साथ स्वेच्छा से स्वेच्छा से पेश आता है ।","फिलाडेल्फिया में ड्रेक्सेल विश्वविद्यालय की द्वितीय वर्ष की चिकित्सा विद्यार्थी और वेल के समूह में स्वयंसेवी, कैटी ओमैली ने कहा, मुझे नहीं पता कि वे सोते कब हैं।",28.02,Medium,46,28,18
2273,he is always either at the hospital or trying to make money for the organization so he can go on these campaigns.,वह हमेशा अस्पताल में होता है या संगठन के लिए पैसा कमाने की कोशिश करता है ताकि वह इन अभियानों पर जा सके ।,"वे हमेशा या तो अस्पताल में होते हैं, या अपने संगठन के लिए धन कमाने का प्रयास कर रहे होते हैं, ताकि वे इन अभियानों को चलाते रहें।",41.66,Medium,24,28,4
2274,"for medical and nursing students such as omalley, who come from the united states and europe to join bwelle on his missions, its a handson opportunity theyd never get at home.","जैसे कि चिकित्सा और नर्सिंग स्कूल के विद्यार्थियों के लिए, जो संयुक्‍त राष्ट्र से आते हैं और उसके मिशन पर अच्छी तरह हिस्सा लेते हैं, उसके हाथों में कभी घर नहीं मिलता ।","ओमैली जैसे चिकित्सा और नर्सिंग के विद्यार्थी जो वेल के अभियान में शामिल होने के लिए युनाइटेड स्टेट्स तथा यूरोप से आते हैं, उनके लिए यह प्रायोगिक अवसर होता है, जिसे वे अपने देश में कभी नहीं प्राप्त कर सकते।",34.76,Medium,33,40,7
2275,"weve been able to scrub in on surgeries where we help blot blood away or hold tools for dr. bwelle, omalley said.",हम ऑपरेशनों पर धोने में समर्थ हुए हैं जहाँ हम डीआर के लिए उपकरण बंद करने या पकड़ करने में मदद करते हैं ।,"ओमैली ने कहा, जिनशल्य चिकित्सा में हम डॉ. वेल के लिए औजार पकड़ने अथवा रक्त के धब्बे साफ करने में सहायता करते हैं, उनमें हम प्रायोगिक अनुभव प्राप्त करने में सक्षम रहे हैं।",21.8,Medium,24,33,9
2276,thats not something youd ever get to do in america as a secondyear medical student.,यह ऐसा नहीं है जो आप कभी एक दूसरे वर्ष के चिकित्सीय विद्यार्थी के रूप में एमरिका में करने के लिए मिलता है ।,अमेरिका में द्वितीय वर्ष के चिकित्सा विद्यार्थी के रूप में आपको ऐसा करने का अवसर कभी नहीं मिलेगा।,52.58,Good,24,18,6
2277,"the student volunteers usually pay their own way to cameroon, often arriving with donated medical supplies.",विद्यार्थी स्वयंसेवकों ने आम तौर पर आने - जाने के लिए अपना रास्ता ख़र्च किया ।,"स्वयंसेवी विद्यार्थी कैमरून पहुंचने के लिए आम तौर पर अपने पास से व्यय करते हैं, और वे अकसर दान की चिकित्सा आपूर्तियों के साथ आते हैं।",28.93,Medium,16,26,10
2278,"but once they arrive in yaounde, their board, transportation and instruction are covered by bwelle.","लेकिन जब वे अपने बोर्ड, नाव में आते हैं, तो परिवहन और उपदेश को हवा से ढक दिया जाता है ।","लेकिन यौंडे पहुंचने के पश्चात उनका रहना आनाजाना, तथा निर्देशों का खर्च वेल उठाते हैं।",19.42,Bad,21,15,6
2279,"hes a hero, without a doubt, omalley said.","उन्होंने कहा कि एक नायक, बिना संदेह के, Momlalle ने कहा.","ओमैली कहती हैं, इसमें कोई संदेह नहीं कि वे हीरो हैं।",11.89,Bad,11,11,0
2280,"he gives his life to this organization, and his desire to help the cameroon people is everlasting.","वह इस संगठन को अपना जीवन देता है, और आरोमोन लोगों की मदद करने की उसकी इच्छा अनन्त है ।","वे इस संगठन के लिए अपना जीवन देते हैं, तथा कैमरून के लोगों की सहायता करने की उनकी इच्छा कभी समाप्त नहीं होने वाली है।",37.0,Medium,20,25,5
2281,"for bwelle, the nearconstant workload isnt a hardship.",अच्छी तरह काम करने के लिए कड़ी मेहनत करना बहुत मुश्‍किल होता है ।,"वेल के लिए, लगभग एक जैसा काम का बोझ, कठिनाई नहीं है।",18.48,Bad,14,12,2
2282,"helping others live happier lives, fulfilling a promise he made to his father, is something that brings him great joy.",अपने पिता से किए गए एक वादे को पूरा करने में दूसरों की मदद करने से उसे बहुत खुशी मिलती है ।,"अन्य लोगों को खुश जीवन जीने में सहायता करना, अपने पिता से किया गया वादा पूरा करना, ये वे चीजें हैं जो उन्हें बहुत आनन्द प्रदान करती हैं।",26.58,Medium,22,28,6
2283,"i am so happy when i am doing this work, bwelle said.","मैं बहुत खुश हूँ जब मैं यह काम कर रहा हूँ, यीटी ने कहा.","वेल कहते हैं, इस काम को करते समय मैं बहुत खुश होता हूँ।",34.02,Medium,14,13,1
2284,and i think about my father.,और मैं अपने पिता के बारे में सोचते हैं.,और मैं अपने पिता के बारे में सोचता हूँ।,82.93,Good,9,9,0
2285,i hope he sees what i am doing.,आशा है कि वह मैं क्या कर रहा हूँ देख रहा हूँ.,मुझे उम्मीद है कि वे देख रहे होंगे कि मैं क्या कर रहा हूँ।,43.35,Medium,12,14,2
2286,"to make people laugh, to reduce the pain, thats why im doing this.","लोगों को हंसने के लिए, दर्द कम करने के लिए, यह क्यों करते हैं.","मैं लोगों को हंसाने, उनके दर्द को कम करने के लिए यह कर रहा हूँ।",46.29,Medium,14,15,1
2287,check out the ascovime website and see how to help.,जैसे किकोवीम वेबसाइट की जाँच करें तथा मदद करने के लिए देखें.,एस्कोवाइम की वेबसाइट देखें तथा पता लगाएं कि कैसे सहायता करें।,30.08,Medium,12,11,1
2288,you may not believe it but it is true.,तो तुम झुठलाने वालों का कहना न मानना,आपको यकीन नहीं हो रहा होगा पर यह सच है।,6.17,Bad,8,10,2
2289,"not only that, but the name of mission road was changed to the name of the city legislator, anjali kumar.","केवल यही नहीं, लेकिन मिशन मार्ग का नाम शहर के क्लीटलर, अमाकुमार के नाम पर बदल दिया गया ।",इतना ही नहीं मिशन रोड का नाम नगर पर्षद अध्यक्ष अंजलि कुमारी के नाम किया गया है।,31.66,Medium,19,17,2
2290,"actually, the jharkhand development youth forum had changed the name to express their anger at the bad condition of the roads.","असल में, फ्यूम के विकास ने अपने क्रोध को मार्ग की बुरी स्थिति में व्यक्‍त करने के लिए नाम बदल दिया था ।",दरअसल झारखंड विकास युवा मोर्चा ने शहर की कुछ बदहाल सड़कों को लेकर अपनी नाराजगी जाहिर करने के लिए यह नामकरण किया है।,22.15,Medium,23,23,0
2291,"the program was led by the jmm central secretary, sachchidanand pandey.","इस कार्यक्रम का नतीजा यह हुआ कि जनमिमी केंद्रीय सचिव, कैंची और पैनी ने भी इसी तरह काम किया ।",यह कार्यक्रम झामुमो के केंद्रीय सचिव सच्चिादानंद पांडेय के नेतृत्व में किया गया।,33.68,Medium,20,13,7
2292,"while addressing a rally modi said, if you listen to all the speeches given by all the leaders of congress, then you will see that they never talk about what they have done.","फिर आप देखेंगे कि वे जो कुछ करते हैं, उसके बारे में वे कभी बात नहीं करते ।","एक रैली को संबोधित करते हुए मोदी ने कहा, आप पिछले दो महीनों में कांग्रेस या संप्रग नेताओं के भाषणों को देखें, तब आप पाएंगे कि वे इस बारे में बात नहीं करते कि उन्होंने क्या किया है।",21.34,Medium,18,38,20
2293,"he said, congress has become so arrogant that does not answer media questions.",उन्होंने कहा कि सम्मेलन इतना घमंडी बन गया है कि मीडिया के सवालों का जवाब नहीं देता ।,"उन्होंने कहा, कांग्रेस इतनी अहंकारी हो गई है कि वह मीडिया के सवालों का जवाब नहीं देती है।",54.23,Good,18,18,0
2294,"manmohan singh is the prime minister and it is his government, yet they want modi to respond.","आम तौर पर, एक व्यक्‍ति का कहना है कि वह अपनी सरकार है और यह उसकी सरकार है, फिर भी वे उसे जवाब देना चाहते हैं ।","मनमोहन सिंह प्रधानमंत्री हैं और उनकी सरकार है, फिर भी उन्हें मोदी से जवाब चाहिए।",33.59,Medium,27,15,12
2295,answering the publics questions is your duty.,लोगों के सवालों का जवाब देना आपका कर्तव्य है ।,जनता को जवाब देना आपका कर्तव्य है।,73.0,Good,10,7,3
2296,"clearly, modi was referring to sibal, who had told journalists in delhi that modi wants to create an environment where he is in control, where he gives his speeches and he does not talk to journalists in order to avoid their questions.",वह अपने भाषण देते हैं और पत्रकारों से उनके सवालों से दूर रहने के लिए बात नहीं करता ।,"स्पष्ट रूप से मोदी, सिब्बल को जवाब दे रहे थे जिन्होंने दिल्ली में संवाददाताओं से कहा कि मोदी अपने नियंत्रण वाला माहौल चाहते हैं जहां वह अपना भाषण देते हैं और पत्रकारों से सवालों से बचने के लिए उनसे बात नहीं करते।",30.76,Medium,19,42,23
2297,sibal challenged modi to a face to face debate.,नीकोली ने वाद - विवाद का सामना करने के लिए मोची को चुनौती दी ।,सिब्बल ने मोदी को आमने सामने बहस करने की चुनौती भी दी।,28.77,Medium,15,12,3
2298,"modi said, i promise the people of the country that when the bjp will form the government in 2014, then we will submit a report each year to the public.","स्टूई ने कहा, मैं देश के लोगों से वादा करता हूँ कि 2014 में जब बंक सरकार बन जाएगी तो हम हर साल जनता के सामने एक रिपोर्ट पेश करेंगे.","मोदी ने कहा, मैं देश के लोगों से वादा करता हूं कि जब में भाजपा सरकार बनाएगी, तब हम प्रत्येक वर्ष लोगों के समक्ष रिपोर्ट पेश करेंगे।",53.1,Good,30,27,3
2299,congress has given the tickets to all his former legislators.,सम्मेलन ने अपने सभी पिछले पैरों को टिकट दिए हैं.,कांग्रेस ने सभी पुराने विधायकों को फिर से टिकट दिया है।,25.5,Medium,10,11,1
2300,in the list there are 6 old and 2 new faces.,सूची में 6 पुराने और 2 नए चेहरे हैं.,सूची में पुराने एवं नए चेहरे शामिल हैं।,45.92,Medium,9,8,1
2301,the new faces who have been given a chance include nirmala sapre from the bina assembly constituencys sagar district and pratapsingh lodhi from jabera assembly constituencys damoha district.,"नए चेहरे जिन्हें एक मौका दिया गया है, त्कराका कलीसिया के उपभोगी क्षेत्र से nadmmougagaugaghy और Wabaama syma sssyma saaaa sympa syaaamamamadadadadadadadadiks से s.",नए चेहरों में सागर जिले के बीना विधानसभा क्षेत्र से निर्मला सप्रे एवं दमोह जिले के जबेरा विधानसभा क्षेत्र से प्रतापसिंह लोधी को मौका दिया गया है।,22.89,Medium,24,27,3
2302,"three from sagar, two from tikamgarh and one legislator from chhatrapur have been given a ticket again.",एक बार फिर टिकट दिया गया है ।,"सागर के तीन, टीकमगढ़ के दो एवं छतरपुर के एक विधायक को फिर से टिकट दिया गया है।",26.08,Medium,8,18,10
2303,"as predicted, govind singh from surkhiin sagar, arunoday chaubey from khurai and narayan prajapati from banda are candidates again.","जैसे भविष्यवाणी की गयी थी, सर्के के कुंग से विग्निक पाप हो गया।","उम्मीद के मुताबिक ही सागर में सुरखी से गोविंदसिंह राजपूत, खुरई से अरुणोदय चौबे, बंडा से नारायण प्रजापति को फिर प्रत्याशी बनाया गया है।",8.94,Bad,13,24,11
2304,tickets have been given to yadavendra singh from tikamgarh and to brujendra singh rathore from prithvipur and vikramsinghs grandson raja from rajnagar chhattarpur.,टिकटों को कवर्वर्मा के पाप के लिए दिया गया है... ... और Pagagapapapapapaghughughugagagagaghugagaga से ले लिया गया है।,टीकमगढ़ में टीकमगढ़ से यादवेंद्रसिंह एवं पृथ्वीपुर से बृजेंद्र सिंह राठौर तथा छतरपुर के राजनगर से विक्रमसिंह नाती राजा को टिकट दिया गया है।,13.74,Bad,18,24,6
2305,all these are current legislators in these constituencies.,ये सभी मौजूदा सहवासों में मौजूदा क़दम हैं.,ये सभी इन क्षेत्रों के मौजूदा विधायक हैं।,24.81,Medium,8,8,0
2306,"it has been decided that, after the first lists from the bjp and congress, the contest will be between the new faces from both parties in bina.","यह निर्णय लिया गया है कि, बजेप और सम्मेलन की पहली सूची के बाद, प्रतियोगिता तिहा में दोनों पक्षों के नए चेहरे के बीच होगी.",यहां तय हुए मुकाबले भाजपा और कांग्रेस की पहली सूची के बाद बीना में दोनों पार्टियों की ओर से नए चेहरों के बीच मुकाबला होगा।,37.97,Medium,25,25,0
2307,mahesh rai of the bjp and nirmala sapre of the congress will face each other in bina.,bjp का राजा और महाद्वीप के naa में एक दूसरे का सामना करेंगे।,बीना में भाजपा के महेश राय एवं कांग्रेस की निर्मला सप्रे आमने सामने हैं।,16.56,Bad,13,14,1
2308,"at present in the prithvipur tikamgarh congress the mla, brijendra singh rathore, is running against the late former ministers wife, anita nayak","आज के पिग्मी म्युजियामा शहर में भूतपूर्व सेवकों की पत्नी, भूतपूर्व सेवकों के विरुद्ध चल रही है ।",टीकमगढ़ के पृथ्वीपुर में मौजूदा कांग्रेस विधायक बृजेंद्रसिंह राठौर का मुकाबला पूर्व मंत्री स्व. सुनील नायक की पत्नी अनीता नायक से होगा।,17.58,Bad,18,22,4
2309,"the current mla vikramsinghs grandson, raja of raj nagar, will be challenged by ramkrushna kusumariya of the bjp.","मौजूदा mapap के पोते, राव्गारा की राघा द्वारा चुनौती दी जाएगी।",राजनगर के वर्तमान विधायक विक्रमसिंह नाती राजा को भाजपा के रामकृष्ण कुसमारिया चुनौती देंगे।,16.92,Bad,11,14,3
2310,arunoday chaubey the mla of khurai and the mla bhupendra singh of the bjp will go face to face.,कुख़्या और मोघ्रा के पाप का सामना करने के लिए आगे बढ़ जाएगा।,खुरई से विधायक अरुणोदय चौबे व भाजपा सांसद भूपेंद्रसिंह आमने सामने हैं।,12.12,Bad,13,12,1
2311,"govind rajput, the mla from surakhi, is being challenged by the bjps youth leader, paril sahoo.","Tjuky से mukaput, sjky युवा नेता द्वारा चुनौती दी जा रही है।",सुरखी से विधायक गोविंद राजपूत का मुकाबला भाजपा की युवा नेत्री पारुल साहू कर रही हैं।,15.94,Bad,12,16,4
2312,he has been assigned to the assembly elections at the state level to election director and reception committees.,चुनाव के स्तर पर उसे सम्मेलन चुनावों के लिए नियुक्‍त किया गया है ।,उन्हें विधानसभा चुनाव में प्रदेश स्तर से लेकर चुनाव संचालन व स्वागत समितियों में रखा गया है।,23.47,Medium,14,17,3
2313,"the strong contestant of state vicepresident raipur north seat, sachchidanand upasane, has been appointed raipur rural seats election director.","भारत के उप - निवासियों के लिए एक बड़ी प्रतियोगिता थी, जो उत्तर सीट, कैंची और स्टूईन से मिलती - जुलती थी ।",प्रदेश उपाध्यक्ष रायपुर उत्तर सीट से तगड़े दावेदार सच्चिदानंद उपासने को रायपुर ग्रामीण सीट का चुनाव संचालक बनाया गया है।,15.2,Bad,23,20,3
2314,upasane has been asked to handle the state office and also tour the state if required.,अपेन को राज्य कार्यालय को संभालने के लिए कहा गया है और अगर जरूरी हो तो राज्य यात्रा भी.,उपासने को प्रदेश कार्यालय संभालने व जरूरत पड़ने पर प्रदेश में कहीं भी दौरा करने को कहा गया है।,30.33,Medium,19,19,0
2315,"as the state president ramsevak paikara and secretary shivratan sharma, along with many other officials, are contesting the elections, secretary rampratap is left to handle the organisation alone.","राष्ट्रपति के मेगनू और सचिव च्यून के रूप में, और कई अन्य अधिकारियों के साथ चुनावों की प्रतियोगिता कर रहे हैं, सचिव मेढ़ेज़ को अकेले संगठन से निपटने के लिए छोड़ दिया जाता है।",प्रदेश अध्यक्ष रामसेवक पैकरा और महामंत्री शिवरतन शर्मा समेत कई पदाधिकारियों के चुनाव लड़ने की वजह से संगठन महामंत्री रामप्रताप अकेले पड़ रहे हैं।,27.87,Medium,34,24,10
2316,"because of this, upasane has been handed a great responsibility.","इस के कारण, अपेन को एक बड़ी जिम्मेदारी दी गयी है.",इस वजह से उपासने को अहम जिम्मेदारी दी गई है।,38.85,Medium,11,10,1
2317,"the north seat contestant, rda president sunil soni, has been given the responsible position of the raipur south seat election director.","उत्तर सीट प्रतियोगिता, प्रडा राष्ट्रपति सनी को दक्षिण सीट चुनाव निर्देशक की जिम्मेदार स्थिति दी गयी है ।",उत्तर सीट से ही दावेदार रहे आरडीए अध्यक्ष सुनील सोनी को रायपुर दक्षिण सीट के चुनाव संचालन का जिम्मा दिया गया है।,30.02,Medium,18,22,4
2318,"another contender, regional municipal corporation chairman sanjay srivastava, has been given a seat on the reception committee.","एक और ओर से, स्थानीय प्रशासनिक निगम के अध्यक्ष सलिआवा को स्वागत कमेटी पर एक सीट दी गयी है ।",एक अन्य दावेदार नगरनिगम सभापति संजय श्रीवास्तव को प्रांतीय स्वागत समिति में रखा गया है।,20.12,Medium,20,15,5
2319,he will receive the partys star campaigner national leaders to help the coming and going.,उसे पार्टी मिलेगी स्टार अभियानर राष्ट्रीय नेताओं को आने और जाने में मदद करने के लिए.,"वे पार्टी के स्टार प्रचारक राष्ट्रीय नेताओं की अगवानी, आनेजाने में मदद करेंगे।",51.33,Good,16,13,3
2320,"on this committee there are some more contenders, along with soni.","इस समिति पर कुछ अधिक मुक़ाबले वाले हैं, जिनके साथ बेटाी हैं.",इस समिति में सोनी समेत टिकट के कुछ और दावेदार भी हैं।,24.05,Medium,12,12,0
2321,shyam basaarng seat and leelaraam bhojwani will conduct the election for the rajnandgaon seat.,यह जगह बहुत ही खूबसूरत और खूबसूरत है ।,श्याम बैसआरंग सीट और लीलाराम भोजवानी राजनांदगांव सीट के चुनाव का संचालन करेंगे।,4.2,Bad,9,13,4
2322,a colourful program was organized by the association.,एक रंगीन कार्यक्रम संगति द्वारा संगठित किया गया ।,इस दौरान एसोसिएशन ने रंगारंग कार्यक्रम का आयोजन किया।,29.58,Medium,9,9,0
2323,in the diwali program the singer hargun graced the function with his beautiful songs.,इस दौरान गायकों ने अपने सुंदर गीतों के साथ इस समारोह को स्वीकार किया ।,दीवाली कार्यक्रम में गायक हरगुण ने अपने गीतों से समारोह की खूबसूरती में चार चांद लगा दिए।,25.6,Medium,15,17,2
2324,"in the diwali program organised under the leadership of bar president advocate, pradeep saini jidge, bar association officials and lawyers were present.","बार्ट राष्ट्रपति के नेतृत्व के अधीन विराकॉइओली के नेतृत्व में कार्यक्रम आयोजित किया गया, बार-बार संघ के अधिकारी और वकील उपस्थित थे ।","बार अध्यक्ष एडवोकेट प्रदीप सैनी के नेतृत्व में आयोजित किए दीवाली के दौरान न्यायधीश, बार एसोसिएशन के पदाधिकारी व वकील उपस्थित थे।",39.68,Medium,23,22,1
2325,"the district and sessions judge, harminder singh madan, said that festivals of all religions in the country should be celebrated by everybody.",उस देश के सभी धर्मों के त्योहारों को हर किसी ने मनाया जाना चाहिए ।,इस दौरान जिला व सेशन जज हरमिंदर सिंह मदान ने कहा कि देश में सभी धर्म के त्योहारों को मिलकर मनाया जाना चाहिए।,40.16,Medium,15,23,8
2326,"the bar association president advocate, pradeep saini, said every year the bar association celebrates all the festivals without discrimination and with devotion and enthusiasm.",इस बार के अध्यक्ष ने कहा कि हर साल बार - बार ऐसा होता है कि लोग बिना पक्षपात और उत्साह के सभी पर्व मनाते हैं ।,बार अध्यक्ष एडवोकेट प्रदीप सैनी ने कहा कि बार एसोसिएशन द्वारा हर वर्ष सभी त्योहारों को बिना किसी भेदभाव श्रद्धा व उल्लास के साथ मनाया जाता है।,23.33,Medium,27,27,0
2327,hundreds of devotees attended this event.,इस घटना में सैकड़ों सेवक हाज़िर हुए ।,इस मौके पर सैकड़ों श्रद्धालु मौजूद थे।,21.52,Medium,8,7,1
2328,"on the occasion of mahavir jayanti, the god hanuman was worshipped on devika beach.",इस दौरान वेन के बीच के समुद्र - तट पर देवी - देवताओं की पूजा की जाती थी ।,देविका तट पर महावीर जयंती के उपलक्ष्य पर भगवान हनुमान की पूजा अर्चना की गई।,19.8,Bad,19,15,4
2329,at this event advocate surinder khajuria said that a yagna had been organized at eight oclock on friday morning with a ritual obeisance to lord mahavira.,इस घटना का समर्थन करने के लिए सागागाआ ने कहा कि एक बार फिर आठ बजे से सुबह आठ बजे एक रस्म के तौर पर प्रभु को दण्डवत्‌ करके संगठित किया गया था ।,इस अवसर पर एडवोकेट सुरेंद्र खजूरिया ने बताया कि शुक्रवार को सुबह आठ बजे के करीब भगवान महावीर की पूजा अर्चना के साथ हवनयज्ञ का आयोजन किया गया।,24.86,Medium,34,28,6
2330,veneration was started at nine oclock in the morning and ended at 12 oclock.,सुबह नौ बजे भक्‍ति शुरू हुई और 12 बजे समाप्त हो गया ।,हवन सुबह नौ बजे शुरू किया गया और बजे के करीब पूर्णाहुति दी गई।,27.88,Medium,13,14,1
2331,"he said that after the veneration a grand bhandara was organised with the help of the citizens, in which people of all religions in the city came to pray.","उसने कहा कि एक महान प्रोजेक्टर के बाद नागरिकों की मदद से, जहाँ शहर के सभी धर्मों के लोग प्रार्थना करने आए थे ।","उन्होंने बताया कि शहरवासियों के सहयोग से हवन यज्ञ के बाद एक विशाल भंडारे का आयोजन किया गया था, जिसमें शहर के हर धर्म के लोगों ने प्रसाद ग्रहण कर आर्शीवाद प्राप्त किया।",19.79,Bad,24,33,9
2332,obamas health care walk back,ओरामा स्वास्थ्य देखभाल वापस चल रही है,ओबामा का स्वास्थ्य सेवा प्रस्ताव वापस लिया गया,30.39,Medium,7,8,1
2333,"amid a firestorm of criticism, president obama yesterday walked back his oftrepeated, unambiguous promise that if you like your health plan, you can keep it.","उस वक्‍त के राष्ट्रपति कल अपने पूरे समय के सेवकों से वादा करते थे कि अगर आप अपनी सेहत की योजना चाहते हैं, तो आप उसे बरकरार रख सकते हैं ।","आलोचनाओं की बौछार के बीच, राष्ट्रपति ओबामा ने कल अपने अक्सर दोहराये जाने वाले भ्रामक वादे को वापस ले लिया कि यदि आप अपनी स्वास्थ्य योजना को पसंद करें तो उसे जारी रख सकते हैं।",29.21,Medium,31,35,4
2334,"with hundreds of thousands receiving cancellation notices from their providers, republicans have slammed the president in recent days for misleading the american public.","मगर फिर भी, कुछ देशों में ऐसे लोग हैं जो पहले से ही प्रचार काम में हिस्सा ले रहे हैं ।","लाखों लोगों द्वारा उनके प्रदाताओं से निरस्तीकरण सूचना प्राप्त करने के साथ ही, रिपब्लिकन्स ने हाल के दिनों में अमेरिकी नागरिकों को गुमराह करने के लिए राष्ट्रपति की आलोचना की है।",11.33,Bad,21,31,10
2335,"yesterday, obama tweaked his original pledge.","कल, ब्लूमा ने अपनी मूल शपथ को कमज़ोर कर दिया.",कल ओबामा ने अपने वास्तव संदेश में परिवर्तन किया।,19.78,Bad,10,9,1
2336,"for the vast majority of people who have health insurance that works, you can keep it, he said in a speech in boston.","उन अधिकांश लोगों के लिए जिनके पास स्वास्थ्य बीमा है, आप इसे रख सकते हैं, उसने बॉसटन में एक भाषण में कहा ।","उन्होंने बोस्टन में एक भाषण में कहा कि बहुत सारे लोग जिनके पास स्वास्थ्य बीमा है, तथा वह उपयोगी है, वे उसे जारी रख सकते हैं।",51.23,Good,23,26,3
2337,"addressing what he called the flurry in the news about the cancellations, obama urged americans receiving these notices to shop for new coverage in the marketplace.",उसने यह भी बताया कि उसने रद्दियों के बारे में क्या खबर दी ।,"निरस्तीकरण के बारे में जिसे वह खबरों का झोंका कहते हैं, को सम्बोधित करते हुए ओबामा ने इन सूचनाओं को प्राप्त करने वाले अमेरिकी नागरिकों से बाजार में नयी कवरेज खरीदने का अनुग्रह किया है।",10.81,Bad,14,35,21
2338,"most people are going to be able to get better, comprehensive health care plans for the same price or even cheaper than projected.",इस तरह के इलाज के बारे में बहुत - से लोगों को पता चल जाता है कि उन्हें किस चीज़ की ज़रूरत है ।,"अधिकांश लोग एक बेहतर सौदा पाने में सक्षम होंगे, उतने ही पैसे या प्रस्तावित से भी सस्ते में एक व्यापक स्वास्थ्य सेवा योजना।",11.36,Bad,24,23,1
2339,"youre going to get a better deal, he said.","आप एक बेहतर सौदा पाने के लिए जा रहे हैं, उसने कहा.",उन्होंने कहा आप एक बेहतर सौदा पायेंगे।,51.07,Good,12,7,5
2340,the administration has said it should come as no surprise that the 5 percent of the population who purchase insurance on their own may be forced to switch plans because their coverage doesnt meet the new standards required under the affordable care act.,प्रशासन ने कहा है कि यह कोई आश्‍चर्य की बात नहीं कि जिन लोगों ने अपनी ख़ुद की बीमा खरीद ली है उनमें से ५ प्रतिशत लोगों को योजना बदलने के लिए मजबूर किया जा सकता है क्योंकि उनका सौदा आर्थिक देख - भाल के तहत किए गए नए स्तरों को पूरा करता है ।,"प्रशासन ने कहा है कि इसमें कोई आश्चर्य नहीं होना चाहिए कि प्रतिशत जनसंख्या जो कि स्वयं अपने पैसे से बीमा खरीदती है, वे अपने प्लान बदलने के लिए बाध्य हो सकते हैं क्योकि उनका कवरेज, वहनीय देखभाल अधिनियम के अन्तर्गत वांछित मानकों के अनुरूप नहीं है।",34.31,Medium,55,47,8
2341,"let me say directly to these americans you deserve better, sebelius said in testimony before the house energy and commerce committee in washington.","मैं सीधे इन अमीषों से कहना चाहता हूँ कि आप बेहतर के लायक हैं, scalterus ने स्नानटन में ऊर्जा और व्यापार कमेटी के पूर्व गवाही में कहा.",वांशिगटन में गृह ऊर्जा एवं वाणिज्य समिति के समक्ष एक कथन में सेबेलियस ने कहा कि मैं इन अमेरिकी नागरिकों को सीधे बताती हूँ आप इससे बेहतर के हकदार हैं।,24.18,Medium,27,30,3
2342,"sebelius, who is overseeing implementation of the affordable care act, said the launch of the online marketplace has gone miserably since october.","ज़ेबेल्जियस, जो आर्थिक बाज़ार की देख - रेख कर रहा है, ने कहा कि ऑक्टॉर से ऑनलाइन बाजार की लांच बुरी तरह से चला गया है ।","सेबेलियस जो कि वहनीय देखभाल अधिनियम के क्रियान्वयन की जिम्मेदारी उठा रही हैं, ने कहा कि अक्टूबर से ऑनलाइन बाजार का लॉन्च दुर्भाग्यपूर्ण रहा है।",30.27,Medium,27,25,2
2343,"i am as frustrated and angry as anyone, she said.","मैं किसी के रूप में निराश और क्रोधित हूँ, उसने कहा.",उन्होंने कहा कि मैं भी अन्य लोगों की तरह ही निराश तथा क्रोधित हूँ।,30.96,Medium,11,14,3
2344,i am eager to earn your confidence back.,मैं अपने भरोसे को वापस पाने के लिए उत्सुक हूँ.,मैं फिर से आपका विश्वास प्राप्त करना चाहती हूँ।,13.96,Bad,10,9,1
2345,"an exasperated sebelius uttered that phrase, caught by a hot mic, to an aide seated behind her at yesterdays house hearing following a contentious exchange with rep. billy long, rmo., over whether she should be required to enroll in obamacare.",उसने कहा: “मुझे लगता है कि यह बात बहुत अच्छी लगती है । ”,"रिपब्लिकन के साथ तीखी नोकझोंक के पश्चात कल हाउस की सुनवाई में अपने पीछे बैठी एक साथी से सेबेलियस ने गुस्से में यह वाक्य कहा, जिसे एक माइक ने पकड़ लिया। बिली लॉन्ग, आरमो इसके बारे में कि क्या उन्हें ओबामाकेयर में नामांकित होने की आवश्यकता होगी।",5.93,Bad,14,47,33
2346,"more than three hours into the hearing, long repeatedly pressed sebelius on why the architect of the affordable care act has not voluntarily forgone governmentsponsored insurance to purchase a plan through healthcare.gov, which she is now pitching to millions of americans.","तीन से भी ज़्यादा घंटे तक, लंबे अरसे से इस बात पर ज़ोर दिया जाता था कि क्यों आर्थिक रूप से देखभाल के निर्माता ने स्वास्थ्य का ध्यान रखने के द्वारा एक योजना खरीदने के लिए स्वेच्छापूर्वक स्वतंत्र रूप से नहीं किया है।","तीन घंटे से अधिक लम्बी चली सुनवाई में लॉन्ग ने बारबार सेबेलियस से पूछा कि वहनीय देखभाल अधिनियम के वास्तुकार ने, हेल्थकेयर डॉट गॉव के माध्यम से एक प्लान खरीदने के लिए सरकार प्रायोजित बीमा का स्वैच्छिक रूप से त्याग क्यों नहीं किया है, जिसे अब वह लाखों अमेरिकयों को बेच रही हैं।",27.33,Medium,43,53,10
2347,it has been revealed that a ransom of two lakh rupees was demanded from the trader.,यह ज़ाहिर किया गया है कि व्यापार करनेवाले से दो चाँदी का छुड़ौती की माँग की गयी थी ।,व्यापारी से दो लाख रुपए की फिरौती मांगे जाने का मामला उजागर हुआ।,23.54,Medium,19,13,6
2348,if no money was paid he was threatened and told his daughter would be kidnapped.,"अगर उसे पैसे नहीं दिए जाते और उसकी बेटी से कहा जाता कि वह उसका अपहरण कर लेगा, तो उसकी बेटी का खून कर दिया जाएगा ।",रुपए नहीं देने पर पुत्री को उठाने की धमकी दी गई है।,16.39,Bad,27,12,15
2349,in a case registered in the hudkeshwar police station efforts to solve the crime are being taken by the cyber cell.,"इस मामले में भूतपूर्व पुलिस स्टेशन के एक मामले में, इस अपराध को हल करने की कोशिश की जा रही है ।",हुडकेश्वर थाने में दर्ज मामले को साइबर क्राइम सेल की मद्द से सुलझाने का प्रयास कियाो जा रहा है।,20.02,Medium,22,19,3
2350,"narendra bahad 21,a resident of ayodhya city, is the owner of an electronics shop.","इस शहर के 21 निवासी हैं, जो एक इलेक्ट्रॉनिक दुकान का मालिक है ।",अयोध्या नगर निवासी नरेंद्र बहाड़ की इलेक्ट्रानिक्स की दूकान है।,26.7,Medium,14,10,4
2351,between the 25th and the 29th he received calls from various numbers on his mobile.,25वीं और 29 के बीच उसे मोबाइल पर अलग - अलग नंबर मिलते थे ।, से तारीख के बीच उनके मोबाइल पर अलगअलग मोबाइल नंबरों से किसी ने फोन किए।,33.52,Medium,15,15,0
2352,the callers asked for two lakh rupees as ransom.,लोगों ने फिरौती के तौर पर दो चाँदी की गुज़ारिश की ।,फोनकर्ता ने फिरौती के रुप में दो लाख रुपए की मांग की।,28.7,Medium,12,12,0
2353,he was threatened that if the money was not paid narendra would be killed or his daughter would be kidnapped.,"उसे धमकी दी गयी थी कि यदि पैसे को नानान्रा का भुगतान नहीं किया जाता या उसकी बेटी का अपहरण किया जाता, तो उसकी बेटी का अपहरण किया जाता ।",नहीं देने पर नरेंद्र को जान से मारने अथवा उनकी पुत्री को उठाने की धमकी दी गई है।,20.79,Medium,30,18,12
2354,"narendra did not take the threats seriously at first, but when the threats started to increase and his 12th. std. daughter was threatened he became worried.",लेकिन जब खतरे बढ़ने लगे और उसके 12वें साल की बेटी को धमकी दी गयी कि वह चिंता में पड़ गयी ।,"नरेंद्र ने इस धमकी को पहले गंभीरता से नहीं लिया, परंतु जब धमकियों का सिलसिला बढऩे लगा और बात उनकी कक्षा वीं में अध्यनरत पुत्री पर आ गई तो वे परेशान हो उठे।",13.32,Bad,22,33,11
2355,the family members are frightened.,परिवार के सदस्य भयभीत हैं ।,परिवार के सदस्य खौफ में हैं।,59.04,Good,6,6,0
2356,a complaint was lodged on thursday.,एक शिकायत थी कि दिन में एक - के - बाद - एक शिकायत की जा रही थी ।,गुरुवार को इसकी शिकायत की गई।,25.03,Medium,19,6,13
2357,no clue to the identity of the criminals has yet been found.,अपराधियों की पहचान के लिए कोई सुराग नहीं मिला है.,अभी तक आरोपियों का सुराग नहीं मिला है।,52.58,Good,10,8,2
2358,given the severity of the case support from the cyber crime cell is being sought.,भूतपूर्व अपराध कक्ष के मामले में सहयोग देने की सख़्ती की खोज की जा रही है ।,मामले की गंभीरता को देखते हुए साइबर क्राइम सेल की मदद ली जा रही है।,27.4,Medium,17,15,2
2359,"in addition, mla bandal has ordered the officials from the villages of bhagiwander, bandar patti, lalena, jjal fulokhari gatwali and malkana to meet the people personally and to solve their problems face to face.","इसके अतिरिक्‍त, मैलाल ने अधिकारियों को बाँयर, कंद्रा, फ़ांगा, जंद्रा और चिंशाना के गाँवों से आदेश दिया है कि वे लोगों से व्यक्‍तिगत रूप से मिलने और अपनी समस्याओं का सामना करने के लिए और अपनी समस्याओं को हल करने के लिए।","इसके अलावा सांसद बादल ने गांव भागीवांदर, बांदर पत्ती, लालेआणा, जजल, फुल्लोखारी, गाटवाली व मलकाना में संगत दर्शन समागम कर लोगों की मुश्किलें सुनकर उनके हल के लिए मौके पर ही अधिकारियों को निर्देश दिए।",26.57,Medium,42,35,7
2360,the mp has also released grants for rural development.,ऐम्प ने ग्रामीण विकास को भी जारी रखा है ।,सांसद ने गांवों के विकास के लिए ग्रांट भी जारी की।,27.5,Medium,10,11,1
2361,he ordered the panchayat that the grant released for rural development had to be used properly in order to benefit the village residents. he took stock of the ongoing paddy procurement arrangements in bhagiwander village.,उसने यह हुक्म दिया कि गाँव के लोगों को फायदा पहुँचाने के लिए यहाँ से जाने के लिए उन्हें यहाँ से रिहा किया जाना था ।,"उन्होंने पंचायत को आदेश दिया कि गांवों के विकास के लिए जारी की गई ग्रांट का सही इस्तेमाल किया जाए, ताकि गांव निवासियों को सुविधाएं मिल सके।उन्होंने गांव भागीवांदर में चल रहे धान के खरीद प्रबंधों का जायजा लिया।",16.91,Bad,26,39,13
2362,"he awarded the 15 girls who had received training in sewing with a sewing machine, plants and certificates.","उसने उन 15 लड़कियों को इनाम दिया, जिन्हें एक चीनी मशीन, पौधों और प्रमाणपत्रों में ट्रेनिंग दी गयी थी ।","उन्होंने सिलाई की ट्रेनिंग प्राप्त कर चुकी लड़कियों को एक एक सिलाई मशीन, पौधे व सर्टिफिकेट दिए।",32.6,Medium,20,17,3
2363,"at this time the village of bhagiwander has 400 congressmen and ppps, laleanna has 35 congressmen and ppps and the village of jjal has 71 families following akali dal, excluding congress and ppp members.","इस समय बाँग्लादेश में 400 प्रतिनिधि हैं और उनके पेज हैं, लाइला के 35 प्रतिनिधि हैं और उसके पेज 38 पर और Jjullel के गाँव के लोग एक डेएल डीएल के पीछे चल रहे हैं, और sclllllal और pplus के सदस्य हैं।","इस दौरान गांव भागीवांदर में कांग्रेसी और पीपीपी, लालेआणा में कांग्रेस और पीपीपी और गांव जल में परिवार कांग्रेस व पीपीपी को छोड़कर शिरोमणि अकाली दल में शामिल हुए।",12.04,Bad,42,29,13
2364,"badal said that the farmers in punjab are being insulted in the markets due to the standards set by the centre for procurement, while the centre has always discriminated against the farmers of the punjab.",बुरे लोगों के बारे में कहा जाता है कि आम तौर पर बाज़ार के किसानों की बेइज़्ज़ती की जा रही है ।,"बादल ने कहा कि केंद्र द्वारा धान की खरीद को लेकर निर्धारित किए मापदंडों के कारण पंजाब के किसानों का मंडियों में अपमान हो रहा है, जबकि केंद्र द्वारा हमेशा पंजाब के किसान के साथ पक्षपात किया जाता आ रहा है।",15.52,Bad,22,41,19
2365,"also present with him were dc k.k. yadav, ssp ravcharan singh barad, adc d. sonali giri, adc rajiv parashar, sdm shruti sharma, talavadi sabo area incharge balveer singh, sarpanch kulwant singh virk along with administrative officers of various departments and akali leaders.","और उसके साथ dcac.k, scacacacon पाप, Adcactactadca, weligiva, adviva, wedvuguga, wedvugugo, sogogoka, agogogoka, logobagobagogogo, s, weagogogogogoks, s और विभिन्न अफसरों के साथ s के साथ s.","उनके साथ डीसी केके यादव, एसएसपी रवचरन सिंह बराड़, एडीसी डी सोनाली गिरी, एडीसी राजीव पराशर, एसडीएम श्रुति शर्मा, तलवंडी साबो के क्षेत्र इंचार्ज बलवीर सिंह, सरपंच कुलवंत सिंह विर्क के अलावा विभिन्न विभागों के प्रशासनिक अफसर व अकाली नेता उपस्थित थे।",7.33,Bad,26,42,16
2366,due to which the number of cases of violations of the code of conduct are declining.,जिस कारण आचरण के कोड के उल्लंघन के मामलों की संख्या कम हो रही है ।,जिस वजह से आचार संहिता उल्लंघन के मामलों में अब कमी आने लगी है।,37.52,Medium,16,14,2
2367,"after the implementation of the election code of conduct between october 4th to october 21st, 313 cases were lodged against various political parties.","ऑक्टॉ 4 वीं से ऑक्टॉयर 21वीं तक आचरण के चुनाव कोड के कार्यान्वयन के बाद, 313 मामले अलग - अलग राजनैतिक पार्टियों के खिलाफ लगाए गए ।",चार अक्टूबर को चुनाव आचार संहिता लागू होने के बाद से अक्टूबर तक विभिन्न राजनीतिक पार्टियों के खिलाफ मामले दर्ज किए गए थे।,35.55,Medium,27,23,4
2368,while only 31 cases were registered between october 22nd and october 27th.,जबकि अक्‍तूबर २२ और ऑक्टॉ २७ के बीच केवल ३१ मामलों को पंजीकृत किया गया था ।,वहीं से अक्टूबर तक मात्र मामले दर्ज हुए हैं।,16.65,Bad,17,9,8
2369,with the implementation of the election code of conduct cases of its violation were also being reported.,इसके उल्लंघन के चुनाव के चुनाव के मामले में भी रिपोर्ट की जा रही थी ।,चुनाव आचार संहिता लागू होने के साथ इसके उल्लंघन के मामले भी आने लगे थे।,37.23,Medium,16,15,1
2370,"initially there were many complaints, but gradually they are becoming fewer.","शुरू - शुरू में कई शिकायतें थीं, मगर धीरे - धीरे वे कम हो रहे थे ।","शुरुआती दिनों में ज्यादा शिकायतें आ रही थी, लेकिन आहिस्ताआहिस्ता इसमें कमी आने लगी है।",18.07,Bad,17,15,2
2371,"it is being said that, as noone had full information about the code of conduct, the number of complaints registered against the political parties was rising.","कहा जा रहा है कि, जैसे किसी ने आचरण के कोड के बारे में पूरी जानकारी नहीं दी थी, राजनैतिक पार्टियों के विरुद्ध रजिस्टरियों की संख्या बढ़ती जा रही थी ।",बताया जा रहा है कि शुरुआती दिनों में आचार संहिता के बारे में पूरी जानकारी नहीं होने की वजह से राजनीतिक पार्टियों के खिलाफ ज्यादा शिकायतें आ रही थीं।,45.23,Medium,31,29,2
2372,as the election commission made the political parties aware of them and asked them to learn a lesson from the registered complaints the complaints have reduced.,चुनाव के दौरान राजनैतिक पार्टियों ने उन्हें पहचान लिया और उन्हें पंजीकृत शिकायतों से एक सबक सीखने को कहा ।,चुनाव आयोग की ओर से राजनीतिक पार्टियों को जागरूक करने तथा दर्ज मामले से सबक लेने की वजह से अब कम शिकायतें आ रही हैं।,28.44,Medium,20,25,5
2373,"many parties were campaigning in an old fashioned manner because of a lack of information, but when action was taken against them they stopped doing that.","लेकिन जब उनके खिलाफ कार्यवाही की गयी, तो उन्होंने ऐसा करना बंद कर दिया ।","कई पार्टियों जानकारी के अभाव में पहले की तरह चुनाव प्रचार कर रही थीं, लेकिन जब उनके खिलाफ कार्रवाई हुई तो उन्होंने उस पर रोक लगा दी।",31.77,Medium,15,27,12
2374,the political parties are learning about the election code of conduct and are also complying with it.,राजनैतिक पार्टी आचरण के चुनाव के बारे में सीख रहे हैं और इसके साथ - साथ उनका पालन भी कर रहे हैं ।,राजनीतिक पार्टियां चुनाव आचार संहिता के बारे में जानकारी हासिल करने के साथ इसका पालन कर रही हैं।,38.67,Medium,23,18,5
2375,due to this the number of cases of code violation have declined.,इस कारण कोड उल्लंघन के मामलों की संख्या कम हुई है.,इससे इसके उल्लंघन के मामलों में भी कमी आ रही है।,42.12,Medium,11,11,0
2376,"a proposal concerning this matter has been sent to the government on behalf of ada, which is soon going to be approved.","इस मामले के बारे में एक प्रस्ताव को आडा के पक्ष में सरकार को भेजा गया है, जो जल्द ही स्वीकार किया जा रहा है ।","इस संबंध में एडीए की तरफ से शासन को प्रस्ताव भेजा जा चुका है, जिस पर जल्दी ही मुहर लगने जा रही है।",27.67,Medium,26,23,3
2377,"this historical city, surrounded on three sides by gangajamuna has no land left where ada can plan a big residential project.",इस ऐतिहासिक शहर के तीन पक्षों में गिरोहामाना के चारों ओर एक देश नहीं बचा है जहाँ आडा एक बड़े आवास परियोजना की योजना बना सकती है ।,"तीन तरफ से गंगायमुना से घिरे इस ऐतिहासिक शहर में अब ऐसा भूखंड नहीं बचा रह गया, जिस पर एडीए कोई बड़ा आवासीय प्लान कर सके।",30.86,Medium,28,26,2
2378,"so now they have decided to plan residential projects beyond jhunsi in the east, fafamau in the north, and beyond naini in the south.","इसलिए अब उन्होंने पूर्व, उत्तर में फूरामा और दक्षिण की नीनी के अलावा राज - घर परियोजनाओं की योजना बनाने का फैसला किया है ।","ऐसे में उसे अब पूरब की तरफ झूंसी से आगे, उत्तर दिशा में फाफामऊ और दक्षिण दिशा में नैनी से आगे की तरफ आवासीय प्लान करने का मंसूबा बना लिया है।",25.48,Medium,25,31,6
2379,"to make the plan inclusive a meeting was held under the chairmanship of the district collector, rajshekhar.","इस योजना को निर्धारित करने के लिए ज़िला लेन - देन के अध्यक्ष, राजेर के अध्यक्ष के अधीन एक सभा आयोजित की गयी ।",इस प्लान को व्यापक स्वरूप देने के लिए जिलाधिकारी राजशेखर की अध्यक्षता में एक बैठक हुई।,27.01,Medium,24,16,8
2380,"ada has plans to include the villages of phulpur, soranva, and kurchhuna, with a population of two hundred citizens.",आडा ने एक ऐसी जगह जाकर बसने की योजना बना रखी है जहाँ दो सौ नागरिकों की आबादी रहती है ।,"एडीए ने फूलपुर, सोरांव और करछना के दो सौ राजस्व गांवों को शामिल करने का विचार बनाया है।",16.25,Bad,21,18,3
2381,after being included in the ada boundary the chaka and bahadur blocks will be completed.,इसके बाद कोडा सीमा के अंदर शामिल कर दिया जाएगा।,एडीए की सीमा में आने के बाद चाका एवं बहादुर ब्लाक समाप्त हो जाएगा।,21.47,Medium,10,14,4
2382,half of the kaudihar block will be brought within the ada boundary.,आधा खंड का आधा आडा किनारा के भीतर लाया जाएगा.,वहीं कौड़िहार ब्लाक का आधा क्षेत्र भी एडीए में विलीन हो जाएगा।,18.05,Bad,10,12,2
2383,"according to amarnath upadhyaya, secretary of ada, a proposal concerning this matter has been sent to the government.",इस मामले के बारे में एक प्रस्ताव सरकार को भेजा गया है ।,एडीए के सचिव अमरनाथ उपाध्याय के मुताबिक इस बाबत शासन को प्रस्ताव भेजा जा चुका है।,22.15,Medium,13,16,3
2384,"ada wants to bring the boundaries of these grampanchayants under its authorisation for planning, and will begin work on it soon.","आडा यह चाहता है कि इन ग्रामों की सीमाओं को पहले से ही योजना के लिए तैयार कर दें, और जल्द ही उस पर काम शुरू हो जाएगा ।","इन ग्राम पंचायतों की सीमा को नियोजन के लिए एडीए अपने अधिकार क्षेत्र में लेना चाहता है, जिस पर जल्दी ही काम शुरू हो जाएगा।",42.86,Medium,29,25,4
2385,"if that happens, the price of buildings will decline in the city.","अगर ऐसा होता है, तो शहर में इमारतों की कीमत घट जाएगी ।",अगर ऐसा हुआ तो शहर में भवनों के चढ़ते दाम में कमी आएगी।,33.2,Medium,13,13,0
2386,the availability of housing for the general public will be increased.,आम जनता के लिए आवास की बहुतायत बढ़ जाएगी ।,वहीं आम लोगों को आवास की उपलब्धता भी आसानी से होगी।,17.39,Bad,10,11,1
2387,soon residential palaces on the lines of lucknow and noida will begin to be built in these new areas.,जल्द ही भाग्य की रेखाओं पर आवासीय भवन और नोडा इन नए क्षेत्रों में निर्माण शुरू हो जाएँगे ।,जल्द ही लखनऊ और नोएडा की तर्ज पर इस नए क्षेत्र में आवासीय महल खड़े होने लगेंगे।,33.64,Medium,19,17,2
2388,"in the government medical college and hospital gmch, sector 32 ent department head, prof. arjun das of the national academy of medical sciences new delhi, has been selected for the fellowship.","सरकारी चिकित्सा कॉलेज और अस्पताल के ग्रीच में, क्षेत्रीय विभाग के प्रमुख, प्रोफफ. चिकित्सा विज्ञान के राष्ट्रीय विज्ञान की एक विशेषता, नई डेली को संगति के लिए चुना गया है.",गवर्नमेंट मेडिकल कालेज एवं अस्पताल जीएमसीएच सेक्टर के ईएनटी विभाग के प्रमुख प्रो. अर्जुन दास को नेशनल एकेडमी ऑफ मेडिकल साइंसिस नई दिल्ली की फेलोशिप के लिए चुना गया है।,31.32,Medium,30,30,0
2389,"he has received this fellowship for his remarkable work in the field of ear, nose, throat medicine.","उसे कान, नाक, गले की दवा में अपने अनोखे काम के लिए यह संगति मिली है ।","उन्हें कान, नाक, गले के क्षेत्र में उल्लेखनीय काम के लिए यह फेलोशिप मिली है।",42.59,Medium,17,15,2
2390,"according to the director of the institute, principal prof. atul sachdeva, he is the second faculty member of the institute to have received the fellowship.","इस संगठन के निर्देशक, डॉ.",संस्थान के डायरेक्टर प्रिंसिपल प्रो. अतुल सचदेवा के मुताबिक वे संस्थान की दूसरी फैकल्टी हैं जिन्हें यह फेलोशिप मिली है।,4.17,Bad,5,20,15
2391,the human population has exceeded 7 billion.,इंसान की आबादी 7 अरब से ज़्यादा है ।,इंसानों की आबादी अरब का आंकड़ा पार कर चुकी है।,28.13,Medium,9,10,1
2392,"if the population continues to increase this way, the time will soon come when mustering a morsel for every hungry mouth would be very difficult.","यदि जनसंख्या अब भी इस तरह बढ़ रही है, तो जल्द ही वह समय आएगा जब हर भूखे मुँह के लिए एक टुकड़ा इकट्ठा करना बहुत मुश्‍किल होगा ।","अगर जनसंख्या का बढ़ना इसी तरह जारी रहा तो जल्द ही वह समय आएगा, जब हर भूखे मुंह के लिए निवाला जुटा पाना मुश्किल होगा।",48.35,Medium,29,25,4
2393,"according to experts, in the near future people will have no other option but to eat worms and insects.","विशेषज्ञों के अनुसार, निकट भविष्य में लोगों के पास कीड़े और कीड़े खाने के अलावा और कोई चारा नहीं होगा ।",विशेषज्ञों के मुताबिक निकट भविष्य में इंसानों के पास कीड़ेमकौड़े खाने के अलावा कोई विकल्प नहीं रह जाएगा।,55.46,Good,21,18,3
2394,"according to reports, this year a group of students from mcgill university in montreal received the hult prize for an innovative project.","रिपोर्ट के मुताबिक, इस साल के विद्यार्थियों के एक समूह को नए - नए प्रोजेक्ट के लिए नए - नए इनाम मिल गए ।",खबरों के अनुसार मॉन्ट्रियल स्थित मैकगिल यूनिवर्सिटी के छात्रों के एक समूह ने इस साल अनोखे प्रोजेक्ट के लिए हल्ट पुरस्कार जीता था।,30.27,Medium,24,23,1
2395,they were given the award for making protein flour from worms and insects.,उन्हें कीड़ों और कीड़ों से प्रोटीन बनाने का पुरस्कार दिया गया ।,उन्हें कीड़ेमकौड़ों से प्रोटीन युक्त आटा तैयार करने के लिए यह पुरस्कार दिया गया है।,51.22,Good,12,15,3
2396,a 1 million grant was awarded to them to make it possible for them to pursue their research and experiments.,उनके लिए खोज और प्रयोग का पीछा करना संभव बनाने के लिए एक १ लाख लोगों को दिया गया ।,"बतौर पुरस्कार राशि उन्हें मिलियन डॉलर की सहायता राशि दी गई है, ताकि वे अपने रिसर्च और प्रयोगों को आगे बढ़ा सकें।",18.79,Bad,20,22,2
2397,"in an interview with abc news on september 30th, the group chief student researcher, mohammed ashor, said that his team will experiment with grasshoppers for food.","30वीं सदी में एक इंटरव्यू के दौरान, समूह के बड़े विद्यार्थी खोजकर्ता, कोर नाम की एक लड़की ने कहा कि उसकी टीम भोजन के लिए टिड्डियों का इस्तेमाल करेगी ।", सितंबर को एबीसी न्यूज को दिए गए इंटरव्यू में इस ग्रुप के मुख्य स्टूडेंट रिसर्चर मोहम्मद एशोर ने बताया कि अब उनकी टीम खाद्य पदार्थ के लिए टिड्डे पर एक्सपेरीमेंट करेंगे।,25.26,Medium,30,31,1
2398,this report has an detailed description of edible worms and insects.,इस रिपोर्ट में कीड़े और कीड़े - मकौड़ों का एक विस्तृत विवरण है ।,इस रिपोर्ट में खाने योग्य कीड़ेमकौड़ों के बारे में विस्तृत विवरण है।,56.83,Good,14,12,2
2399,"finally, due to the lok sabha elections the gujarat chief minister, narendra modi, expanded his cabinet on friday to include 6 new ministers.","आख़िरकार, यूकहाहा चुनाव के कारण, नन्राडोडो के मुख्य मंत्री, ने फूरी दिन में अपने पादरी को विस्तार दिया जिसमें ६ नए सेवक शामिल थे ।",लोकसभा चुनाव के चलते आखिरकार गुजरात के मुख्यमंत्री नरेंद्र मोदी ने अपने मंत्रीमंडल का शुक्रवार को विस्तार करते हुए नए मंत्रियों को शामिल कर लिया।,32.92,Medium,25,25,0
2400,the swearing in ceremony of these leaders was held at mahatma mandir in gandhinagar today.,इन नेताओं की रस्मों में आज गॉँगिया के आम आदमी को गाली - गलौज की जाती है ।,इन नेताओं की शपथ विधि का कार्यक्रम आज गांधीनगर स्थित महात्मा मंदिर में आयोजित हुआ।,24.11,Medium,18,15,3
2401,"governor kamal beniwal swore in the newly appointed jashwant singh bhambhor, dilip rathore, chhatrasingh mori, jayey raddiya, vasanbhai ahir, and jayedrathsingh parmar.","उस वक्‍त से लेकर आज तक, सा. यु. पू.","राज्यपाल कमल बेनीवाल ने नवनियुक्त जशवंत सिंह भांभोर, दिलीप राठोड, छत्रसिंह मोरी, जयेय रादडिया, वासणभाई अहिर और जयद्रथसिंह परमार को शपथ दिलाई।",3.79,Bad,9,22,13
2402,"during the swearing in ceremony as well as chief minister modi, bjp senior leaders amit shah, purushottam rupala and a large number of activists were also present.","रस्मों के दौरान और मुख्य मंत्री तोमोश, बिस्कुका के बड़े नेता, उप - प्रधान मंत्री और बहुत से कार्यकर्ता भी उपस्थित थे ।","शपथ विधि के दौरान मुख्मयंत्री मोदी के अलावा बीजेपी के वरिष्ठ नेता अमित शाह, परषोत्तम रूपाला सहित बड़ी संख्या में कार्यकर्ता भी उपस्थित थे।",35.0,Medium,23,24,1
2403,in this meeting two statelevel cabinet ministers were promoted to include them in the cabinet and a change in the responsibilities of some ministers is expected.,इस सभा में दो सरकारी मंत्रीों को शामिल करने और कुछ सेवकों की ज़िम्मेदारियों में परिवर्तन करने के लिए बढ़ावा दिया गया ।,इस बैठक में दो राज्य स्तरीय मंत्रियों को अपग्रेड कर कैबिनेट में शामिल करने और कुछ मंत्रियों की जिम्मेदारियों में बदलाव की भी संभावना है।,38.89,Medium,23,25,2
2404,"currently in judicial custody at the central jail on charges of sexual abuse of a minor, the student asaram will spend his diwali in jail this time.","हाल ही में मध्य जेल में एक छोटी सी के लैंगिक दुर्व्यवहार के आरोपों पर न्यायिक जेल में, विद्यार्थी आराम इस बार जेल में अपनी drody खर्च करेगा.",नाबालिग छात्रा के यौन उत्पीड़न के आरोप में यहां सेंट्रल जेल में न्यायिक हिरासत के तहत बंद आसाराम की इस बार की दिवाली जेल में मनेगी।,27.61,Medium,28,26,2
2405,"apart from jodhpur, asaram is also a suspect in the case of the rape of a girl in surat.","एक और बात पर गौर कीजिए, जिसका ज़िक्र पहले भी किया गया है ।",जोधपुर के अलावा आसाराम सूरत की एक लड़की से दुष्कर्म के मामले में भी आरोपी हैं।,9.85,Bad,14,16,2
2406,"meanwhile, his son narayan sai is on the run from the police.",इसका मतलब है कि उसका बेटा Ninagi पुलिस से भाग पर है।,"वहीं, उनके बेटे नारायण साईं पुलिस से भागते फिर रहे हैं।",25.82,Medium,12,11,1
2407,and so now an arrest warrant has been issued for him by the gujarat police.,और इसलिए अब एक पुलिस द्वारा उसके लिए गिरफ़्तारी का प्रस्ताव जारी किया गया है.,और इसीलिए अब उनके खिलाफ गुजरात पुलिस द्वारा गिरफ्तारी वारंट भी जारी कर दिया गया है।,40.8,Medium,15,16,1
2408,from ahmedabad a report is also coming in that asarams trustees are also slowly breaking away from asaram.,एक रिपोर्ट भी इस में आ रही है कि अमाराम से धीरे - धीरे कट रहे कर्ता भी धीरे - धीरे ग़ायब हो रहे हैं ।,अहमदाबाद से यह भी खबर आ रही है कि आसाराम के ट्रस्टियों ने भी अब धीरेधीरे कर आसाराम से किनारा करना शुरू कर दिया है।,24.61,Medium,26,25,1
2409,further action is now also being taken on asarams ashrams that have been built illegally or on public land.,"इसके अलावा, अब ऐसे पत्थरों को भी इस्तेमाल किया जा रहा है जो गैर - कानूनी या सार्वजनिक देश के रूप में बनाए गए हैं ।","इसके अलावा अब आसाराम के उन आश्रमों पर भी कार्रवाई हो रही है, जो अवैध रूप से या फिर सरकारी जमीन पर निर्माणित हैं।",23.28,Medium,26,24,2
2410,we have already informed you that asaram is the owner of more than 400 ashrams.,हम पहले से ही आपको बताया है कि कराम 400 से अधिक सामुम का मालिक है।,यह तो हम आपको पहले ही बता चुके हैं कि आसाराम से भी अधिक आश्रमों के मालिक हैं।,27.99,Medium,16,18,2
2411,"amongst these is one ashram in new jersey, usa.","इन में से एक है नए slay, sy में एक गधा है।",इनमें एक आश्रम तो अमेरिका के न्यूजर्सी में भी है।,18.43,Bad,12,10,2
2412,asaram and his son are accused of various crimes.,अश्‍शूर और उसके बेटे पर तरह - तरह के अपराधों का इलज़ाम लगाया जाता है ।,आसाराम और उनके बेटे पर तरहतरह के आरोप लग रहे हैं।,36.95,Medium,16,11,5
2413,"in spite of this, the blind faith of some of their devotees continues.","इसके बावजूद, उनके कुछ उपासकों का अंधविश्‍वास अब भी जारी है ।",इस पर भी उनके कई भक्तों की अंधश्रद्धा खत्म ही नहीं हो रही।,15.99,Bad,12,13,1
2414,"asaram has a following not only in india, but also equally in america.","जर्मराम न सिर्फ इन दोनों में है, बल्कि इसी तरह एमरिका में भी है।","आसाराम का भारत में ही नहीं, बल्कि अमेरिका में ही उतना भी प्रभुत्व है।",26.36,Medium,14,14,0
2415,"here in india, asaram is in jail and his devotees are slowly breaking away from him, but this is not at all the case in america.","यहाँ अडिया में, चूंकिराम जेल में है और उसके सेवक उससे धीरे - धीरे दूर हो रहे हैं, लेकिन यह एमरिका के मामले में कुछ भी नहीं है.","यहां भारत में आसाराम भले ही जेल में हों और उनसे भक्त दूर होते जा रहे हों, लेकिन अमेरिका में ऐसा बिल्कुल नहीं।",29.47,Medium,28,23,5
2416,in the new jersey ashram even now the devotees continue to come as before and pray to asaram.,आज के ज़माने में भी दास पहले से ही आ रहे हैं और जराम से प्रार्थना कर रहे हैं ।,न्यूजर्सी स्थित आश्रम में तो अब भी भक्त पहले की ही तरह आश्रम आकर आसाराम के दर्शन कर रहे हैं।,22.93,Medium,20,20,0
2417,john kerry says us spying has reached too far inappropriately in unprecedented admission,पागल कहता है कि हमें जासूसों के बारे में बहुत ही अनुचित रूप से स्वीकार किया गया है,अनपेक्षित स्वीकारोक्ति में जॉन केरी ने कहा कि यू.एस. जासूसी अनुपयुक्त रूप से बहुत आगे चली गई है,27.85,Medium,18,18,0
2418,john kerry has indicated a softening of the u.ss defensive stance on its surveillance programmes with an unprecedented admission that on occasions its spying has reached too far inappropriately.,जोर कोरी ने यह सूचित किया है कि यू. यू. एस.,जॉन केरी ने अनपेक्षित रूप यह स्वीकार करने के द्वारा अपने निगरानी कार्यक्रम पर यू.एस. का सुरक्षात्मक रवैया नरम पड़ने का संकेत दिया है कि कभीकभी इसकी जासूसी अनुपयुक्त रूप से बहुत आगे चल जाती है।,9.81,Bad,11,36,25
2419,"the secretary of state also admitted that hed been guilty, along with barack obama, of being on automatic pilot as incendiary revelations from whistleblower edward snowden about the nsas spying activities emerged.","राज्य के सचिव ने यह भी स्वीकार किया कि वह दोषी था, और बार्बूमा के साथ - साथ, सीटी ब्लैण्डित हिमन की ओर से संकेतों के रूप में काम कर रहे थे ।",राज्य मंत्री ने यह भी स्वीकार किया है कि एन.एस.ए. के जासूसी क्रियाकलापों के सामने आने के बारे में मुखबिर एडवर्ड स्नोडेन की ओर विद्रोहात्मक प्रकटीकरण के रूप में स्वचालित पायलट पर होने के मामले में बराक ओबामा के साथ वे भी दोषी हैं।,26.55,Medium,33,44,11
2420,the leaks have put the us government at the centre of a diplomatic storm with its allies.,छेद ने हमारी सरकार को अपने दोस्तों के साथ एक भयंकर तूफान के केंद्र में रखा है.,इस रहस्योद्धाटन ने यू.एस. सरकार को इसके सहयोगी देशों के साथ सम्बन्ध में कूटनीतिक भूचाल ला दिया है।,21.92,Medium,17,18,1
2421,"speaking to an open government conference in london via video link, mr kerry said there is no question that the president and i and others in government have actually learned of some things that had been happening on an automatic pilot because the ability has been there, going back to world war two and to the very difficult years of the cold war, and then, of course, 911.","वीडियो लिंक के माध्यम से एक खुले सरकारी सम्मेलन में बात करने के लिए, mer Kerwry ने कहा कि वहाँ कोई संदेह नहीं है कि राष्ट्रपति और मैं में अन्यों ने वास्तव में कुछ बातें सीखी हैं जो एक स्वचालित पायलट पर हो रही हैं क्योंकि विश्व युद्ध दो साल के लिए वापस जा रही है, और फिर युद्ध के कठिन वर्षों में, और फिर 911 के बीच।","लंदन में मुक्त सरकार सम्मेलन में वीडियो लिंक के माध्यम से बोलते हुए श्री केरी ने कहाः इसमें कोई प्रश्न नहीं है कि राष्ट्रपति, मुझे, तथा सरकार में अन्य लोगों को ऑटोमैटिक पायलट के साथ होने वाली कुछ बातों के बारे में वास्तव में पता था, क्योंकि वापस देखें तो द्वितीय विश्व युद्ध, तथा शीत युद्ध के कठिनाईपूर्ण वर्षों, तथा फिर, निश्चित रूप से में इसकी क्षमता थी।",39.74,Medium,68,68,0
2422,"he then became the first highranking member of the u.s government to admit that us spying had crossed the line, but emphasised that no ones rights had been abused.","सरकार यह स्वीकार करने के लिए राज़ी हो गयी कि हम जासूसों ने रेखा पार की थी, लेकिन इस बात पर ज़ोर दिया कि किसी भी व्यक्‍ति के अधिकारों का दुरुपयोग नहीं किया गया था ।","वे यू.एस. सरकार के पहले उच्च श्रेणी के सदस्य बन गए हैं, जिन्होंने यह बात स्वीकार की है कि यू.एस. जासूसी ने अपनी सीमा लांघी है, लेकिन इस बात पर जोर दिया है कि किसी के अधिकारों का दुरुपयोग नहीं किया गया।",44.5,Medium,36,42,6
2423,"he said in some cases, it has reached too far inappropriately.","उसने कुछ मामलों में कहा, यह बहुत अनुचित रूप से पहुँच चुका है ।","उन्होंने कहा किः कुछ मामलों में, यह अनुपयुक्त रूप से बहुत आगे चली गई है।",38.14,Medium,14,15,1
2424,and the president is determined to try to clarify and make clear for people and is now doing a thorough review in order that nobody will have the sense of abuse.,और अध्यक्ष लोगों को स्पष्ट करने और उन्हें साफ करने की कोशिश करने के लिए दृढ़ है और अब एक पूरी तरह से समीक्षा कर रहा है ताकि किसी को दुर्व्यवहार का एहसास न हो ।,तथा राष्ट्रपति लोगों के लिए यह स्पष्ट करने का प्रयास करने के लिए दृढ़ संकल्पित हैं तथा अभी गहन समीक्षा कर रहे हैं ताकि किसी भी व्यक्ति में दुरुपयोग का भाव न आए।,37.85,Medium,36,33,3
2425,i assure you innocent people are not being abused in this process.,मुझे यकीन है कि इस प्रक्रिया में निर्दोष लोगों का दुरुपयोग नहीं किया जा रहा है.,मैं आपको भरोसा दिलाता हूँ कि इस प्रक्रिया में बेगुनाह लोगों के साथ कुछ गलत नहीं हो रहा।,34.79,Medium,16,18,2
2426,"mr kerry insisted, however, that the nsa was a force for good and that its surveillance operations had saved many lives.","लेकिन, मैररी ने ज़ोर देकर कहा कि एना भलाई के लिए एक शक्‍ति थी और उसकी निगरानी के ऑपरेशनों ने अनेक लोगों को बचाया था ।","श्री केरी ने इस बात पर जोर दिया कि तथापि, एन.एस.ए. अच्छे उद्देश्य के लिए प्रयासरत थी, तथा इसके निगरानी कार्य ने बहुत से लोगों का जीवन बचाया है।",23.64,Medium,26,29,3
2427,he added were dealing in a new world where people are willing to blow themselves up.,उसने एक नए संसार में आगे बढ़ाया जहाँ लोग अपने आपको उड़ाने के लिए तैयार हैं ।,"आगे उन्होंने बताया किः हम ऐसी दुनिया का सामना कर रहे हैं, जहां लोग खुद को उड़ाने के लिए तैयार हैं।",36.55,Medium,17,21,4
2428,there is radical extremism in the world that is hellbent and determined to try to kill people and blow people up and attack governments.,दुनिया में मूलतत्त्ववाद है जो नरकवाद है और लोगों को मारने और सरकारों पर हमला करने की कोशिश करने का दृढ़निश्‍चय ।,"दुनिया में कट्टरपंथी उग्रवाद है, जो लोगों को जान से मारने उन्हें उड़ा देने तथा सरकारों पर हमला करने के लिए कटिबद्ध है।",39.17,Medium,22,23,1
2429,so what if you were able to intercept that and stop it before it happens?,तो क्या होगा अगर आप उसे मना कर सकते हैं और उसके होने से पहले इसे रोक सकते हैं?,तो यदि आप इसे घटित होने से पहले रोकने में सक्षम हैं तो क्या परेशानी है?,32.81,Medium,19,16,3
2430,"we have actually prevented airplanes from going down, buildings from being blown up, and people from being assassinated because weve been able to learn ahead of time of the plans.","हमने सचमुच हवाई जहाज़ों को नीचे जाने से रोका है, इमारतों को हिलाकर रख दिया है, और लोगों को हत्या करने से रोका है क्योंकि हम योजना के समय से पहले सीख पाए हैं ।","हमने विमान को वास्तव में गिरने, इमारतों को ध्वस्त होने, तथा लोगों को हत्या किए जाने से बचाया है क्योंकि हम दूसरों की योजना के बारे में पहले से जानने में सक्षम रहे हैं।",39.26,Medium,35,34,1
2431,"meanwhile, u.s. lawmakers will head to europe to help address concerns abroad about alleged u.s. spying and convince the europeans of the need to continue joint antiterrorism efforts with the u.s., the chairman of a senate subcommittee on european affairs said on thursday.",uu.su. u. कानून बनानेवाले अन्य देशों के बारे में पता लगाने के लिए सिर हिलाते हैं। जासूसों को पता लगाने के लिए पता लगाने और यह यकीन दिलाने की आवश्यकता है कि यू. यू. एस.,"इस दौरान, गुरुवार को यूरोपीय मामलों की सीनेट उपसमिति के अध्यक्ष ने कहा कि तथाकथित यू.एस. जासूसी के बारे में विदेशों में चिंता का समाधान करने में सहायता करने के लिए यू.एस. के विधिनिर्माता यूरोप जाएंगे, तथा यूरोपीय देशों को यू.एस. के साथ संयुक्त रूप से भ्रष्टाचाररोधी प्रयासों को जारी रखने की आवश्यकता के बारे में समझाने का प्रयास करेंगे।",20.13,Medium,35,60,25
2432,senator chris murphy of connecticut said he spoke with european parliament members and others this week and is concerned about their threats to stop participating in antiterrorist organizations because of frustration over surveillance by the national security agency.,इस सप्ताह और अन्यों के साथ Mercutircirccututs ने कहा कि उन्होंने मूलतत्त्ववादी परिषदों और अन्यों के साथ बात की और उनके ख़तरों के बारे में चिंता की है कि राष्ट्रीय सुरक्षा संगठन द्वारा निगरानी पर प्रतिबंधों पर प्रतिबंध लगाने के कारण उनके खतरों को रोका जा रहा है।,कॉनेक्टीकट के सीनेटर क्रिस मर्फी ने कहा कि उन्होंने इस सप्ताह यूरोपियन संसद के सदस्यों तथा अन्य लोगों से बात की है तथा राष्ट्रीय सुरक्षा एजेन्सी द्वारा निगरानी को लेकर कुंठा के कारण आतंकवाद विरोधी संगठनों में उनके द्वारा सहभागिता रोके जाने की धमकियों को लेकर वे चिंतित हैं।,36.99,Medium,48,49,1
2433,"its really important for u.s. national security interests for europeans to stay on board with us with respect to our mutual antiterrorism endeavors, murphy, a firstterm democrat and chairman of the senate foreign relations subcommittee on european affairs, said in an interview from washington.",इसके वास्तव में यू. यू. एस. ए.,"डेमोक्रेट पार्टी के पहली बार चुने गए तथा यूरोपीय मामलों की सीनेट विदेशी सम्बन्ध उपसमिति के अध्यक्ष मर्फी ने, वाशिंगटन से साक्षात्कार में कहा, यू.एस. राष्ट्रीय सुरक्षा हितों के लिए यह वास्तव में महत्वपूर्ण है कि हमारे आतंकवादरोधी प्रयासों के संदर्भ में यूरोपीय देश हमारे साथ हों।",6.54,Bad,7,47,40
2434,"and im going to europe to make it clear to them that we need to continue to work together in combatting terrorism, notwithstanding their anger over these nsa programs.","और उन्हें यह स्पष्ट करने के लिए चलते हुए कि हमें आतंकवाद का विरोध करने में लगातार काम करते रहना है, जबकि उनके क्रोध इन Nama प्रोग्रामों पर उनके क्रोध के बावजूद, एक साथ काम करते रहने की ज़रूरत है ।","यूरोपीय देशों को यह स्पष्ट करने के लिए कि आतंकवाद से लड़ने के लिए हमें साथ मिलकर काम जारी रखने की आवश्यकता है, जो एन.एस.ए. कार्यक्रम के बारे में उनके गुस्से से प्रभावित नहीं होना चाहिए।",31.68,Medium,41,36,5
2435,"news reports that the nsa swept up millions of phone records in europe have frayed relations with some u.s. allies, though the agencys chief said this week that they were inaccurate and reflected a misunderstanding of metadata that nato allies collected and shared with the united states.",समाचार रिपोर्ट करती है कि एनाआ ने कुछ यू. एस. ए.,"एन.एस.ए. द्वारा यूरोप के लाखों फोन वार्तालाप को रिकॉर्ड करने की खबरों ने यू.एस. के कुछ सहयोगी देशों के साथ सम्बन्ध में कटुता लाया है, यद्यपि कि एजेन्सी के प्रमुख ने कहा कि ये खबरें पूरी तरह सही नहीं हैं, तथा नाटो सहयोगी राष्ट्रों द्वारा संगृहीत संयुक्त राष्ट्र के साथ साझा किए जाने वाले मेटाडेटा की गलतफहमी को दर्शाता है।",6.25,Bad,11,60,49
2436,other revelations cited documents leaked by snowden that the nsa monitored german chancellor angela merkels cellphone and those of up to 34 other world leaders.,"इसके अलावा, जिन दस्तावेज़ों का ज़िक्र किया गया है, उनमें बर्फ की वजह से बर्फ छा गयी है ।",स्नोडेन द्वारा लीक किए गए दस्तावेजों में अन्य प्रकटीकरणों से पता लगता है कि एन.एस.ए. ने जर्मन चांसलर एजेन्ला मर्कल समेत दुनिया के अन्य शीर्ष नेताओं के सेलफोन मॉनीटर किए हैं।,14.25,Bad,19,31,12
2437,"the national intelligence director, james clapper, defended spying on allies as necessary and said its commonplace on both sides.","राष्ट्रीय विवेकी निर्देशक, फरकिशर ने मित्रों के बारे में आवश्‍यक रूप से पूछताछ की और दोनों पक्षों पर इसकी सामान्य बात कही ।",राष्ट्रीय खुफिया निदेशक जेम्स क्लैपर ने सहयोगी देशों पर जासूसी करने की घटना का बचाव करते हुए उसे आवश्यक बताया तथा कहा कि दोनों पक्षों द्वारा ऐसा किया जाना आम बात है।,26.03,Medium,23,32,9
2438,"amid the uproar, murphy said his office is arranging the congressional trip, expected to take place this year, and hopes the delegation will include members of both parties and both chambers.",इस सम्मेलन में हाज़िर लोगों को यह उम्मीद रहती है कि वे दोनों पार्टी और दोनों कमरे के सदस्यों को शामिल करेंगे ।,"हंगामे के बीच, मर्फी ने कहा कि उनका कार्यालय कांग्रेस यात्रा की व्यवस्था कर रहा है जिसकी इस वर्ष होने की संभावना है, तथा उन्होंने उम्मीद जताई कि प्रतिनिधि मंडल में दोनों दलों तथा दोनों चैम्बर्स के सदस्य शामिल होंगे।",18.64,Bad,23,40,17
2439,names of other participating lawmakers were to be released in coming days.,दूसरे भागनेवालों के नाम आनेवाले दिनों में रिहा किए जाने थे ।,सहभागिता करने वाले अन्य विधिनिर्माताओं के नाम आने वाले दिनों में जारी किए जाएँगे।,42.58,Medium,12,14,2
2440,he said the itinerary is still being worked out.,उसने कहा कि सफ़री अब भी बाहर काम कर रहा है।,उन्होंने कहा कि यात्रा कार्यक्रम पर अभी भी काम किया जा रहा है।,25.47,Medium,11,13,2
2441,"while murphy said the purpose of the trip is to help improve relationships, he said some tough love will also be dispensed.","जबकि फ्यूफ ने कहा कि यात्रा का उद्देश्‍य है रिश्‍तों को सुधारने में मदद देना, उसने कहा कि कुछ कठिन प्रेम भी प्रदान किया जाएगा ।","जबकि मर्फी ने कहा कि यात्रा का उद्देश्य सम्बन्धों को बेहतर बनाना है, उन्होने कहा कि कुछ अव्यवहारिक सम्बन्धों का त्याग भी करना होगा।",37.59,Medium,26,24,2
2442,he said european leaders need to be honest with their own people about the kind of espionage programs theyve used for years themselves.,"उसने कहा कि अपने लोगों के साथ ईमानदार होने की ज़रूरत है कि वे उन कार्यक्रमों के बारे में जो सालों से इस्तेमाल किए गए हैं, ईमानदारी से पेश आएँ ।","उन्होंने कहा कि यूरोपीय नेताओं को अपने लोगों के साथ, वर्षों तक इस्तेमाल किए गए अपने जासूसी कार्यक्रमों के प्रति भी ईमानदार होना पड़ेगा।",46.4,Medium,31,24,7
2443,"while we can amend our surveillance programs to better protect the rights of europeans, they also need to come to terms with the fact that were not the only ones that are out there spying, murphy said.","जबकि हम अपने निगरानी कार्यक्रमों को सुधार कर सकते हैं... / मैं ... बेहतर अधिकारों की रक्षा करने के लिए, उन्हें इस तथ्य के साथ भी बात करने की ज़रूरत है कि केवल वे ही नहीं थे जो वहाँ जासूस हैं, Mrpy ने कहा.","मर्फी ने कहा, यद्यपि हम यूरोपीय लोगों के अधिकारों की बेहतर तरीके से रक्षा करने के लिए अपने निगरानी कार्यक्रम को संशोधित कर सकते हैं, लेकिन उन्हें भी इससे सहमत होने की आवश्यकता है कि एकमात्र हम ही नहीं हैं जो जासूसी कर रहे हैं।",42.5,Medium,44,45,1
2444,"meanwhile, mr kerry is scheduled to head this weekend to the middle east and poland to address rancor over u.s. strategies in the syria, egypt and iran as well as u.s. surveillance activities.","srrer Kerrry इस सप्ताहांत को मध्य पूर्व और पोकालैंड पर सिर करने के लिए नियत किया जाता है यू. यूरिया, ई. एस. व.","इस दौरान, इस सप्ताहांत में श्री कैरी के मिडिल ईस्ट और पोलैंड जाने का कार्यक्रम है, जहाँ वे सीरिया, मिस्र और ईरान में यू.एस. रणनीति से लेकर यू.एस. निगरानी क्रियाकलापों के बारे विद्वेष का समाधान करेंगे।",18.08,Bad,23,36,13
2445,new politics has begun following the changes in the boards of the municipal corporation.,इस निगम के बोर्ड पर किए गए परिवर्तनों के बाद नई राजनीति शुरू हो गई है.,नगरपालिकाओं में बोर्ड परिवर्तन करने की नई राजनीति शुरू हुई है।,47.7,Medium,16,11,5
2446,"recently, in the santhiya municipal corporations beerbhum district, due to the party change of legislators the congress led board changed to the trunamool board.","हाल ही में, कनेथिया गणराज्य में बियर बनाने के बड़े - बड़े विभागों ने इस समूह को बदल दिया ।",हाल ही में वीरभूम जिले के सांइथिया नगरपालिका में कांग्रेस नेतृत्व के बोर्ड पार्षदों के दल बदल के कारण तृणमूल का बोर्ड में परिवर्तित हो गया।,17.55,Bad,20,26,6
2447,"this change occurred because most of the legislators, including the chairman of the municipal corporation, joined trunamool.",यह बदलाव इसलिए हुआ क्योंकि ज़्यादातर मेड्रिड निगम के अध्यक्ष भी श्‍वेतमोदोल के साथ हो लिए थे ।,नगरपालिका के चेयरमैन सहित कांग्रेस के अधिकांश पार्षदों के तृणमूल में शामिल होने के कारण यह परिंवर्तन हुआ।,15.03,Bad,18,18,0
2448,"not only from congress, but some of the legislators from cpm, cpi, and forward block have also joined trunamool.","न सिर्फ़ सम्मेलन से, बल्कि सीपी, कैपी से कुछ पैरीटर, और आगे ब्लॉक में भी ट्रॉमोमोएल का साथ दिया गया है ।","केवल कांग्रेस के ही नहीं बल्कि माकपा, भाकपा व फारवर्ड ब्लाक के कुछ पार्षदों ने भी यहां तृणमूल का दमन थाम लिया है।",18.8,Bad,22,23,1
2449,the trinamool congress general secretary mukul roy admits it augurs well for the party.,यह पार्टी के लिए अच्छी तरह से लग रहा है।,तृणमूल कांग्रेस महासचिव मुकुल राय इसे पार्टी के लिए शुभ संकेत मानते हैं।,21.9,Medium,10,13,3
2450,"he said that the santhiya municipal corporation chairman, virendra parikh, and congress leader viplav dutta, along with 10 congress legislators, have joined trunamool.","उन्होंने कहा कि सिलिया के प्रशासनिक निगम के अध्यक्ष, वुल्फ्रा, और सम्मेलनी नेता वुल्लिलिस ने, साथ ही १० सम्मेलनीय अनुचरों के साथ, कैर्बीमोमोएल के साथ जुड़ गए हैं।",उनका कहना है कि सांइथिया नगरपालिका के चेयरमैन वीरेंद्र पारिख व कांग्रेस के नेता विप्लव दत्ता सहित कांग्रेस के पार्षद तृणमूल में शामिल हुए।,18.13,Bad,28,24,4
2451,some legislators from cpm and left front have also joined trunamool.,सीपी और बाईं ओर से कुछ पैर के साथ ट्रॉमोमोदोल भी जुड़ गए हैं.,माकपा सहित वाममोर्चा के कुछ पार्षदों ने भी तृणमूल का झंडा थाम लिया है।,13.43,Bad,14,14,0
2452,"all of them informed the district collector in writing, as required by the bengal municipal act, that they have joined trunamool and because of its majority the santhiya municipal corporation board will come under trunamool control.","उन सभी ने लिखित अभिलेख में उस ज़िले को सूचना दी, जैसा कि आम - तौर पर माना जाता है, कि वे ट्रॉटिनोडोल के साथ मिल गए हैं और उसके अधिकांश प्रांतीय महाद्वीपीय दल के कारण अतित्त्वीय नियंत्रण के अधीन आ जाएगा ।",सभी ने बंगाल म्यूनिसिपल एक्ट के तहत जिलाधिकारी को लिखित बताया है कि वे तृणमूल का हिस्सा बन गए हैं और संख्या बल के अनुसार सांइथिया नगरपालिका बोर्ड भी तृणमूल के नियंत्रण में आ गया है।,25.66,Medium,43,36,7
2453,"mr. rai also claimed that everyone agrees with the development template decided upon under the leadership of the chief minister, mamta banerjee.","मैं ने यह भी दावा किया कि सभी लोग मुख्य मंत्री, मैमीसाका प्रतिबंधक के नेतृत्व पर निर्णय के विकास टैम्प्लेट के साथ सहमत हैं।",श्री राय का यह भी दावा है कि मुख्यमंत्री ममता बनर्जी के नेतृत्व में बंगाल के विकास का जो खाका तय किया गया है उससे सभी सहमत हैं।,40.85,Medium,24,28,4
2454,"political leaders from congress, the cpm, the cpi, forward bloc and other political leaders are moving to join the trinamool congress.","सन्‌ 1948 में, सीपी और अन्य राजनैतिक नेताओं ने इस्रामोमोओल सम्मेलन में शामिल होने के लिए आगे बढ़ रहे हैं ।","कांग्रेस, माकपा, भाकपा, और फारवर्ड ब्लाक सहित अन्य दलों के नेता तृणमूल कांग्रेस में शामिल होने के लिए आगे बढ़ रहे हैं।",38.6,Medium,21,22,1
2455,appropriate leaders from any party are welcome to join trunamool.,किसी भी पार्टी के उचित नेताओं के स्वागत कर रहे हैं Cauomomol में शामिल होने के लिए।,किसी भी पार्टी के योग्य नेताओं का तृणमूल में स्वागत है।,46.33,Medium,17,11,6
2456,the control by trunamool of the santhilya municipal board due to the change of the party by congress legislators before the november 22nd elections to be held in 5 municipal corporations is considered as an important development in the political arena.,पाँच निगमों में आयोजित किए जाने से पहले पक्ष के परिवर्तनों द्वारा पार्टी की हत्या के नियंत्रण को राजनीतिक अखाड़ों में एक महत्त्वपूर्ण विकास समझा जाता है ।, नवंबर को होने वाले पांच नगरपालिकाओं के चुनाव से पहले सांइथिया नगरपालिका में कांग्रेस पार्षदों के दल बदल के कारण पालिका बोर्ड पर तृणमूल का कब्जा होने को राजनीतिक हलकों में अहम माना जा रहा है।,22.69,Medium,28,36,8
2457,before this the left frontruled haldia and congressruled nadia municipal boards had also come under the control of trunamool.,इस से पहले कि यह बचा था कसदी और न्यायदाता नेडिया के बोर्ड के नीचे भी ट्रॉमोोल के नियंत्रण में आए थे ।,इसके पहले वाममोर्चा शासित हल्दिया तथा नदिया में भी कांग्रेस शासित पालिका बोर्ड पर तृणमूल के कब्जा जमाने का उदाहरण है।,19.05,Bad,23,21,2
2458,"when the municipal boards in the district come under trunamool party control, due to the change of party, then the new members of the party are made very welcome in kolkata at the trunamool bhavan.","फिर पार्टी के परिवर्तन के कारण, जब ज़िला बोर्ड के नीचे आते हैं, तो पार्टी के नए सदस्यों का Comoma में बहुत स्वागत किया जाता है।",जिलों में नगरपालिका बोर्ड पर जब दल बदल के कारण तृणमूल का कब्जा होता है तो पार्टी में शामिल होने वालों को कोलकाता स्थित तृणमूल भवन में भव्य स्वागत होता है।,25.06,Medium,26,31,5
2459,trinamool congress general secretary mukul roy is excited about the leaders breaking away from other parties to join the trinamool party.,"""वोनामोदोल जनरल kukakokakakakakakako पार्टी में शामिल होने के लिए नेताओं के बारे में उत्साहित कर रहा है।",तृणमूल कांग्रेस महासचिव मुकुल राय अन्य दलों से टूट कर नेताओं के तृणमूल में शामिल होने को लेकर उत्साहित हैं।,31.49,Medium,17,20,3
2460,he said that leaders breaking away from any party were welcome to join trunamool.,उन्होंने कहा कि किसी भी पार्टी से पीछा छुड़ाने के लिए नेताओं का स्वागत किया जा रहा था Cacomol में शामिल होने के लिए।,उनका कहना है कि किसी भी पार्टी से टूट कर आने वालों का तृणमूल में स्वागत है।,36.41,Medium,24,17,7
2461,"he claims that the peoples trust in chief minister mamata banarjees leadership is increasing, and that this is the reason people are joining trunamool.",वह दावा करता है कि मुख्य मंत्री एमा में लोगों पर भरोसा किया जा रहा है।,उनका दावा है कि मुख्यमंत्री ममता बनर्जी के नेतृत्व में लोगों की आस्था बढ़ रही है जिसका नतीजा है कि लोग तृणमूल में शामिल होना चाहते हैं।,26.45,Medium,16,27,11
2462,the main opposition cpm is claiming that grassroots leaders of the other parties are being threatened and bullied.,मुख्य विरोध का दावा कर रहा है कि अन्य पार्टियों के घास - फूस के नेताओं को धमकी दी जा रही है और उन्हें तंग किया जा रहा है ।,हालांकि मुख्य विपक्षी पार्टी माकपा का कहना है कि अन्य पार्टियों के निचले स्तर के नेताओं को डरायाधमकाया जा रहा है।,46.69,Medium,30,21,9
2463,people are joining them due to the fear of trunamools threats.,लोग उनके साथ हिंसक बमों के डर के कारण जुड़े हुए हैं ।,तृणमूल कांग्रेस के आतंक से डर कर लोग उसमें शामिल हो रहे हैं।,19.96,Bad,13,13,0
2464,the change in the elected local boards is being considered as a blow to democracy by cpm.,चुना गया स्थानीय बोर्ड में परिवर्तन को सा. यु.,निर्वाचित स्थानीय निकायों के बोर्ड में परिवर्तन को माकपा लोकतंत्र पर आघात मान रही है।,33.74,Medium,9,15,6
2465,"it is a right of any party to increase their support base in a democracy but, there are obvious questions raised by changes of opinion on the accountability of power.","एक लोकतंत्र में अपने समर्थन को बढ़ाने के लिए किसी भी पार्टी का अधिकार है, लेकिन, शक्‍ति के जवाबदेही पर विचार करने के द्वारा स्पष्ट प्रश्‍न उठाए जाते हैं ।",लोकतांत्रिक तरीके से किसी भी पार्टी को अपना जनाधार बढ़ाने का अधिकार है लेकिन सत्ता के मद में मत परिवर्तन कराने के औचित्य पर सवाल उठना लाजिमी है।,36.13,Medium,30,28,2
2466,australian woman appeals thai jail time,अडिस्कियन महिला Carus जेल समय को आकर्षित करती है,ऑस्ट्रेलियाई महिला ने थाई कारावास अवधि के विरूद्ध अपील किया,13.74,Bad,9,10,1
2467,a 21yearold sydney woman sentenced to 15 days jail in phuket for falsely claiming she was assaulted by a taxi driver is appealing the verdict and has been granted bail.,21 साल की एक औरत को 15 दिन की जेल की सज़ा सुनायी गयी ।,"सिडनी की एक वर्षीय महिला को टैक्सी चालक पर हमले का गलत आरोप लगाने के लिए फुकेट में दिनों के कारावास की सजा सुनाई गई है, उसने इस निर्णय के विरूद्ध अपील किया है तथा उसे जमानत मिल गई है।",8.85,Bad,15,40,25
2468,"stevie rochelle bamford was initially found guilty by a phuket provincial court on june 15 of making false claims after telling thai police a local taxi driver, with two other men restraining her, carried out the assault in the early hours of sunday june 10.","एक स्थानीय टैक्सी ड्राइवर को बताने के बाद, दो अन्य पुरुषों ने उसे रोक दिया, और दिन - भर में युद्ध को पार कर लिया ।"," जून को फुकेट प्रांतीय न्यायालय ने स्टीवी रॉशेल बॉमफोर्ड को थाई पुलिस के ऊपर गलत आरोप लगाने का दोषी पाया, उसका आरोप था कि रविवार जून की सुबह एक स्थानीय टैक्सी चालक ने दो अन्य व्यक्तियों के साथ मिलकर उसे रोकने का प्रयास किया था।",20.47,Medium,26,45,19
2469,"however, cctv footage later revealed she had returned to her hotel safely after becoming separated from her australian boyfriend.","लेकिन बाद में, कैंट्‌लोच ने प्रकट किया कि बाद में वह अपने होटल लौट आयी थी, जब वह अपने उपासीय प्रेमी से अलग होने के बाद सुरक्षित रूप से अपने होटल में लौट आयी थी ।",लेकिन बाद में सी.सी.टी.वी. फुटेज से पता चला कि वह अपने ऑस्ट्रेलियाई ब्वॉय फ्रेंड से अलग होने के पश्चात सुरक्षित तरीके से होटल लौट आयी थी।,41.29,Medium,36,26,10
2470,phuket police interviewed bamford for two days before she confessed to fabricating the story.,उसने इस कहानी को झूठ साबित करने के लिए दो दिन तक बामफोर्ड का इंटरव्यू लिया ।,फुकेट पुलिस द्वारा दो दिन तक बैमफोर्ट से पूछताछ करने पर उसे कहानी गढ़ना स्वीकार किया।,27.45,Medium,17,16,1
2471,she was held in local police cells before the court hearing.,अदालत की सुनवाई से पहले उसे पुलिस की कोशिकाओं में रखा गया था ।,न्यायालय में सुनवाई से पहले उसे स्थानीय पुलिस कोठरी में रखा गया था।,52.23,Good,14,13,1
2472,bamford was sentenced to serve the 15day prison term at a low security detention centre on the outskirts of phuket rather than in an adult womens jail.,सन्‌ 15 दिन की जेल की सज़ा सुनायी गयी ।,बैमफोर्ड को वयस्क महिलाओं वाले कारागार के बजाय फुकेट के बाहरी क्षेत्र में कम सुरक्षा निरूद्धी केन्द्र में दिन के कारावास का दण्ड सुनाया गया।,7.14,Bad,10,25,15
2473,"she is the daughter of former australian league player peter tunks, who has appealed to the department of foreign affairs in canberra to assist his daughter.","वह अपनी बेटी की मदद करने के लिए, जररा में विदेशी मामलों के विभाग में अपील की है ।","वह भूतपूर्व ऑस्ट्रेलियाई लीग खिलाड़ी पीटर टुंक्स की बेटी है, जिन्होंने कैनबरा में विदेशी मामले विभाग से अपनी बेटी की सहायता करने के लिए निवेदन किया है।",31.62,Medium,19,27,8
2474,tunks told sydneys sunday telegraph the whole family was extremely concerned about his daughters welfare and wanted her back in australia.,उसने कहा कि वह अपनी बेटियों के कल्याण के बारे में बहुत ही चिन्तित थी और उसकी पीठ फूलिया में वापस चाहती थी ।,टुंक्स ने सिडनी के संडे टेलीग्राफ से कहा कि पूरा परिवार अपनी बेटी के देखभाल के बारे में अत्यधिक चिंतित है तथा वे उसे वापस ऑस्ट्रेलिया बुलाना चाहते हैं।,24.72,Medium,24,29,5
2475,"its obviously been a worrying time but were hopeful to have her back home safely as soon as possible, tunks said.",यह एक चिंता का समय था लेकिन जल्द - से - जल्द उसे घर वापस आने की उम्मीद थी ।,"टुंक्स ने कहा कि निःसंदेह यह हमारे लिए एक चिंताजनक समय रहा है, लेकिन हमें उम्मीद है कि वह जल्द से जल्द वापस घर पर होगी।",24.07,Medium,20,26,6
2476,"bamford is appealing the sentence and has been granted bail of 50,000 baht.","बर्मर्ड इस सज़ा को बहुत पसंद करता है और उसे 50,000 से भी ज़्यादा पैसे भी दिए जाते हैं ।","बैमफोड ने दण्ड आदेश के विरूद्ध अपील किया है, तथा , बहत पर जमानत मिल गई है।",12.54,Bad,20,17,3
2477,"reports in australia said that in the meantime, she was holidaying at the resort area of krabi in southern thailand.","उसने कहा कि इस दौरान, वह पश्‍चिम अफ्रीका के पश्‍चिम अफ्रीका के पश्‍चिमी इलाके में फूबी इलाके में छुट्टी कर रही थी ।",इस दौरान ऑस्ट्रेलिया में रिपोर्ट ने कहा कि वह दक्षिणी थाईलैण्ड में क्रैबी के छुट्टी मनाने वाली जगह पर छुट्टियां मना रही थी।,25.3,Medium,23,23,0
2478,thaibased legal sources said bamford was being represented by a local lawyer in phuket but warned that the appeal may lead to the court increasing her sentence by up to two years and forcing her to serve it in an adult prison.,उसने कहा कि यह निवेदन दो साल तक अदालत में किया जा सकता है और उसे एक वयस्क जेल में सेवा करने के लिए मजबूर कर देता है ।,"थाईलैण्ड स्थित विधिक स्रोतों ने कहा कि बैमफोर्ड का केस फुकेट में एक स्थानीय अधिवक्ता द्वारा लड़ा जा रहा था, लेकिन चेतावनी दी कि अपील के परिणामस्वरूप न्यायालय उसका दण्ड आदेश बढ़ाकर दो वर्ष तक कर सकता है तथा उसे वयस्क कारागार में रहने के लिए बाध्य कर सकता है।",17.75,Bad,29,50,21
2479,"however, following the recent murder of australian travel agent michelle smith in phuket, thailand may also be looking to repair its battered tourist image, leading to an acquittal.","लेकिन, हाल ही में एक प्रैसियन यात्रा की हत्या के बाद, क्रैप में तिबॉप के एजेंट मिपपपपप के पास, अपनी ध्वनि को ठीक करने की कोशिश भी की जा सकती है, जो एक कलंक की ओर ले जा रही है ।","वैसे हाल ही में फुकेट में ऑस्ट्रेलियाई ट्रैवेल एजेन्ट माइकल स्मिथ की हत्या के पश्चात, थाईलैण्ड भी अपने खराब पर्यटक छवि को सुधारने के प्रयास में दोषमुक्ति भी दे सकता है।",24.17,Medium,41,31,10
2480,"implicating bishnoi, the mp said that eating curma on one day at the home of a family from a particular community and publishing photos does not make you a supporter of the poor.","आम तौर पर, इस बात को लेकर परेशान लोगों ने कहा कि एक दिन एक परिवार के घर पर खाना खाना खाना खाने से किसी खास समुदाय के लोगों के घर पर आता है और वहाँ की तसवीरें देखना आपके लिए आसान नहीं होता ।",बिश्नोई पर कटाक्ष करते हुए सांसद ने कहा कि विशेष समुदाय के घर पर एक दिन चूरमा खाकर तस्वीरें छपवाने से कोई गरीबों का हितैषी नहीं हो जाता।,32.05,Medium,45,28,17
2481,"they go to various houses and eat curma three times a day, but never boast about it.","वे विभिन्‍न घरों में जाते हैं और दिन में तीन बार स्वस्थ खाना खाते हैं, लेकिन इसके बारे में कभी घमंड नहीं करते ।","वे दिन में तीन बार विभिन्न घरों में जाकर चूरमा खाते हैं, लेकिन इसका कभी प्रचार नहीं किया।",55.57,Good,24,18,6
2482,"the mp dipendra hooda from rohtak, in a meeting of the congress activists from the maham halake, said that the rally conducted on november 10th in gohana was very important for you and us.","Wakaks के एक बैठक में, hotaks कर्मचारियों की एक सभा में कहा था कि Para में सेना 10 बजे पर संचालित आप और हम के लिए बहुत महत्वपूर्ण था.",रोहतक के सांसद दीपेंद्र हुड्डा ने शुक्रवार को महम हलके के कांग्रेस कार्यकत्र्ताओं की बैठक लेते हुए कहा कि गोहाना में नवम्बर को होने वाली रैली आपके व हमारे लिए काफी महत्वपूर्ण है।,18.28,Bad,29,33,4
2483,the opposition will realise the strength of the government by the crowds that gather for the rally.,"विरोध उस भीड़ द्वारा जो सेना के लिए एकत्रित होती है, सरकार की शक्‍ति को जान लेगा ।",रैली में उमडऩे वाले जन सैलाब से मौजूदा सरकार की ताकत का अहसास विपक्ष को अपने आप हो जाएगा।,19.59,Bad,18,19,1
2484,prof. virendra and mla anand singh dangi also addressed the meeting.,"इस सभा के बारे में एक - दूसरे से बात करते वक्‍त, एक - दूसरे से बातचीत करते वक्‍त, एक - दूसरे से ज़ोर - शोर से बात करते थे ।",प्रो.वीरेंद्र और विधायक आनंद सिंह दांगी ने भी बैठक को संबोधित किया।,8.95,Bad,31,12,19
2485,"they handed over a list of 10,000 activists coming to the rally from different villages to the mla.","उन्होंने १०,००० कार्यकर्ता दलों की एक सूची दे दी, अलग गाँवों से लेकर चिला तक सेना में आ रहे हैं.",उन्होंने विभिन्न गांवों से रैली में पहुंचने वाले करीब दस हजार कार्यकत्र्ताओं की सूची भी सांसद को थमाई।,26.97,Medium,20,18,2
2486,"before the meeting the mla visited the covered shed in the grain market, the second water reservoir in maham, the national multitechnology institute building, the widening of the gohana lakhanjara maham bhiwani road along with the construction site of the maham four lane road flyover and ground preparation.","इस सभा से पहले कि मेम को अन्‍न बाज़ार में रखा गया, दूसरे जल - शैलों का निर्माण किया गया ।","बैठक से पहले सांसद ने अनाज मंडी के कवर्ड शैड, द्वितीय जलघर महम, राजकीय बहुतकनीकी संस्थान भवन, गोहानालाखनमाजरामहमभिवानी सड़क का चौड़ाकरण सहित महम में चार मार्गीय सड़क के निर्माण कार्यों का लोकार्पण व शिलान्यास किया।",14.57,Bad,21,35,14
2487,"the rural distrct president of congress, jaideep dhankhad, jagat kala, dharmbeer vakil, balaram dangi, vikas sisar, shamsher kharak, anil sharma, dr. sunil rangi, deepak gupta, dharamraj sarpanch, sadhu baba and nirmala rathi were also present at this event.","सम्मेलन के गाँव के राष्ट्रपति, झीगौग डांगा, डार्बबेर वीबा, ब्विस डांग, ब्केर, हज़हरा, डीमहर, डी. एन.","इस दौरान कांग्रेस के ग्रामीण जिला अध्यक्ष जयदीप धनखड़, जगत काला, धर्मबीर वकील, बलराम दांगी, विकास सीसर, शमशेर खरक, अनिल शर्मा, डॉ. सुनील रांगी, दीपक गुप्ता, धर्मराज सरपंच, साधु बाबा और निर्मला राठी मौजूद रहे।",10.91,Bad,16,35,19
2488,the fans of germanamerican model heidi klum were shocked at what she had done.,"उसने जो किया था, उस पर वह हैरान रह गयी ।",जर्मनअमेरिकन मॉडल हीदी क्लम ने जो किया उसे देखकर उनके प्रशंसक भी भौंचक्के रह गए हैं।,15.04,Bad,11,16,5
2489,"the heartthrob of many young men, heidi was seen in such a manner it was difficult to recognise her.",अनेक युवाओं का हृदय इस प्रकार देखा गया कि उसे पहचानना मुश्‍किल था ।,जवां दिलों की धडक़न हीदी नजर आईं इस अंदाज में कि उन्हें पहचान पाना ही मुश्किल था।,21.03,Medium,14,17,3
2490,the signs of ageing on her face and entire body were so dramatic that her fans were astonished when they first saw her.,उसके चेहरे और पूरे शरीर को देखकर उसके प्रशंसक आश्‍चर्यचकित हो गए जब उन्होंने उसे पहली बार देखा ।,उनके चेहरे और पूरे शरीर पर बुढ़ापे की निशानियां इसकदर मौजूद थीं कि एक झलक में तो चौंक ही गए उन्हें चाहने वाले।,27.63,Medium,19,23,4
2491,the occasion was a halloween party and heidi had dressed up in such a way that people who saw her were in shock and were also were very impressed by the amazing change she had undergone.,"उस वक्‍त वह एक पवित्र पार्टी थी और वह इस तरह कपड़े पहने हुए थी कि जो लोग उसे देखकर हैरान रह गए थे, वे भी उस शानदार बदलाव से प्रभावित हुए ।",मौका था हेलोवीन फेस्टिवल का और इस मौके पर हीदी ने ऐसा भेस बनाया कि वाकई लोग उन्हें हैरत से देख रहे थे और उनकी तारीफ भी कर रहे थे कि कमाल का चैंज किया उन्होंने।,15.7,Bad,33,36,3
2492,the pictures of the premature ageing of heidi are a hot topic on the internet and an oscar winning team of makeup artistes had given heidi this new look for the 14th halloween festival.,इन चित्रों की जानकारी इंटरनेट पर गर्म विषय है और बनावटी कलाकारों की एक टीम ने 14 वीं उन्‍नति पर्व के लिए दी थी ।,नेट पर उनके असमय बुढ़ापे की ये तस्वीरें चर्चा का विषय बनी हुई हैं और ऑस्कर विनिंग मेकअप टीम ने वें हेलोवीन समारोह में हीदी को ये नया रंगरूप दिया।,18.22,Bad,25,30,5
2493,this 40 year super model looked like an 80 or 90 year old and at the event she was wearing a skirt suit and it would not be wrong to say that her face and expression really looked old.,इस 40 साल का सुपरतम मॉडल एक 80 या 90 साल का था ।, साल की ये सुपर मॉडल की नजर आ रही थी और इस मौके पर उन्होंने स्कर्ट सूट कॉस्ट्यूम पहन रखी थी और उनके चेहरे व हाव भाव से बुढ़ापा टपक रहा था ऐसा कहा जाए तो गलत नहीं होगा।,8.28,Bad,14,39,25
2494,"indias richest businessmans wife, business woman nita ambani, is celebrating her 50th birthday on friday.","अविकृत अमीर व्यापारी अपनी पत्नी, व्यापार और नतातापन, फ्रा के दिन उसका 50वें जन्मदिन मनाते हैं।",भारत के सबसे धनी व्यवसायी की पत्नी बिजनेस वूमेन नीता अंबानी का शुक्रवार को वां जन्मदिन है।,24.13,Medium,16,17,1
2495,numerous spectacular arrangements were made to make the birthday a special occasion.,जन्मदिन का एक खास अवसर बनाने के लिए कई शानदार इंतज़ाम किए गए ।,जन्मदिन को खास बनाने के लिए तमाम तरह के राजसी इंतजाम किए गए है।,44.45,Medium,14,14,0
2496,jodhpur city was selected for the spectacular birthday party.,शानदार जन्मदिन की पार्टी के लिए शहर को चुना गया ।,जोधपुर शहर को जन्मदिन की शाही पार्टी के लिए चुना गया है।,56.63,Good,11,12,1
2497,"balsamand lake, about 11 kilometres from the famous umaid bhawan, was chosen as the venue.",भारत में सजग होइए!,उम्मैद भवन से करीब किलोमीटर दूर प्रसिद्ध बालसमंद झील का कार्यक्रम स्थल के तौर पर सजाया गया है।,3.62,Bad,4,18,14
2498,all the guests will join the lakshmi puja for the birthday party on friday.,सभी मेहमानों में जन्मदिन की पार्टी के लिए लाख़ा शामिल होंगे।,शुक्रवार को सभी मेहमान यहां जन्मदिन पर लक्ष्मी पूजा के लिए जुटेंगे।,36.02,Medium,11,12,1
2499,a dance program has also been organised after that.,एक नृत्य कार्यक्रम उसके बाद भी आयोजित किया गया है ।,इसके बाद एक डांस प्रोग्राम भी रखा गया है।,31.21,Medium,11,9,2
2500,this has been choreographed by the famous bollywood star vaibhai merchant.,यह मशहूर टेरिश स्टार व्लोरो व्यापारी द्वारा अनुवादित किया गया है ।,इसे मशहूर बॉलीवुड हस्ती वैभवी मर्चेट द्वारा कोरियोग्राफ किया गया है।,31.6,Medium,12,11,1
2501,it is being said that nita ambani and her daughter isha may also perform in this.,यह कहा जा रहा है कि नतातापन और उसकी बेटी भी इस में हो सकती है।,बताया जा रहा है कि नीता अंबानी और उनकी बेटी ईशा भी इसमें अपनी प्रस्तुती दे सकती है।,39.46,Medium,16,18,2
2502,"it is noteworthy that both nita and isha are professional, classical dancers.","यह गौर करने लायक बात है कि नता और नता पेशेवर, शास्त्रीय नृत्य करनेवाले दोनों पेशेवर हैं ।",गौरतलब है कि नीता और ईशा दोनों ही प्रोफेशनल क्लासिकल डांसर है।,24.21,Medium,18,12,6
2503,250 vips have been invited to this royal party.,250 लिंग्स इस शाही पार्टी में आमंत्रित किया गया है.,इस शाही पार्टी के लिए वीवीआईपी लोगों को भी आमंत्रित किया गया है।,52.34,Good,10,13,3
2504,"these include the jodhpur royal family and umaid bhavans owner, raja gajsingh ii and his family, and personalities from the business world along with tata, birla, mittal, and godrej.","इनमें से एक है, शाही परिवार और यूहाहावा के स्वामी, राघाधा और उसके परिवार के साथ व्यापार जगत, बिलाला, तिला, और देवताओं के साथ।","इनमें जोधपुर राजपरिवार और उम्मैद भवन के मालिक राजा गजसिंह द्वितीय और उनका परिवार, टाटा, बिरला, मित्तल, गोदरेज समेत बिजनेस जगत की खास हस्तियां शामिल हैं।",21.89,Medium,24,26,2
2505,"l.n. mittal, sachin tendulkar, and bollywood actors anil kapoor, aamir khan and a.r. rahman has already arrived in jodhpur on thursday evening.","L.n. metacent, caclocs, और homapamamam और एक gre. पुरुष पहले से ही lowagog पर आया है.","एल.एन.मित्तल, सचिन तेंदुलकर, फिल्म अभिनेता अनिल कपूर, आमिर खान, ए.आर.रहमान गुरुवार शाम ही जोधपुर पहुंचे गए।",6.49,Bad,16,16,0
2506,32 chartered planes have been booked to ferry the guests to and fro.,32 हवाई जहाज़ को मेहमानों के लिए रोज़ी - रोटी कमाने के लिए एक किताब दी गयी है ।,मेहमानों को लानेले जाने के लिए चार्टर्ड विमानों की व्यवस्था की गई है।,30.81,Medium,19,13,6
